rank,ticker,strategy_code,template_code,template_label,entry_rule,exit_mode,target_pct,stop_pct,holding_days,state_size,state_signature,feature_keys,m_trades,m_win_pct,m_avg_return_pct,m_profit_factor,m_take_profit,m_stop_loss,m1_trades,m1_win_pct,m1_avg_return_pct,m2_trades,m2_win_pct,m2_avg_return_pct,m3_trades,m3_win_pct,m3_avg_return_pct,v_trades,v_win_pct,v_avg_return_pct,v_profit_factor,o_trades,o_win_pct,o_avg_return_pct,o_profit_factor,wilson_ci95_lower_pct,binomial_p_mining,binomial_p_val,bootstrap_avg_return_lower_pct,bootstrap_avg_return_upper_pct,walk_forward_status,fdr_q_value,final_score,first_trade_date,last_trade_date
1,ALOS3,r10_swing_ALOS3_close_tp4_0_sl4_0_cap15__3f__close_vs_ema200=dn_5_10__close_vs_sma20=up_1_5__sma5_vs_sma20=up_1_5,close_tp4_0_sl4_0_cap15,close -> alvo 4% / stop 4% em ate 15 pregoes,close,target_stop_swing,4.0000,4.0000,15,3,Fechamento vs EMA200: abaixo forte; Fechamento vs MM20: acima leve; MM5 vs MM20: acima leve,"close_vs_ema200,close_vs_sma20,sma5_vs_sma20",32,93.7500,3.5000,15.0000,30,2,2,100.0000,4.0000,14,85.7143,2.8571,16,100.0000,4.0000,20,100.0000,4.0000,INF,0,0.0000,0.0000,0.0000,79.8525,3.72109e-07,3.87556e-06,2.7500,4.0000,PASSOU 2/2 (—/85%/100%),2.72006e-06,716.7801,2020-12-02,2025-02-13
2,ALOS3,r10_swing_ALOS3_close_tp4_0_sl4_0_cap20__3f__close_vs_ema200=dn_5_10__close_vs_sma20=up_1_5__sma5_vs_sma20=up_1_5,close_tp4_0_sl4_0_cap20,close -> alvo 4% / stop 4% em ate 20 pregoes,close,target_stop_swing,4.0000,4.0000,20,3,Fechamento vs EMA200: abaixo forte; Fechamento vs MM20: acima leve; MM5 vs MM20: acima leve,"close_vs_ema200,close_vs_sma20,sma5_vs_sma20",32,93.7500,3.5000,15.0000,30,2,2,100.0000,4.0000,14,85.7143,2.8571,16,100.0000,4.0000,20,100.0000,4.0000,INF,0,0.0000,0.0000,0.0000,79.8525,3.72109e-07,3.87556e-06,2.7500,4.0000,PASSOU 2/2 (—/85%/100%),2.72006e-06,716.7801,2020-12-02,2025-02-13
3,ALOS3,r10_swing_ALOS3_open_tp4_0_sl4_0_cap20__3f__month_of_year=q2__sma20_slope_5d=up_1_5__sma20_vs_sma50=up_1_5,open_tp4_0_sl4_0_cap20,open -> alvo 4% / stop 4% em ate 20 pregoes,open,target_stop_swing,4.0000,4.0000,20,3,Mes do ano (trimestre): segundo trimestre; Inclinacao da MM20 em 5D: acima leve; MM20 vs MM50: acima leve,"month_of_year,sma20_slope_5d,sma20_vs_sma50",48,87.5000,3.0000,7.0000,42,6,0,0.0000,0.0000,26,84.6154,2.7692,22,90.9091,3.2727,26,100.0000,4.0000,INF,12,0.0000,-4.0000,0.0000,75.2993,1.01921e-07,1.71006e-07,2.1667,3.6667,PASSOU 2/2 (—/84%/90%),1.08794e-06,699.7107,2021-04-09,2026-04-30
1,AXIA3,r10_swing_AXIA3_open_tp8_0_sl5_0_cap20__3f__close_vs_sma200=up_1_5__month_of_year=q1__sma5_vs_sma20=up_1_5,open_tp8_0_sl5_0_cap20,open -> alvo 8% / stop 5% em ate 20 pregoes,open,target_stop_swing,8.0000,5.0000,20,3,Fechamento vs MM200: acima leve; Mes do ano (trimestre): primeiro trimestre; MM5 vs MM20: acima leve,"close_vs_sma200,month_of_year,sma5_vs_sma20",30,93.3333,7.1333,22.4000,28,2,10,80.0000,5.4000,20,100.0000,8.0000,0,0.0000,0.0000,18,100.0000,8.0000,INF,0,0.0000,0.0000,0.0000,78.6762,1.0339e-06,1.10526e-05,5.8333,8.0000,PASSOU 2/2 (80%/100%/—),5.78033e-06,777.4172,2020-01-02,2025-03-06
2,AXIA3,r10_swing_AXIA3_open_tp4_0_sl4_0_cap15__3f__close_vs_sma200=up_1_5__drawdown_5d=dd_1_3__volume_spike_1d=very_low,open_tp4_0_sl4_0_cap15,open -> alvo 4% / stop 4% em ate 15 pregoes,open,target_stop_swing,4.0000,4.0000,15,3,Fechamento vs MM200: acima leve; Queda desde maxima 5D: 1% a 3% abaixo da maxima; Spike de volume vs maximo 5D: muito baixo,"close_vs_sma200,drawdown_5d,volume_spike_1d",38,94.7368,3.5789,18.0000,36,2,20,90.0000,3.2000,12,100.0000,4.0000,6,100.0000,4.0000,16,100.0000,4.0000,INF,0,0.0000,0.0000,0.0000,82.7142,1.74301e-08,3.1686e-05,2.9474,4.0000,PASSOU 3/3 (90%/100%/100%),2.95016e-07,725.8879,2018-05-07,2025-07-25
3,AXIA3,r10_swing_AXIA3_open_tp4_0_sl4_0_cap20__3f__close_vs_sma200=up_1_5__drawdown_5d=dd_1_3__volume_spike_1d=very_low,open_tp4_0_sl4_0_cap20,open -> alvo 4% / stop 4% em ate 20 pregoes,open,target_stop_swing,4.0000,4.0000,20,3,Fechamento vs MM200: acima leve; Queda desde maxima 5D: 1% a 3% abaixo da maxima; Spike de volume vs maximo 5D: muito baixo,"close_vs_sma200,drawdown_5d,volume_spike_1d",38,94.7368,3.5789,18.0000,36,2,20,90.0000,3.2000,12,100.0000,4.0000,6,100.0000,4.0000,16,100.0000,4.0000,INF,0,0.0000,0.0000,0.0000,82.7142,1.74301e-08,3.1686e-05,2.9474,4.0000,PASSOU 3/3 (90%/100%/100%),2.95016e-07,725.8879,2018-05-07,2025-07-25
1,AXIA6,r10_swing_AXIA6_open_tp8_0_sl5_0_cap20__3f__close_vs_sma200=near__rsi_14=neutral_high__sma5_vs_sma20=up_1_5,open_tp8_0_sl5_0_cap20,open -> alvo 8% / stop 5% em ate 20 pregoes,open,target_stop_swing,8.0000,5.0000,20,3,Fechamento vs MM200: perto do equilibrio; RSI 14 periodos: RSI neutro alto; MM5 vs MM20: acima leve,"close_vs_sma200,rsi_14,sma5_vs_sma20",34,94.1176,7.8799,INF,32,0,20,100.0000,8.0000,6,100.0000,8.0000,8,75.0000,7.4897,18,100.0000,8.0000,INF,0,0.0000,0.0000,0.0000,80.9061,1.34033e-07,1.10526e-05,7.6998,8.0000,PASSOU 3/3 (100%/100%/75%),1.26592e-06,799.0389,2019-12-17,2025-02-07
2,AXIA6,r10_swing_AXIA6_open_tp8_0_sl4_0_cap20__3f__close_vs_sma200=near__close_vs_sma50=up_1_5__rsi_14=neutral_high,open_tp8_0_sl4_0_cap20,open -> alvo 8% / stop 4% em ate 20 pregoes,open,target_stop_swing,8.0000,4.0000,20,3,Fechamento vs MM200: perto do equilibrio; Fechamento vs MM50: acima leve; RSI 14 periodos: RSI neutro alto,"close_vs_sma200,close_vs_sma50,rsi_14",30,93.3333,7.8639,INF,28,0,8,100.0000,8.0000,2,100.0000,8.0000,20,90.0000,7.7959,22,100.0000,8.0000,INF,0,0.0000,0.0000,0.0000,78.6762,1.0339e-06,1.36482e-06,7.6598,8.0000,PASSOU 2/2 (100%/—/90%),5.78033e-06,792.9845,2019-12-26,2025-02-13
3,AXIA6,r10_swing_AXIA6_open_tp8_0_sl5_0_cap20__3f__close_vs_sma200=near__close_vs_sma50=up_1_5__rsi_14=neutral_high,open_tp8_0_sl5_0_cap20,open -> alvo 8% / stop 5% em ate 20 pregoes,open,target_stop_swing,8.0000,5.0000,20,3,Fechamento vs MM200: perto do equilibrio; Fechamento vs MM50: acima leve; RSI 14 periodos: RSI neutro alto,"close_vs_sma200,close_vs_sma50,rsi_14",30,93.3333,7.8639,INF,28,0,8,100.0000,8.0000,2,100.0000,8.0000,20,90.0000,7.7959,22,100.0000,8.0000,INF,0,0.0000,0.0000,0.0000,78.6762,1.0339e-06,1.36482e-06,7.6598,8.0000,PASSOU 2/2 (100%/—/90%),5.78033e-06,792.9845,2019-12-26,2025-02-13
1,BBAS3,r10_swing_BBAS3_close_tp4_0_sl4_0_cap15__3f__close_vs_sma200=up_5_10__month_of_year=q1__prev_ret_20d=shock_up,close_tp4_0_sl4_0_cap15,close -> alvo 4% / stop 4% em ate 15 pregoes,close,target_stop_swing,4.0000,4.0000,15,3,Fechamento vs MM200: acima forte; Mes do ano (trimestre): primeiro trimestre; Retorno acumulado 20D: choque de alta,"close_vs_sma200,month_of_year,prev_ret_20d",32,100.0000,4.0000,INF,32,0,0,0.0000,0.0000,26,100.0000,4.0000,6,100.0000,4.0000,28,100.0000,4.0000,INF,8,100.0000,4.0000,INF,89.2817,7.73015e-09,6.07833e-08,4.0000,4.0000,PASSOU 2/2 (—/100%/100%),1.57101e-07,756.6816,2022-01-25,2026-02-06
2,BBAS3,r10_swing_BBAS3_open_tp6_0_sl4_0_cap15__3f__close_vs_ema200=up_5_10__prev_ret_20d=shock_up__rsi_14=high,open_tp6_0_sl4_0_cap15,open -> alvo 6% / stop 4% em ate 15 pregoes,open,target_stop_swing,6.0000,4.0000,15,3,Fechamento vs EMA200: acima forte; Retorno acumulado 20D: choque de alta; RSI 14 periodos: RSI alto,"close_vs_ema200,prev_ret_20d,rsi_14",40,90.0000,5.0000,13.5000,36,4,12,83.3333,4.3333,26,92.3077,5.2308,2,100.0000,6.0000,24,100.0000,6.0000,INF,6,100.0000,6.0000,INF,76.9479,2.10372e-07,4.82368e-07,4.0000,5.7500,PASSOU 2/2 (83%/92%/—),1.85637e-06,738.9381,2018-10-04,2026-01-27
3,BBAS3,r10_swing_BBAS3_open_tp6_0_sl4_0_cap20__3f__close_vs_ema200=up_5_10__prev_ret_20d=shock_up__rsi_14=high,open_tp6_0_sl4_0_cap20,open -> alvo 6% / stop 4% em ate 20 pregoes,open,target_stop_swing,6.0000,4.0000,20,3,Fechamento vs EMA200: acima forte; Retorno acumulado 20D: choque de alta; RSI 14 periodos: RSI alto,"close_vs_ema200,prev_ret_20d,rsi_14",40,90.0000,5.0000,13.5000,36,4,12,83.3333,4.3333,26,92.3077,5.2308,2,100.0000,6.0000,24,100.0000,6.0000,INF,6,100.0000,6.0000,INF,76.9479,2.10372e-07,4.82368e-07,4.0000,5.7500,PASSOU 2/2 (83%/92%/—),1.85637e-06,738.9381,2018-10-04,2026-01-27
1,BBDC3,r10_swing_BBDC3_open_tp4_0_sl4_0_cap20__3f__month_of_year=q2__range_position_20d=near_high__sma20_vs_sma50=up_1_5,open_tp4_0_sl4_0_cap20,open -> alvo 4% / stop 4% em ate 20 pregoes,open,target_stop_swing,4.0000,4.0000,20,3,Mes do ano (trimestre): segundo trimestre; Posicao no range 20D: fechou perto da maxima; MM20 vs MM50: acima leve,"month_of_year,range_position_20d,sma20_vs_sma50",52,84.6154,2.7692,5.5000,44,8,8,75.0000,2.0000,24,75.0000,2.0000,20,100.0000,4.0000,16,100.0000,4.0000,INF,0,0.0000,0.0000,0.0000,72.4757,2.98788e-07,3.1686e-05,2.0000,3.5385,PASSOU 3/3 (75%/75%/100%),2.34815e-06,687.5932,2019-06-21,2025-05-09
1,BBDC4,r10_swing_BBDC4_close_tp4_0_sl4_0_cap20__3f__close_vs_ema200=up_5_10__month_of_year=q2__sma5_vs_sma20=up_1_5,close_tp4_0_sl4_0_cap20,close -> alvo 4% / stop 4% em ate 20 pregoes,close,target_stop_swing,4.0000,4.0000,20,3,Fechamento vs EMA200: acima forte; Mes do ano (trimestre): segundo trimestre; MM5 vs MM20: acima leve,"close_vs_ema200,month_of_year,sma5_vs_sma20",34,88.2353,3.0588,7.5000,30,4,0,0.0000,0.0000,18,88.8889,3.1111,16,87.5000,3.0000,16,100.0000,4.0000,INF,0,0.0000,0.0000,0.0000,73.3788,4.12146e-06,3.1686e-05,2.1176,3.7647,PASSOU 2/2 (—/88%/87%),1.67511e-05,691.2433,2021-04-01,2025-05-06
2,BBDC4,r10_swing_BBDC4_open_tp4_0_sl4_0_cap20__3f__day_of_month_bucket=second_half__drawdown_10d=near_high__prev_ret_3d=up_3_5,open_tp4_0_sl4_0_cap20,open -> alvo 4% / stop 4% em ate 20 pregoes,open,target_stop_swing,4.0000,4.0000,20,3,Dia do mes (bucket): segunda metade; Queda desde maxima 10D: perto da maxima; Retorno acumulado 3D: alta de 3% a 5%,"day_of_month_bucket,drawdown_10d,prev_ret_3d",68,82.3529,2.5882,4.6667,56,12,32,93.7500,3.5000,28,71.4286,1.7143,8,75.0000,2.0000,18,100.0000,4.0000,INF,4,50.0000,0.0000,1.0000,71.6393,4.76687e-08,1.10526e-05,1.7647,3.2941,PASSOU 3/3 (93%/71%/75%),5.84958e-07,683.7577,2018-01-18,2026-02-23
3,BBDC4,r10_swing_BBDC4_close_tp4_0_sl4_0_cap20__3f__month_of_year=q4__rebound_5d=reb_1_3__rsi_14=neutral_low,close_tp4_0_sl4_0_cap20,close -> alvo 4% / stop 4% em ate 20 pregoes,close,target_stop_swing,4.0000,4.0000,20,3,Mes do ano (trimestre): quarto trimestre; Distancia desde minima 5D: 1% a 3% acima da minima; RSI 14 periodos: RSI neutro baixo,"month_of_year,rebound_5d,rsi_14",112,78.5714,2.4057,4.0618,88,22,38,89.4737,3.5115,56,71.4286,1.7143,18,77.7778,2.2222,20,100.0000,4.0000,INF,0,0.0000,0.0000,0.0000,70.0918,7.38589e-10,3.87556e-06,1.7999,2.9656,PASSOU 3/3 (89%/71%/77%),3.23645e-08,679.8972,2018-10-01,2025-12-29
1,BBSE3,r10_swing_BBSE3_close_tp4_0_sl4_0_cap20__3f__close_vs_ema200=up_1_5__rsi_14=neutral_high__sma20_vs_sma50=up_1_5,close_tp4_0_sl4_0_cap20,close -> alvo 4% / stop 4% em ate 20 pregoes,close,target_stop_swing,4.0000,4.0000,20,3,Fechamento vs EMA200: acima leve; RSI 14 periodos: RSI neutro alto; MM20 vs MM50: acima leve,"close_vs_ema200,rsi_14,sma20_vs_sma50",38,89.4737,3.8215,INF,34,0,22,100.0000,4.0000,0,0.0000,0.0000,16,75.0000,3.5762,18,100.0000,4.0000,INF,6,100.0000,4.0000,INF,75.8692,5.68336e-07,1.10526e-05,3.6100,3.9719,PASSOU 2/2 (100%/—/75%),3.85835e-06,711.2098,2018-10-18,2026-01-19
2,BBSE3,r10_swing_BBSE3_open_tp4_0_sl4_0_cap20__3f__close_vs_sma50=up_1_5__day_of_month_bucket=first_half__prev_ret_3d_z20=rel_soft_dn,open_tp4_0_sl4_0_cap20,open -> alvo 4% / stop 4% em ate 20 pregoes,open,target_stop_swing,4.0000,4.0000,20,3,Fechamento vs MM50: acima leve; Dia do mes (bucket): primeira metade; Retorno 3D em z-score 20D: levemente abaixo,"close_vs_sma50,day_of_month_bucket,prev_ret_3d_z20",30,86.6667,2.9333,6.5000,26,4,8,100.0000,4.0000,12,83.3333,2.6667,10,80.0000,2.4000,18,100.0000,4.0000,INF,6,33.3333,-1.3333,0.5000,70.3183,2.9532e-05,1.10526e-05,1.8667,3.7333,PASSOU 3/3 (100%/83%/80%),7.25605e-05,680.6107,2018-01-11,2026-04-15
1,BEEF3,r10_swing_BEEF3_close_tp4_0_sl4_0_cap10__3f__close_vs_ema200=up_5_10__close_vs_sma20=far_up__rsi_14=high,close_tp4_0_sl4_0_cap10,close -> alvo 4% / stop 4% em ate 10 pregoes,close,target_stop_swing,4.0000,4.0000,10,3,Fechamento vs EMA200: acima forte; Fechamento vs MM20: muito acima; RSI 14 periodos: RSI alto,"close_vs_ema200,close_vs_sma20,rsi_14",30,100.0000,4.0000,INF,30,0,0,0.0000,0.0000,18,100.0000,4.0000,12,100.0000,4.0000,16,100.0000,4.0000,INF,8,0.0000,-2.1600,0.0538,88.6483,2.16546e-08,3.1686e-05,4.0000,4.0000,PASSOU 2/2 (—/100%/100%),3.28966e-07,752.1110,2021-04-12,2026-01-29
2,BEEF3,r10_swing_BEEF3_close_tp4_0_sl4_0_cap15__3f__close_vs_ema200=up_5_10__close_vs_sma20=far_up__rsi_14=high,close_tp4_0_sl4_0_cap15,close -> alvo 4% / stop 4% em ate 15 pregoes,close,target_stop_swing,4.0000,4.0000,15,3,Fechamento vs EMA200: acima forte; Fechamento vs MM20: muito acima; RSI 14 periodos: RSI alto,"close_vs_ema200,close_vs_sma20,rsi_14",30,100.0000,4.0000,INF,30,0,0,0.0000,0.0000,18,100.0000,4.0000,12,100.0000,4.0000,16,100.0000,4.0000,INF,8,0.0000,-4.0000,0.0000,88.6483,2.16546e-08,3.1686e-05,4.0000,4.0000,PASSOU 2/2 (—/100%/100%),3.28966e-07,752.1110,2021-04-12,2026-01-29
3,BEEF3,r10_swing_BEEF3_close_tp4_0_sl4_0_cap20__3f__close_vs_ema200=up_5_10__close_vs_sma20=far_up__rsi_14=high,close_tp4_0_sl4_0_cap20,close -> alvo 4% / stop 4% em ate 20 pregoes,close,target_stop_swing,4.0000,4.0000,20,3,Fechamento vs EMA200: acima forte; Fechamento vs MM20: muito acima; RSI 14 periodos: RSI alto,"close_vs_ema200,close_vs_sma20,rsi_14",30,100.0000,4.0000,INF,30,0,0,0.0000,0.0000,18,100.0000,4.0000,12,100.0000,4.0000,16,100.0000,4.0000,INF,8,0.0000,-4.0000,0.0000,88.6483,2.16546e-08,3.1686e-05,4.0000,4.0000,PASSOU 2/2 (—/100%/100%),3.28966e-07,752.1110,2021-04-12,2026-01-29
1,BPAC11,r10_swing_BPAC11_open_tp4_0_sl4_0_cap20__3f__day_of_month_bucket=first_half__sma50_slope_20d=up_1_5__volume_ratio_5v20=low,open_tp4_0_sl4_0_cap20,open -> alvo 4% / stop 4% em ate 20 pregoes,open,target_stop_swing,4.0000,4.0000,20,3,Dia do mes (bucket): primeira metade; Inclinacao da MM50 em 20D: acima leve; Volume 5D vs 20D: baixo,"day_of_month_bucket,sma50_slope_20d,volume_ratio_5v20",60,90.0000,3.4031,13.7616,54,4,18,88.8889,3.1111,4,100.0000,4.0000,38,89.4737,3.4786,16,100.0000,4.0000,INF,0,0.0000,0.0000,0.0000,79.8503,2.89339e-10,3.1686e-05,2.8698,3.8667,PASSOU 3/3 (88%/100%/89%),1.62289e-08,716.6754,2018-02-08,2025-11-10
2,BPAC11,r10_swing_BPAC11_open_tp4_0_sl4_0_cap15__3f__day_of_month_bucket=first_half__sma50_slope_20d=up_1_5__volume_ratio_5v20=low,open_tp4_0_sl4_0_cap15,open -> alvo 4% / stop 4% em ate 15 pregoes,open,target_stop_swing,4.0000,4.0000,15,3,Dia do mes (bucket): primeira metade; Inclinacao da MM50 em 20D: acima leve; Volume 5D vs 20D: baixo,"day_of_month_bucket,sma50_slope_20d,volume_ratio_5v20",60,90.0000,3.3816,13.6808,54,4,18,88.8889,3.1111,4,100.0000,4.0000,38,89.4737,3.4446,16,100.0000,4.0000,INF,0,0.0000,0.0000,0.0000,79.8503,2.89339e-10,3.1686e-05,2.8482,3.8667,PASSOU 3/3 (88%/100%/89%),1.62289e-08,716.5026,2018-02-08,2025-11-10
3,BPAC11,r10_swing_BPAC11_open_tp4_0_sl4_0_cap10__3f__day_of_month_bucket=first_half__sma50_slope_20d=up_1_5__volume_ratio_5v20=low,open_tp4_0_sl4_0_cap10,open -> alvo 4% / stop 4% em ate 10 pregoes,open,target_stop_swing,4.0000,4.0000,10,3,Dia do mes (bucket): primeira metade; Inclinacao da MM50 em 20D: acima leve; Volume 5D vs 20D: baixo,"day_of_month_bucket,sma50_slope_20d,volume_ratio_5v20",60,90.0000,3.3169,12.7172,54,4,18,88.8889,3.1111,4,100.0000,4.0000,38,89.4737,3.3425,16,100.0000,4.0000,INF,0,0.0000,0.0000,0.0000,79.8503,2.89339e-10,3.1686e-05,2.7672,3.7918,PASSOU 3/3 (88%/100%/89%),1.62289e-08,715.8546,2018-02-08,2025-11-10
1,BRAP4,r10_swing_BRAP4_close_tp8_0_sl5_0_cap20__3f__month_of_year=q4__sma20_slope_5d=up_1_5__sma50_slope_10d=up_5_10,close_tp8_0_sl5_0_cap20,close -> alvo 8% / stop 5% em ate 20 pregoes,close,target_stop_swing,8.0000,5.0000,20,3,Mes do ano (trimestre): quarto trimestre; Inclinacao da MM20 em 5D: acima leve; Inclinacao da MM50 em 10D: acima forte,"month_of_year,sma20_slope_5d,sma50_slope_10d",40,85.0000,7.0855,29.3418,34,2,6,100.0000,8.0000,34,82.3529,6.9241,0,0.0000,0.0000,16,100.0000,8.0000,INF,0,0.0000,0.0000,0.0000,70.9274,4.77748e-06,3.1686e-05,6.1020,7.8677,PASSOU 2/2 (100%/82%/—),1.81218e-05,755.7643,2020-12-28,2025-12-30
2,BRAP4,r10_swing_BRAP4_close_tp6_0_sl4_0_cap20__3f__close_vs_ema200=far_dn__prev_ret_10d=dn_5_8__range_position_20d=near_low,close_tp6_0_sl4_0_cap20,close -> alvo 6% / stop 4% em ate 20 pregoes,close,target_stop_swing,6.0000,4.0000,20,3,Fechamento vs EMA200: muito abaixo; Retorno acumulado 10D: queda de 5% a 8%; Posicao no range 20D: fechou perto da minima,"close_vs_ema200,prev_ret_10d,range_position_20d",34,94.1176,5.4118,24.0000,32,2,4,100.0000,6.0000,4,100.0000,6.0000,26,92.3077,5.2308,16,100.0000,6.0000,INF,0,0.0000,0.0000,0.0000,80.9061,1.34033e-07,3.1686e-05,4.5294,6.0000,PASSOU 3/3 (100%/100%/92%),1.26592e-06,753.1196,2019-08-23,2025-01-14
3,BRAP4,r10_swing_BRAP4_open_tp8_0_sl5_0_cap20__3f__month_of_year=q4__sma20_vs_sma50=up_1_5__vol_ratio_5v20=high,open_tp8_0_sl5_0_cap20,open -> alvo 8% / stop 5% em ate 20 pregoes,open,target_stop_swing,8.0000,5.0000,20,3,Mes do ano (trimestre): quarto trimestre; MM20 vs MM50: acima leve; Volatilidade 5D vs 20D: alto,"month_of_year,sma20_vs_sma50,vol_ratio_5v20",42,95.2381,7.3810,32.0000,40,2,28,100.0000,8.0000,14,85.7143,6.1429,0,0.0000,0.0000,32,87.5000,7.8640,INF,0,0.0000,0.0000,0.0000,84.2099,2.27306e-09,1.10526e-05,6.4524,8.0000,PASSOU 2/2 (100%/85%/—),7.03535e-08,750.3714,2018-10-26,2025-11-11
1,BRAV3,r10_swing_BRAV3_open_tp6_0_sl4_0_cap20__3f__days_to_options_expiry=far__sma20_vs_sma50=dn_5_10__sma50_slope_10d=dn_5_10,open_tp6_0_sl4_0_cap20,open -> alvo 6% / stop 4% em ate 20 pregoes,open,target_stop_swing,6.0000,4.0000,20,3,Dias ate vencimento de opcoes B3: vencimento distante; MM20 vs MM50: abaixo forte; Inclinacao da MM50 em 10D: abaixo forte,"days_to_options_expiry,sma20_vs_sma50,sma50_slope_10d",48,83.3333,4.3333,7.5000,40,8,0,0.0000,0.0000,18,88.8889,4.8889,30,80.0000,4.0000,26,84.6154,4.4615,8.2500,0,0.0000,0.0000,0.0000,70.4219,1.93185e-06,0.000207751,3.0833,5.3750,PASSOU 2/2 (—/88%/80%),8.92665e-06,635.4879,2021-09-20,2025-12-08
2,BRAV3,r10_swing_BRAV3_open_tp6_0_sl4_0_cap15__3f__days_to_options_expiry=far__sma20_vs_sma50=dn_5_10__sma50_slope_10d=dn_5_10,open_tp6_0_sl4_0_cap15,open -> alvo 6% / stop 4% em ate 15 pregoes,open,target_stop_swing,6.0000,4.0000,15,3,Dias ate vencimento de opcoes B3: vencimento distante; MM20 vs MM50: abaixo forte; Inclinacao da MM50 em 10D: abaixo forte,"days_to_options_expiry,sma20_vs_sma50,sma50_slope_10d",48,83.3333,4.3333,7.5000,40,8,0,0.0000,0.0000,18,88.8889,4.8889,30,80.0000,4.0000,26,76.9231,4.4952,14.2465,0,0.0000,0.0000,0.0000,70.4219,1.93185e-06,0.00301983,3.0833,5.3750,PASSOU 2/2 (—/88%/80%),8.92665e-06,605.0557,2021-09-20,2025-12-08
1,CMIG4,r10_swing_CMIG4_close_tp6_0_sl4_0_cap20__3f__positive_days_10d=strong__rsi_14=neutral_low__sma20_vs_sma50=dn_1_5,close_tp6_0_sl4_0_cap20,close -> alvo 6% / stop 4% em ate 20 pregoes,close,target_stop_swing,6.0000,4.0000,20,3,Dias positivos nos ultimos 10 pregoes: 6 a 7 dias positivos em 10D; RSI 14 periodos: RSI neutro baixo; MM20 vs MM50: abaixo leve,"positive_days_10d,rsi_14,sma20_vs_sma50",36,94.4444,5.4444,25.5000,34,2,4,100.0000,6.0000,10,80.0000,4.0000,22,100.0000,6.0000,16,100.0000,6.0000,INF,0,0.0000,0.0000,0.0000,81.8550,4.83165e-08,3.1686e-05,4.6111,6.0000,PASSOU 3/3 (100%/80%/100%),5.84958e-07,756.6199,2018-01-09,2025-04-22
2,CMIG4,r10_swing_CMIG4_open_tp4_0_sl4_0_cap15__3f__close_vs_sma200=dn_1_5__close_vs_sma5=near__sma20_slope_5d=dn_1_5,open_tp4_0_sl4_0_cap15,open -> alvo 4% / stop 4% em ate 15 pregoes,open,target_stop_swing,4.0000,4.0000,15,3,Fechamento vs MM200: abaixo leve; Fechamento vs MM5: perto do equilibrio; Inclinacao da MM20 em 5D: abaixo leve,"close_vs_sma200,close_vs_sma5,sma20_slope_5d",30,100.0000,4.0000,INF,30,0,8,100.0000,4.0000,0,0.0000,0.0000,22,100.0000,4.0000,16,100.0000,4.0000,INF,0,0.0000,0.0000,0.0000,88.6483,2.16546e-08,3.1686e-05,4.0000,4.0000,PASSOU 2/2 (100%/—/100%),3.28966e-07,752.1110,2018-09-21,2025-04-23
3,CMIG4,r10_swing_CMIG4_close_tp6_0_sl4_0_cap20__3f__close_vs_ema200=dn_1_5__days_since_options_expiry=far__vol_ratio_5v20=very_low,close_tp6_0_sl4_0_cap20,close -> alvo 6% / stop 4% em ate 20 pregoes,close,target_stop_swing,6.0000,4.0000,20,3,Fechamento vs EMA200: abaixo leve; Dias desde vencimento de opcoes B3: muito apos vencimento; Volatilidade 5D vs 20D: muito baixo,"close_vs_ema200,days_since_options_expiry,vol_ratio_5v20",40,90.0000,5.0000,13.5000,36,4,26,84.6154,4.4615,2,100.0000,6.0000,12,100.0000,6.0000,20,100.0000,6.0000,INF,0,0.0000,0.0000,0.0000,76.9479,2.10372e-07,3.87556e-06,4.0000,5.7500,PASSOU 2/2 (84%/—/100%),1.85637e-06,738.0663,2018-08-30,2025-04-14
1,CMIN3,r10_swing_CMIN3_open_tp8_0_sl4_0_cap20__3f__close_vs_sma200=near__close_vs_sma5=near__vol_ratio_5v20=very_low,open_tp8_0_sl4_0_cap20,open -> alvo 8% / stop 4% em ate 20 pregoes,open,target_stop_swing,8.0000,4.0000,20,3,Fechamento vs MM200: perto do equilibrio; Fechamento vs MM5: perto do equilibrio; Volatilidade 5D vs 20D: muito baixo,"close_vs_sma200,close_vs_sma5,vol_ratio_5v20",34,94.1176,7.2941,32.0000,32,2,0,0.0000,0.0000,4,100.0000,8.0000,30,93.3333,7.2000,16,100.0000,8.0000,INF,0,0.0000,0.0000,0.0000,80.9061,1.34033e-07,3.1686e-05,6.2353,8.0000,PASSOU 2/2 (—/100%/93%),1.26592e-06,786.7668,2022-12-07,2025-09-19
2,CMIN3,r10_swing_CMIN3_open_tp8_0_sl5_0_cap20__3f__close_vs_sma200=near__close_vs_sma5=near__vol_ratio_5v20=very_low,open_tp8_0_sl5_0_cap20,open -> alvo 8% / stop 5% em ate 20 pregoes,open,target_stop_swing,8.0000,5.0000,20,3,Fechamento vs MM200: perto do equilibrio; Fechamento vs MM5: perto do equilibrio; Volatilidade 5D vs 20D: muito baixo,"close_vs_sma200,close_vs_sma5,vol_ratio_5v20",34,94.1176,7.2353,25.6000,32,2,0,0.0000,0.0000,4,100.0000,8.0000,30,93.3333,7.1333,16,100.0000,8.0000,INF,0,0.0000,0.0000,0.0000,80.9061,1.34033e-07,3.1686e-05,6.0882,8.0000,PASSOU 2/2 (—/100%/93%),1.26592e-06,785.5900,2022-12-07,2025-09-19
3,CMIN3,r10_swing_CMIN3_open_tp6_0_sl4_0_cap20__3f__close_vs_sma200=near__close_vs_sma5=near__vol_ratio_5v20=very_low,open_tp6_0_sl4_0_cap20,open -> alvo 6% / stop 4% em ate 20 pregoes,open,target_stop_swing,6.0000,4.0000,20,3,Fechamento vs MM200: perto do equilibrio; Fechamento vs MM5: perto do equilibrio; Volatilidade 5D vs 20D: muito baixo,"close_vs_sma200,close_vs_sma5,vol_ratio_5v20",34,94.1176,5.4118,24.0000,32,2,0,0.0000,0.0000,4,100.0000,6.0000,30,93.3333,5.3333,16,100.0000,6.0000,INF,0,0.0000,0.0000,0.0000,80.9061,1.34033e-07,3.1686e-05,4.5294,6.0000,PASSOU 2/2 (—/100%/93%),1.26592e-06,753.1196,2022-12-07,2025-09-19
1,CPFE3,r10_swing_CPFE3_open_tp6_0_sl4_0_cap20__3f__close_vs_sma200=up_5_10__close_vs_sma50=up_5_10__rsi_14=high,open_tp6_0_sl4_0_cap20,open -> alvo 6% / stop 4% em ate 20 pregoes,open,target_stop_swing,6.0000,4.0000,20,3,Fechamento vs MM200: acima forte; Fechamento vs MM50: acima forte; RSI 14 periodos: RSI alto,"close_vs_sma200,close_vs_sma50,rsi_14",32,87.5000,4.7500,10.5000,28,4,20,100.0000,6.0000,10,80.0000,4.0000,2,0.0000,-4.0000,16,100.0000,6.0000,INF,0,0.0000,0.0000,0.0000,71.9314,1.10526e-05,3.1686e-05,3.5000,5.6875,PASSOU 2/2 (100%/80%/—),3.494e-05,717.9603,2018-09-06,2025-11-03
2,CPFE3,r10_swing_CPFE3_close_tp6_0_sl4_0_cap20__3f__close_vs_sma200=up_5_10__close_vs_sma50=up_5_10__rsi_14=high,close_tp6_0_sl4_0_cap20,close -> alvo 6% / stop 4% em ate 20 pregoes,close,target_stop_swing,6.0000,4.0000,20,3,Fechamento vs MM200: acima forte; Fechamento vs MM50: acima forte; RSI 14 periodos: RSI alto,"close_vs_sma200,close_vs_sma50,rsi_14",32,87.5000,4.7500,10.5000,28,4,20,100.0000,6.0000,10,80.0000,4.0000,2,0.0000,-4.0000,16,100.0000,6.0000,INF,0,0.0000,0.0000,0.0000,71.9314,1.10526e-05,3.1686e-05,3.5000,5.6875,PASSOU 2/2 (100%/80%/—),3.494e-05,717.9603,2018-09-05,2025-10-31
3,CPFE3,r10_swing_CPFE3_close_tp4_0_sl4_0_cap20__3f__month_of_year=q4__sma20_slope_5d=up_1_5__volume_ratio_5v20=normal,close_tp4_0_sl4_0_cap20,close -> alvo 4% / stop 4% em ate 20 pregoes,close,target_stop_swing,4.0000,4.0000,20,3,Mes do ano (trimestre): quarto trimestre; Inclinacao da MM20 em 5D: acima leve; Volume 5D vs 20D: normal,"month_of_year,sma20_slope_5d,volume_ratio_5v20",48,91.6667,3.3333,11.0000,44,4,30,86.6667,2.9333,0,0.0000,0.0000,18,100.0000,4.0000,16,100.0000,4.0000,INF,0,0.0000,0.0000,0.0000,80.4464,3.89385e-09,3.1686e-05,2.6667,3.8333,PASSOU 2/2 (86%/—/100%),9.91548e-08,716.8389,2018-10-03,2025-12-15
1,CPLE3,r10_swing_CPLE3_close_tp4_0_sl4_0_cap20__3f__month_of_year=q3__rsi_14=neutral_low__sma20_vs_sma50=dn_1_5,close_tp4_0_sl4_0_cap20,close -> alvo 4% / stop 4% em ate 20 pregoes,close,target_stop_swing,4.0000,4.0000,20,3,Mes do ano (trimestre): terceiro trimestre; RSI 14 periodos: RSI neutro baixo; MM20 vs MM50: abaixo leve,"month_of_year,rsi_14,sma20_vs_sma50",44,95.4545,3.6364,21.0000,42,2,34,94.1176,3.5294,10,100.0000,4.0000,0,0.0000,0.0000,16,100.0000,4.0000,INF,0,0.0000,0.0000,0.0000,84.8647,8.21642e-10,3.1686e-05,3.0909,4.0000,PASSOU 2/2 (94%/100%/—),3.39391e-08,733.4874,2018-07-10,2025-08-05
2,CPLE3,r10_swing_CPLE3_open_tp4_0_sl4_0_cap20__3f__month_of_year=q3__rsi_14=neutral_low__sma20_vs_sma50=dn_1_5,open_tp4_0_sl4_0_cap20,open -> alvo 4% / stop 4% em ate 20 pregoes,open,target_stop_swing,4.0000,4.0000,20,3,Mes do ano (trimestre): terceiro trimestre; RSI 14 periodos: RSI neutro baixo; MM20 vs MM50: abaixo leve,"month_of_year,rsi_14,sma20_vs_sma50",44,90.9091,3.2727,10.0000,40,4,34,88.2353,3.0588,10,100.0000,4.0000,0,0.0000,0.0000,16,100.0000,4.0000,INF,0,0.0000,0.0000,0.0000,78.8405,2.86883e-08,3.1686e-05,2.5455,4.0000,PASSOU 2/2 (88%/100%/—),4.15874e-07,711.0516,2018-07-11,2025-08-06
1,CSMG3,r10_swing_CSMG3_open_tp4_0_sl4_0_cap15__3f__month_of_year=q1__rsi_14=neutral_low__sma50_slope_20d=dn_1_5,open_tp4_0_sl4_0_cap15,open -> alvo 4% / stop 4% em ate 15 pregoes,open,target_stop_swing,4.0000,4.0000,15,3,Mes do ano (trimestre): primeiro trimestre; RSI 14 periodos: RSI neutro baixo; Inclinacao da MM50 em 20D: abaixo leve,"month_of_year,rsi_14,sma50_slope_20d",48,95.8333,3.6667,23.0000,46,2,0,0.0000,0.0000,32,93.7500,3.5000,16,100.0000,4.0000,18,100.0000,4.0000,INF,0,0.0000,0.0000,0.0000,86.0241,1.07544e-10,1.10526e-05,3.1667,4.0000,PASSOU 2/2 (—/93%/100%),7.85753e-09,738.1281,2021-03-10,2025-02-28
2,CSMG3,r10_swing_CSMG3_open_tp4_0_sl4_0_cap15__3f__month_of_year=q1__sma50_slope_20d=dn_1_5__volume_ratio_20d=very_low,open_tp4_0_sl4_0_cap15,open -> alvo 4% / stop 4% em ate 15 pregoes,open,target_stop_swing,4.0000,4.0000,15,3,Mes do ano (trimestre): primeiro trimestre; Inclinacao da MM50 em 20D: abaixo leve; Volume vs media 20D: muito baixo,"month_of_year,sma50_slope_20d,volume_ratio_20d",48,95.8333,3.6667,23.0000,46,2,0,0.0000,0.0000,30,93.3333,3.4667,18,100.0000,4.0000,18,100.0000,4.0000,INF,0,0.0000,0.0000,0.0000,86.0241,1.07544e-10,1.10526e-05,3.1667,4.0000,PASSOU 2/2 (—/93%/100%),7.85753e-09,738.1281,2021-03-23,2025-02-26
3,CSMG3,r10_swing_CSMG3_open_tp4_0_sl4_0_cap20__3f__month_of_year=q1__rsi_14=neutral_low__sma50_slope_20d=dn_1_5,open_tp4_0_sl4_0_cap20,open -> alvo 4% / stop 4% em ate 20 pregoes,open,target_stop_swing,4.0000,4.0000,20,3,Mes do ano (trimestre): primeiro trimestre; RSI 14 periodos: RSI neutro baixo; Inclinacao da MM50 em 20D: abaixo leve,"month_of_year,rsi_14,sma50_slope_20d",48,95.8333,3.6667,23.0000,46,2,0,0.0000,0.0000,32,93.7500,3.5000,16,100.0000,4.0000,18,100.0000,4.0000,INF,0,0.0000,0.0000,0.0000,86.0241,1.07544e-10,1.10526e-05,3.1667,4.0000,PASSOU 2/2 (—/93%/100%),7.85753e-09,738.1281,2021-03-10,2025-02-28
1,CURY3,r10_swing_CURY3_close_tp4_0_sl4_0_cap15__3f__close_vs_ema200=far_up__days_since_options_expiry=settled__sma50_slope_10d=near,close_tp4_0_sl4_0_cap15,close -> alvo 4% / stop 4% em ate 15 pregoes,close,target_stop_swing,4.0000,4.0000,15,3,Fechamento vs EMA200: muito acima; Dias desde vencimento de opcoes B3: ja distante do vencimento; Inclinacao da MM50 em 10D: perto do equilibrio,"close_vs_ema200,days_since_options_expiry,sma50_slope_10d",88,86.3636,2.9091,6.3333,76,12,0,0.0000,0.0000,10,100.0000,4.0000,78,84.6154,2.7692,20,100.0000,4.0000,INF,10,100.0000,4.0000,INF,77.6611,4.5024e-12,3.87556e-06,2.3636,3.4545,PASSOU 2/2 (—/100%/84%),8.05137e-10,707.1147,2022-12-20,2026-01-26
2,CURY3,r10_swing_CURY3_close_tp4_0_sl4_0_cap20__3f__close_vs_ema200=far_up__days_since_options_expiry=settled__sma50_slope_10d=near,close_tp4_0_sl4_0_cap20,close -> alvo 4% / stop 4% em ate 20 pregoes,close,target_stop_swing,4.0000,4.0000,20,3,Fechamento vs EMA200: muito acima; Dias desde vencimento de opcoes B3: ja distante do vencimento; Inclinacao da MM50 em 10D: perto do equilibrio,"close_vs_ema200,days_since_options_expiry,sma50_slope_10d",88,86.3636,2.9091,6.3333,76,12,0,0.0000,0.0000,10,100.0000,4.0000,78,84.6154,2.7692,20,100.0000,4.0000,INF,10,100.0000,4.0000,INF,77.6611,4.5024e-12,3.87556e-06,2.3636,3.4545,PASSOU 2/2 (—/100%/84%),8.05137e-10,707.1147,2022-12-20,2026-01-26
3,CURY3,r10_swing_CURY3_close_tp4_0_sl4_0_cap10__3f__bb_position_20=lower_band__prev_ret_1d=flat__range_ratio_20d=very_low,close_tp4_0_sl4_0_cap10,close -> alvo 4% / stop 4% em ate 10 pregoes,close,target_stop_swing,4.0000,4.0000,10,3,Posicao nas Bandas de Bollinger 20D: fechou na metade inferior; Retorno acumulado 1D: neutro; Range vs media 20D: muito baixo,"bb_position_20,prev_ret_1d,range_ratio_20d",40,90.0000,3.2000,9.0000,36,4,2,100.0000,4.0000,24,83.3333,2.6667,14,100.0000,4.0000,18,100.0000,4.0000,INF,2,100.0000,4.0000,INF,76.9479,2.10372e-07,1.10526e-05,2.4000,3.8000,PASSOU 2/2 (—/83%/100%),1.85637e-06,704.7659,2020-12-28,2026-03-30
1,CXSE3,r10_swing_CXSE3_open_tp4_0_sl4_0_cap20__3f__close_vs_ema21=near__month_of_year=q4__rebound_5d=near_low,open_tp4_0_sl4_0_cap20,open -> alvo 4% / stop 4% em ate 20 pregoes,open,target_stop_swing,4.0000,4.0000,20,3,Fechamento vs EMA21: perto do equilibrio; Mes do ano (trimestre): quarto trimestre; Distancia desde minima 5D: perto da minima,"close_vs_ema21,month_of_year,rebound_5d",52,100.0000,4.0000,INF,52,0,0,0.0000,0.0000,4,100.0000,4.0000,48,100.0000,4.0000,22,100.0000,4.0000,INF,0,0.0000,0.0000,0.0000,93.1205,2.79554e-13,1.36482e-06,4.0000,4.0000,PASSOU 2/2 (—/100%/100%),1.00445e-10,767.0390,2022-10-13,2025-12-19
2,CXSE3,r10_swing_CXSE3_close_tp4_0_sl4_0_cap20__3f__day_of_month_bucket=first_half__sma20_vs_sma50=near__volume_ratio_5v20=normal,close_tp4_0_sl4_0_cap20,close -> alvo 4% / stop 4% em ate 20 pregoes,close,target_stop_swing,4.0000,4.0000,20,3,Dia do mes (bucket): primeira metade; MM20 vs MM50: perto do equilibrio; Volume 5D vs 20D: normal,"day_of_month_bucket,sma20_vs_sma50,volume_ratio_5v20",44,100.0000,4.0000,INF,44,0,0,0.0000,0.0000,4,100.0000,4.0000,40,100.0000,4.0000,16,100.0000,4.0000,INF,4,0.0000,1.3518,INF,91.9702,1.65062e-11,3.1686e-05,4.0000,4.0000,PASSOU 2/2 (—/100%/100%),1.96833e-09,762.0767,2022-04-14,2026-05-15
3,CXSE3,r10_swing_CXSE3_close_tp4_0_sl4_0_cap20__3f__drawdown_20d=dd_1_3__positive_days_5d=soft_strong__sma20_vs_sma50=near,close_tp4_0_sl4_0_cap20,close -> alvo 4% / stop 4% em ate 20 pregoes,close,target_stop_swing,4.0000,4.0000,20,3,Queda desde maxima 20D: 1% a 3% abaixo da maxima; Dias positivos nos ultimos 5 pregoes: 3 dias positivos em 5D; MM20 vs MM50: perto do equilibrio,"drawdown_20d,positive_days_5d,sma20_vs_sma50",50,96.0000,3.6800,24.0000,48,2,0,0.0000,0.0000,6,100.0000,4.0000,44,95.4545,3.6364,16,100.0000,4.0000,INF,0,0.0000,0.0000,0.0000,86.5397,3.89395e-11,3.1686e-05,3.2000,4.0000,PASSOU 2/2 (—/100%/95%),3.77276e-09,739.3852,2022-02-08,2025-09-10
1,CYRE3,r10_swing_CYRE3_open_tp4_0_sl4_0_cap10__3f__rebound_10d=reb_10_15__rsi_14=high__sma20_vs_sma50=up_1_5,open_tp4_0_sl4_0_cap10,open -> alvo 4% / stop 4% em ate 10 pregoes,open,target_stop_swing,4.0000,4.0000,10,3,Distancia desde minima 10D: 10% a 15% acima da minima; RSI 14 periodos: RSI alto; MM20 vs MM50: acima leve,"rebound_10d,rsi_14,sma20_vs_sma50",38,94.7368,3.5789,18.0000,36,2,24,100.0000,4.0000,0,0.0000,0.0000,14,85.7143,2.8571,20,100.0000,4.0000,INF,0,0.0000,0.0000,0.0000,82.7142,1.74301e-08,3.87556e-06,2.9474,4.0000,PASSOU 2/2 (100%/—/85%),2.95016e-07,726.9444,2019-06-07,2025-11-19
2,CYRE3,r10_swing_CYRE3_open_tp4_0_sl4_0_cap15__3f__rebound_10d=reb_10_15__rsi_14=high__sma20_vs_sma50=up_1_5,open_tp4_0_sl4_0_cap15,open -> alvo 4% / stop 4% em ate 15 pregoes,open,target_stop_swing,4.0000,4.0000,15,3,Distancia desde minima 10D: 10% a 15% acima da minima; RSI 14 periodos: RSI alto; MM20 vs MM50: acima leve,"rebound_10d,rsi_14,sma20_vs_sma50",38,94.7368,3.5789,18.0000,36,2,24,100.0000,4.0000,0,0.0000,0.0000,14,85.7143,2.8571,20,100.0000,4.0000,INF,0,0.0000,0.0000,0.0000,82.7142,1.74301e-08,3.87556e-06,2.9474,4.0000,PASSOU 2/2 (100%/—/85%),2.95016e-07,726.9444,2019-06-07,2025-11-19
3,CYRE3,r10_swing_CYRE3_open_tp4_0_sl4_0_cap20__3f__rebound_10d=reb_10_15__rsi_14=high__sma20_vs_sma50=up_1_5,open_tp4_0_sl4_0_cap20,open -> alvo 4% / stop 4% em ate 20 pregoes,open,target_stop_swing,4.0000,4.0000,20,3,Distancia desde minima 10D: 10% a 15% acima da minima; RSI 14 periodos: RSI alto; MM20 vs MM50: acima leve,"rebound_10d,rsi_14,sma20_vs_sma50",38,94.7368,3.5789,18.0000,36,2,24,100.0000,4.0000,0,0.0000,0.0000,14,85.7143,2.8571,20,100.0000,4.0000,INF,0,0.0000,0.0000,0.0000,82.7142,1.74301e-08,3.87556e-06,2.9474,4.0000,PASSOU 2/2 (100%/—/85%),2.95016e-07,726.9444,2019-06-07,2025-11-19
1,DIRR3,r10_swing_DIRR3_close_tp4_0_sl4_0_cap10__3f__close_vs_ema21=up_5_10__close_vs_sma50=up_5_10__range_position_20d=near_high,close_tp4_0_sl4_0_cap10,close -> alvo 4% / stop 4% em ate 10 pregoes,close,target_stop_swing,4.0000,4.0000,10,3,Fechamento vs EMA21: acima forte; Fechamento vs MM50: acima forte; Posicao no range 20D: fechou perto da maxima,"close_vs_ema21,close_vs_sma50,range_position_20d",74,91.8919,3.3514,11.3333,68,6,20,100.0000,4.0000,12,83.3333,2.6667,42,90.4762,3.2381,30,100.0000,4.0000,INF,8,100.0000,4.0000,INF,83.4179,2.87326e-13,2.16546e-08,2.8108,3.7838,PASSOU 3/3 (100%/83%/90%),1.01135e-10,729.9100,2018-01-17,2026-02-12
2,DIRR3,r10_swing_DIRR3_close_tp4_0_sl4_0_cap15__3f__close_vs_ema21=up_5_10__close_vs_sma50=up_5_10__range_position_20d=near_high,close_tp4_0_sl4_0_cap15,close -> alvo 4% / stop 4% em ate 15 pregoes,close,target_stop_swing,4.0000,4.0000,15,3,Fechamento vs EMA21: acima forte; Fechamento vs MM50: acima forte; Posicao no range 20D: fechou perto da maxima,"close_vs_ema21,close_vs_sma50,range_position_20d",74,91.8919,3.3514,11.3333,68,6,20,100.0000,4.0000,12,83.3333,2.6667,42,90.4762,3.2381,30,100.0000,4.0000,INF,8,100.0000,4.0000,INF,83.4179,2.87326e-13,2.16546e-08,2.8108,3.7838,PASSOU 3/3 (100%/83%/90%),1.01135e-10,729.9100,2018-01-17,2026-02-12
3,DIRR3,r10_swing_DIRR3_close_tp4_0_sl4_0_cap20__3f__close_vs_ema21=up_5_10__close_vs_sma50=up_5_10__range_position_20d=near_high,close_tp4_0_sl4_0_cap20,close -> alvo 4% / stop 4% em ate 20 pregoes,close,target_stop_swing,4.0000,4.0000,20,3,Fechamento vs EMA21: acima forte; Fechamento vs MM50: acima forte; Posicao no range 20D: fechou perto da maxima,"close_vs_ema21,close_vs_sma50,range_position_20d",74,91.8919,3.3514,11.3333,68,6,20,100.0000,4.0000,12,83.3333,2.6667,42,90.4762,3.2381,30,100.0000,4.0000,INF,8,100.0000,4.0000,INF,83.4179,2.87326e-13,2.16546e-08,2.8108,3.7838,PASSOU 3/3 (100%/83%/90%),1.01135e-10,729.9100,2018-01-17,2026-02-12
1,EGIE3,r10_swing_EGIE3_open_tp4_0_sl4_0_cap20__3f__close_vs_ema200=dn_5_10__sma50_slope_10d=near__volume_ratio_5v20=normal,open_tp4_0_sl4_0_cap20,open -> alvo 4% / stop 4% em ate 20 pregoes,open,target_stop_swing,4.0000,4.0000,20,3,Fechamento vs EMA200: abaixo forte; Inclinacao da MM50 em 10D: perto do equilibrio; Volume 5D vs 20D: normal,"close_vs_ema200,sma50_slope_10d,volume_ratio_5v20",32,100.0000,4.0000,INF,32,0,12,100.0000,4.0000,20,100.0000,4.0000,0,0.0000,0.0000,26,100.0000,4.0000,INF,0,0.0000,0.0000,0.0000,89.2817,7.73015e-09,1.71006e-07,4.0000,4.0000,PASSOU 2/2 (100%/100%/—),1.57101e-07,756.3243,2020-10-01,2025-02-26
2,EGIE3,r10_swing_EGIE3_close_tp4_0_sl4_0_cap20__3f__close_vs_sma200=dn_5_10__days_since_options_expiry=far__sma50_slope_10d=near,close_tp4_0_sl4_0_cap20,close -> alvo 4% / stop 4% em ate 20 pregoes,close,target_stop_swing,4.0000,4.0000,20,3,Fechamento vs MM200: abaixo forte; Dias desde vencimento de opcoes B3: muito apos vencimento; Inclinacao da MM50 em 10D: perto do equilibrio,"close_vs_sma200,days_since_options_expiry,sma50_slope_10d",110,94.5455,3.7109,33.1415,104,2,24,91.6667,3.4708,66,96.9697,3.7576,20,90.0000,3.8450,16,100.0000,4.0000,INF,0,0.0000,0.0000,0.0000,88.6081,0,3.1686e-05,3.4491,3.9282,PASSOU 3/3 (91%/96%/90%),0,747.5832,2020-09-29,2025-03-14
3,EGIE3,r10_swing_EGIE3_close_tp4_0_sl4_0_cap20__3f__close_vs_sma200=dn_5_10__gap_filled_prev=no_gap__sma50_slope_10d=near,close_tp4_0_sl4_0_cap20,close -> alvo 4% / stop 4% em ate 20 pregoes,close,target_stop_swing,4.0000,4.0000,20,3,Fechamento vs MM200: abaixo forte; Gap do candle de referencia preenchido: sem gap relevante; Inclinacao da MM50 em 10D: perto do equilibrio,"close_vs_sma200,gap_filled_prev,sma50_slope_10d",102,92.1569,3.5314,18.4009,94,4,22,81.8182,2.6954,58,96.5517,3.7241,22,90.9091,3.8591,18,100.0000,4.0000,INF,0,0.0000,0.0000,0.0000,85.2811,0,1.10526e-05,3.1402,3.8441,PASSOU 3/3 (81%/96%/90%),0,735.6871,2020-09-23,2025-03-13
1,ENEV3,r10_swing_ENEV3_close_tp4_0_sl4_0_cap15__3f__days_to_options_expiry=mid__month_of_year=q4__sma20_slope_5d=up_1_5,close_tp4_0_sl4_0_cap15,close -> alvo 4% / stop 4% em ate 15 pregoes,close,target_stop_swing,4.0000,4.0000,15,3,Dias ate vencimento de opcoes B3: vencimento medio; Mes do ano (trimestre): quarto trimestre; Inclinacao da MM20 em 5D: acima leve,"days_to_options_expiry,month_of_year,sma20_slope_5d",56,96.4286,3.7143,27.0000,54,2,46,95.6522,3.6522,0,0.0000,0.0000,10,100.0000,4.0000,16,100.0000,4.0000,INF,0,0.0000,0.0000,0.0000,87.8810,1.85385e-12,3.1686e-05,3.2857,4.0000,PASSOU 2/2 (95%/—/100%),4.14496e-10,744.0947,2018-12-11,2025-11-17
2,ENEV3,r10_swing_ENEV3_open_tp4_0_sl4_0_cap15__3f__days_to_options_expiry=mid__month_of_year=q4__sma20_slope_5d=up_1_5,open_tp4_0_sl4_0_cap15,open -> alvo 4% / stop 4% em ate 15 pregoes,open,target_stop_swing,4.0000,4.0000,15,3,Dias ate vencimento de opcoes B3: vencimento medio; Mes do ano (trimestre): quarto trimestre; Inclinacao da MM20 em 5D: acima leve,"days_to_options_expiry,month_of_year,sma20_slope_5d",54,96.2963,3.7037,26.0000,52,2,44,95.4545,3.6364,0,0.0000,0.0000,10,100.0000,4.0000,20,100.0000,4.0000,INF,0,0.0000,0.0000,0.0000,87.4646,5.11258e-12,3.87556e-06,3.2593,4.0000,PASSOU 2/2 (95%/—/100%),8.63543e-10,743.6908,2018-12-11,2025-12-09
3,ENEV3,r10_swing_ENEV3_open_tp4_0_sl4_0_cap20__3f__days_to_options_expiry=mid__month_of_year=q4__sma20_slope_5d=up_1_5,open_tp4_0_sl4_0_cap20,open -> alvo 4% / stop 4% em ate 20 pregoes,open,target_stop_swing,4.0000,4.0000,20,3,Dias ate vencimento de opcoes B3: vencimento medio; Mes do ano (trimestre): quarto trimestre; Inclinacao da MM20 em 5D: acima leve,"days_to_options_expiry,month_of_year,sma20_slope_5d",54,96.2963,3.7037,26.0000,52,2,44,95.4545,3.6364,0,0.0000,0.0000,10,100.0000,4.0000,20,100.0000,4.0000,INF,0,0.0000,0.0000,0.0000,87.4646,5.11258e-12,3.87556e-06,3.2593,4.0000,PASSOU 2/2 (95%/—/100%),8.63543e-10,743.6908,2018-12-11,2025-12-09
1,ENGI11,r10_swing_ENGI11_open_tp4_0_sl4_0_cap20__3f__positive_days_10d=weak__prev_ret_3d_z20=rel_soft_dn__rebound_5d=reb_1_3,open_tp4_0_sl4_0_cap20,open -> alvo 4% / stop 4% em ate 20 pregoes,open,target_stop_swing,4.0000,4.0000,20,3,Dias positivos nos ultimos 10 pregoes: 0 a 3 dias positivos em 10D; Retorno 3D em z-score 20D: levemente abaixo; Distancia desde minima 5D: 1% a 3% acima da minima,"positive_days_10d,prev_ret_3d_z20,rebound_5d",58,93.1034,3.4483,13.5000,54,4,22,90.9091,3.2727,8,75.0000,2.0000,28,100.0000,4.0000,16,100.0000,4.0000,INF,2,100.0000,4.0000,INF,83.5661,2.60932e-11,3.1686e-05,2.8966,3.8621,PASSOU 3/3 (90%/75%/100%),2.81989e-09,728.0372,2018-07-12,2026-03-25
2,ENGI11,r10_swing_ENGI11_open_tp4_0_sl4_0_cap20__3f__day_of_month_bucket=first_half__positive_days_10d=weak__range_position_20d=near_low,open_tp4_0_sl4_0_cap20,open -> alvo 4% / stop 4% em ate 20 pregoes,open,target_stop_swing,4.0000,4.0000,20,3,Dia do mes (bucket): primeira metade; Dias positivos nos ultimos 10 pregoes: 0 a 3 dias positivos em 10D; Posicao no range 20D: fechou perto da minima,"day_of_month_bucket,positive_days_10d,range_position_20d",82,85.3659,2.8293,5.8333,70,12,26,84.6154,2.7692,34,76.4706,2.1176,22,100.0000,4.0000,16,100.0000,4.0000,INF,2,0.0000,-4.0000,0.0000,76.1404,7.55206e-11,3.1686e-05,2.2439,3.4146,PASSOU 3/3 (84%/76%/100%),6.05996e-09,700.5385,2018-05-07,2026-05-08
3,ENGI11,r10_swing_ENGI11_open_tp4_0_sl4_0_cap15__3f__positive_days_10d=weak__range_position_5d=middle__range_ratio_20d=low,open_tp4_0_sl4_0_cap15,open -> alvo 4% / stop 4% em ate 15 pregoes,open,target_stop_swing,4.0000,4.0000,15,3,Dias positivos nos ultimos 10 pregoes: 0 a 3 dias positivos em 10D; Posicao no range 5D: fechou no meio; Range vs media 20D: baixo,"positive_days_10d,range_position_5d,range_ratio_20d",34,88.2353,3.0588,7.5000,30,4,10,100.0000,4.0000,6,100.0000,4.0000,18,77.7778,2.2222,16,100.0000,4.0000,INF,2,0.0000,0.1254,INF,73.3788,4.12146e-06,3.1686e-05,2.1176,3.7647,PASSOU 3/3 (100%/100%/77%),1.67511e-05,691.2433,2018-09-27,2026-05-22
1,EQTL3,r10_swing_EQTL3_open_tp6_0_sl4_0_cap20__3f__close_vs_sma200=far_dn__close_vs_sma5=near__gap_vs_atr14=rel_near,open_tp6_0_sl4_0_cap20,open -> alvo 6% / stop 4% em ate 20 pregoes,open,target_stop_swing,6.0000,4.0000,20,3,Fechamento vs MM200: muito abaixo; Fechamento vs MM5: perto do equilibrio; Gap vs ATR14: perto do normal,"close_vs_sma200,close_vs_sma5,gap_vs_atr14",60,90.0000,5.2809,36.3580,54,2,46,86.9565,5.0621,6,100.0000,6.0000,8,100.0000,6.0000,16,100.0000,6.0000,INF,0,0.0000,0.0000,0.0000,79.8503,2.89339e-10,3.1686e-05,4.6699,5.8071,PASSOU 3/3 (86%/100%/100%),1.62289e-08,751.0762,2018-06-13,2025-01-21
2,EQTL3,r10_swing_EQTL3_open_tp6_0_sl4_0_cap20__3f__close_vs_sma200=far_dn__close_vs_sma5=near__gap_pct=flat,open_tp6_0_sl4_0_cap20,open -> alvo 6% / stop 4% em ate 20 pregoes,open,target_stop_swing,6.0000,4.0000,20,3,Fechamento vs MM200: muito abaixo; Fechamento vs MM5: perto do equilibrio; Gap da abertura: neutro,"close_vs_sma200,close_vs_sma5,gap_pct",54,88.8889,5.2010,32.3408,48,2,40,85.0000,4.9214,6,100.0000,6.0000,8,100.0000,6.0000,16,100.0000,6.0000,INF,0,0.0000,0.0000,0.0000,77.8051,5.48583e-09,3.1686e-05,4.6130,5.7857,PASSOU 3/3 (85%/100%/100%),1.3277e-07,744.4854,2018-06-13,2025-01-21
3,EQTL3,r10_swing_EQTL3_open_tp6_0_sl4_0_cap20__3f__close_vs_sma200=far_dn__close_vs_sma5=near__gap_vs_range20=rel_near,open_tp6_0_sl4_0_cap20,open -> alvo 6% / stop 4% em ate 20 pregoes,open,target_stop_swing,6.0000,4.0000,20,3,Fechamento vs MM200: muito abaixo; Fechamento vs MM5: perto do equilibrio; Gap vs range medio 20D: perto do normal,"close_vs_sma200,close_vs_sma5,gap_vs_range20",62,87.0968,4.9815,19.2094,54,4,48,83.3333,4.6845,6,100.0000,6.0000,8,100.0000,6.0000,16,100.0000,6.0000,INF,0,0.0000,0.0000,0.0000,76.5504,2.58706e-09,3.1686e-05,4.2796,5.5953,PASSOU 3/3 (83%/100%/100%),7.71483e-08,738.0541,2018-06-13,2025-01-21
1,FLRY3,r10_swing_FLRY3_close_tp4_0_sl4_0_cap15__3f__close_vs_sma200=far_up__day_of_month_bucket=end__sma20_slope_5d=near,close_tp4_0_sl4_0_cap15,close -> alvo 4% / stop 4% em ate 15 pregoes,close,target_stop_swing,4.0000,4.0000,15,3,Fechamento vs MM200: muito acima; Dia do mes (bucket): fim do mes; Inclinacao da MM20 em 5D: perto do equilibrio,"close_vs_sma200,day_of_month_bucket,sma20_slope_5d",34,100.0000,4.0000,INF,34,0,28,100.0000,4.0000,6,100.0000,4.0000,0,0.0000,0.0000,18,100.0000,4.0000,INF,4,0.0000,-4.0000,0.0000,89.8482,2.76436e-09,1.10526e-05,4.0000,4.0000,PASSOU 2/2 (100%/100%/—),7.81426e-08,756.2668,2019-08-26,2026-02-27
2,FLRY3,r10_swing_FLRY3_close_tp4_0_sl4_0_cap20__3f__close_vs_sma200=far_up__day_of_month_bucket=end__sma20_slope_5d=near,close_tp4_0_sl4_0_cap20,close -> alvo 4% / stop 4% em ate 20 pregoes,close,target_stop_swing,4.0000,4.0000,20,3,Fechamento vs MM200: muito acima; Dia do mes (bucket): fim do mes; Inclinacao da MM20 em 5D: perto do equilibrio,"close_vs_sma200,day_of_month_bucket,sma20_slope_5d",34,100.0000,4.0000,INF,34,0,28,100.0000,4.0000,6,100.0000,4.0000,0,0.0000,0.0000,18,100.0000,4.0000,INF,4,0.0000,-4.0000,0.0000,89.8482,2.76436e-09,1.10526e-05,4.0000,4.0000,PASSOU 2/2 (100%/100%/—),7.81426e-08,756.2668,2019-08-26,2026-02-27
3,FLRY3,r10_swing_FLRY3_open_tp4_0_sl4_0_cap15__3f__close_vs_ema200=far_up__close_vs_sma20=up_1_5__range_position_10d=middle,open_tp4_0_sl4_0_cap15,open -> alvo 4% / stop 4% em ate 15 pregoes,open,target_stop_swing,4.0000,4.0000,15,3,Fechamento vs EMA200: muito acima; Fechamento vs MM20: acima leve; Posicao no range 10D: fechou no meio,"close_vs_ema200,close_vs_sma20,range_position_10d",36,94.4444,3.5556,17.0000,34,2,28,92.8571,3.4286,0,0.0000,0.0000,8,100.0000,4.0000,20,100.0000,4.0000,INF,28,64.2857,1.1429,1.8000,81.8550,4.83165e-08,3.87556e-06,2.8889,4.0000,PASSOU 2/2 (92%/—/100%),5.84958e-07,723.8988,2019-11-13,2026-04-22
1,GGBR4,r10_swing_GGBR4_close_tp4_0_sl4_0_cap15__3f__month_of_year=q4__sma50_slope_20d=up_5_10__volume_ratio_20d=very_low,close_tp4_0_sl4_0_cap15,close -> alvo 4% / stop 4% em ate 15 pregoes,close,target_stop_swing,4.0000,4.0000,15,3,Mes do ano (trimestre): quarto trimestre; Inclinacao da MM50 em 20D: acima forte; Volume vs media 20D: muito baixo,"month_of_year,sma50_slope_20d,volume_ratio_20d",40,100.0000,4.0000,INF,40,0,22,100.0000,4.0000,18,100.0000,4.0000,0,0.0000,0.0000,18,100.0000,4.0000,INF,0,0.0000,0.0000,0.0000,91.2375,1.27544e-10,1.10526e-05,4.0000,4.0000,PASSOU 2/2 (100%/100%/—),8.84985e-09,760.4347,2019-11-19,2025-12-30
2,GGBR4,r10_swing_GGBR4_close_tp4_0_sl4_0_cap20__3f__month_of_year=q4__sma50_slope_20d=up_5_10__volume_ratio_20d=very_low,close_tp4_0_sl4_0_cap20,close -> alvo 4% / stop 4% em ate 20 pregoes,close,target_stop_swing,4.0000,4.0000,20,3,Mes do ano (trimestre): quarto trimestre; Inclinacao da MM50 em 20D: acima forte; Volume vs media 20D: muito baixo,"month_of_year,sma50_slope_20d,volume_ratio_20d",40,100.0000,4.0000,INF,40,0,22,100.0000,4.0000,18,100.0000,4.0000,0,0.0000,0.0000,18,100.0000,4.0000,INF,0,0.0000,0.0000,0.0000,91.2375,1.27544e-10,1.10526e-05,4.0000,4.0000,PASSOU 2/2 (100%/100%/—),8.84985e-09,760.4347,2019-11-19,2025-12-30
3,GGBR4,r10_swing_GGBR4_close_tp4_0_sl4_0_cap15__3f__month_of_year=q4__positive_days_5d=soft_weak__sma50_slope_20d=up_5_10,close_tp4_0_sl4_0_cap15,close -> alvo 4% / stop 4% em ate 15 pregoes,close,target_stop_swing,4.0000,4.0000,15,3,Mes do ano (trimestre): quarto trimestre; Dias positivos nos ultimos 5 pregoes: 2 dias positivos em 5D; Inclinacao da MM50 em 20D: acima forte,"month_of_year,positive_days_5d,sma50_slope_20d",36,100.0000,4.0000,INF,36,0,20,100.0000,4.0000,16,100.0000,4.0000,0,0.0000,0.0000,20,100.0000,4.0000,INF,0,0.0000,0.0000,0.0000,90.3578,9.90122e-10,3.87556e-06,4.0000,4.0000,PASSOU 2/2 (100%/100%/—),3.71103e-08,758.2960,2019-12-03,2025-12-30
1,GOAU4,r10_swing_GOAU4_open_tp6_0_sl4_0_cap20__3f__close_vs_sma200=far_dn__drawdown_10d=dd_3_6__prev_ret_1d=flat,open_tp6_0_sl4_0_cap20,open -> alvo 6% / stop 4% em ate 20 pregoes,open,target_stop_swing,6.0000,4.0000,20,3,Fechamento vs MM200: muito abaixo; Queda desde maxima 10D: 3% a 6% abaixo da maxima; Retorno acumulado 1D: neutro,"close_vs_sma200,drawdown_10d,prev_ret_1d",36,94.4444,5.4444,25.5000,34,2,22,90.9091,5.0909,6,100.0000,6.0000,8,100.0000,6.0000,20,100.0000,6.0000,INF,0,0.0000,0.0000,0.0000,81.8550,4.83165e-08,3.87556e-06,4.6111,6.0000,PASSOU 3/3 (90%/100%/100%),5.84958e-07,757.6764,2019-05-27,2025-05-26
2,GOAU4,r10_swing_GOAU4_open_tp6_0_sl4_0_cap20__3f__close_vs_sma200=far_dn__drawdown_10d=dd_3_6__prev_ret_1d_z20=rel_near,open_tp6_0_sl4_0_cap20,open -> alvo 6% / stop 4% em ate 20 pregoes,open,target_stop_swing,6.0000,4.0000,20,3,Fechamento vs MM200: muito abaixo; Queda desde maxima 10D: 3% a 6% abaixo da maxima; Retorno 1D em z-score 20D: perto do normal,"close_vs_sma200,drawdown_10d,prev_ret_1d_z20",32,93.7500,5.3750,22.5000,30,2,22,90.9091,5.0909,6,100.0000,6.0000,4,100.0000,6.0000,16,100.0000,6.0000,INF,0,0.0000,0.0000,0.0000,79.8525,3.72109e-07,3.1686e-05,4.4375,6.0000,PASSOU 3/3 (90%/100%/100%),2.72006e-06,749.2236,2019-05-27,2025-05-26
3,GOAU4,r10_swing_GOAU4_open_tp6_0_sl4_0_cap20__3f__close_vs_sma200=far_dn__sma5_vs_sma20=near__volume_ratio_5v20=low,open_tp6_0_sl4_0_cap20,open -> alvo 6% / stop 4% em ate 20 pregoes,open,target_stop_swing,6.0000,4.0000,20,3,Fechamento vs MM200: muito abaixo; MM5 vs MM20: perto do equilibrio; Volume 5D vs 20D: baixo,"close_vs_sma200,sma5_vs_sma20,volume_ratio_5v20",32,93.7500,5.3750,22.5000,30,2,24,91.6667,5.1667,8,100.0000,6.0000,0,0.0000,0.0000,16,100.0000,6.0000,INF,0,0.0000,0.0000,0.0000,79.8525,3.72109e-07,3.1686e-05,4.4375,6.0000,PASSOU 2/2 (91%/100%/—),2.72006e-06,749.2236,2019-05-28,2025-05-27
1,IGTI11,r10_swing_IGTI11_close_tp4_0_sl4_0_cap20__3f__drawdown_20d=dd_10_15__prev_ret_10d=dn_5_8__prev_ret_20d=shock_dn,close_tp4_0_sl4_0_cap20,close -> alvo 4% / stop 4% em ate 20 pregoes,close,target_stop_swing,4.0000,4.0000,20,3,Queda desde maxima 20D: 10% a 15% abaixo da maxima; Retorno acumulado 10D: queda de 5% a 8%; Retorno acumulado 20D: choque de baixa,"drawdown_20d,prev_ret_10d,prev_ret_20d",34,88.2353,3.0588,7.5000,30,4,0,0.0000,0.0000,14,85.7143,2.8571,20,90.0000,3.2000,16,100.0000,4.0000,INF,4,50.0000,0.6111,1.4400,73.3788,4.12146e-06,3.1686e-05,2.1176,3.7647,PASSOU 2/2 (—/85%/90%),1.67511e-05,691.2433,2022-03-17,2026-05-20
1,IRBR3,r10_swing_IRBR3_close_tp4_0_sl4_0_cap15__3f__days_to_options_expiry=far__drawdown_20d=dd_6_10__rebound_10d=reb_1_3,close_tp4_0_sl4_0_cap15,close -> alvo 4% / stop 4% em ate 15 pregoes,close,target_stop_swing,4.0000,4.0000,15,3,Dias ate vencimento de opcoes B3: vencimento distante; Queda desde maxima 20D: 6% a 10% abaixo da maxima; Distancia desde minima 10D: 1% a 3% acima da minima,"days_to_options_expiry,drawdown_20d,rebound_10d",88,86.3636,2.9091,6.3333,76,12,34,82.3529,2.5882,38,89.4737,3.1579,16,87.5000,3.0000,16,100.0000,4.0000,INF,2,100.0000,4.0000,INF,77.6611,4.5024e-12,3.1686e-05,2.2727,3.4545,PASSOU 3/3 (82%/89%/87%),8.05137e-10,705.3310,2018-05-25,2026-04-01
2,IRBR3,r10_swing_IRBR3_close_tp4_0_sl4_0_cap20__3f__days_to_options_expiry=far__drawdown_20d=dd_6_10__rebound_10d=reb_1_3,close_tp4_0_sl4_0_cap20,close -> alvo 4% / stop 4% em ate 20 pregoes,close,target_stop_swing,4.0000,4.0000,20,3,Dias ate vencimento de opcoes B3: vencimento distante; Queda desde maxima 20D: 6% a 10% abaixo da maxima; Distancia desde minima 10D: 1% a 3% acima da minima,"days_to_options_expiry,drawdown_20d,rebound_10d",88,86.3636,2.9091,6.3333,76,12,34,82.3529,2.5882,38,89.4737,3.1579,16,87.5000,3.0000,16,100.0000,4.0000,INF,2,100.0000,4.0000,INF,77.6611,4.5024e-12,3.1686e-05,2.2727,3.4545,PASSOU 3/3 (82%/89%/87%),8.05137e-10,705.3310,2018-05-25,2026-04-01
3,IRBR3,r10_swing_IRBR3_close_tp4_0_sl4_0_cap15__3f__days_to_options_expiry=far__drawdown_20d=dd_6_10__rebound_5d=reb_1_3,close_tp4_0_sl4_0_cap15,close -> alvo 4% / stop 4% em ate 15 pregoes,close,target_stop_swing,4.0000,4.0000,15,3,Dias ate vencimento de opcoes B3: vencimento distante; Queda desde maxima 20D: 6% a 10% abaixo da maxima; Distancia desde minima 5D: 1% a 3% acima da minima,"days_to_options_expiry,drawdown_20d,rebound_5d",110,80.0000,2.4000,4.0000,88,22,48,70.8333,1.6667,38,89.4737,3.1579,24,83.3333,2.6667,28,100.0000,4.0000,INF,4,50.0000,0.0000,1.0000,71.5703,1.56518e-10,6.07833e-08,1.8182,2.9818,PASSOU 3/3 (70%/89%/83%),1.04231e-08,686.0930,2018-05-23,2026-04-01
1,ISAE4,r10_swing_ISAE4_close_tp4_0_sl4_0_cap15__3f__month_of_year=q2__sma20_vs_sma50=near__sma5_vs_sma20=dn_1_5,close_tp4_0_sl4_0_cap15,close -> alvo 4% / stop 4% em ate 15 pregoes,close,target_stop_swing,4.0000,4.0000,15,3,Mes do ano (trimestre): segundo trimestre; MM20 vs MM50: perto do equilibrio; MM5 vs MM20: abaixo leve,"month_of_year,sma20_vs_sma50,sma5_vs_sma20",56,92.8571,3.6433,26.5030,52,2,8,100.0000,4.0000,16,75.0000,2.7515,32,100.0000,4.0000,16,100.0000,4.0000,INF,8,0.0000,-0.6896,0.1719,83.0243,7.10809e-11,3.1686e-05,3.1792,3.9645,PASSOU 3/3 (100%/75%/100%),5.87113e-09,728.6726,2019-04-01,2026-05-22
2,ISAE4,r10_swing_ISAE4_close_tp4_0_sl4_0_cap20__3f__month_of_year=q2__sma20_vs_sma50=near__sma5_vs_sma20=dn_1_5,close_tp4_0_sl4_0_cap20,close -> alvo 4% / stop 4% em ate 20 pregoes,close,target_stop_swing,4.0000,4.0000,20,3,Mes do ano (trimestre): segundo trimestre; MM20 vs MM50: perto do equilibrio; MM5 vs MM20: abaixo leve,"month_of_year,sma20_vs_sma50,sma5_vs_sma20",56,92.8571,3.5881,26.1167,52,2,8,100.0000,4.0000,16,75.0000,2.5584,32,100.0000,4.0000,16,100.0000,4.0000,INF,8,0.0000,-0.6896,0.1719,83.0243,7.10809e-11,3.1686e-05,3.0964,3.9369,PASSOU 3/3 (100%/75%/100%),5.87113e-09,728.0102,2019-04-01,2026-05-22
3,ISAE4,r10_swing_ISAE4_open_tp4_0_sl3_0_cap20__3f__month_of_year=q4__range_position_10d=near_high__sma50_slope_20d=up_1_5,open_tp4_0_sl3_0_cap20,open -> alvo 4% / stop 3% em ate 20 pregoes,open,target_stop_swing,4.0000,3.0000,20,3,Mes do ano (trimestre): quarto trimestre; Posicao no range 10D: fechou perto da maxima; Inclinacao da MM50 em 20D: acima leve,"month_of_year,range_position_10d,sma50_slope_20d",32,93.7500,3.5625,20.0000,30,2,24,91.6667,3.4167,0,0.0000,0.0000,8,100.0000,4.0000,20,100.0000,4.0000,INF,0,0.0000,0.0000,0.0000,79.8525,3.72109e-07,3.87556e-06,2.9062,4.0000,PASSOU 2/2 (91%/—/100%),2.72006e-06,718.0297,2018-11-06,2025-11-10
1,ITSA4,r10_swing_ITSA4_close_tp4_0_sl4_0_cap20__3f__close_vs_sma200=near__rsi_14=neutral_high__volume_spike_1d=very_low,close_tp4_0_sl4_0_cap20,close -> alvo 4% / stop 4% em ate 20 pregoes,close,target_stop_swing,4.0000,4.0000,20,3,Fechamento vs MM200: perto do equilibrio; RSI 14 periodos: RSI neutro alto; Spike de volume vs maximo 5D: muito baixo,"close_vs_sma200,rsi_14,volume_spike_1d",46,100.0000,4.0000,INF,46,0,6,100.0000,4.0000,26,100.0000,4.0000,14,100.0000,4.0000,20,100.0000,4.0000,INF,0,0.0000,0.0000,0.0000,92.2924,5.9468e-12,3.87556e-06,4.0000,4.0000,PASSOU 3/3 (100%/100%/100%),9.19565e-10,764.0998,2018-10-02,2025-03-10
2,ITSA4,r10_swing_ITSA4_close_tp4_0_sl4_0_cap20__3f__close_vs_sma200=near__drawdown_20d=dd_1_3__rsi_14=neutral_high,close_tp4_0_sl4_0_cap20,close -> alvo 4% / stop 4% em ate 20 pregoes,close,target_stop_swing,4.0000,4.0000,20,3,Fechamento vs MM200: perto do equilibrio; Queda desde maxima 20D: 1% a 3% abaixo da maxima; RSI 14 periodos: RSI neutro alto,"close_vs_sma200,drawdown_20d,rsi_14",46,100.0000,4.0000,INF,46,0,2,100.0000,4.0000,32,100.0000,4.0000,12,100.0000,4.0000,16,100.0000,4.0000,INF,0,0.0000,0.0000,0.0000,92.2924,5.9468e-12,3.1686e-05,4.0000,4.0000,PASSOU 2/2 (—/100%/100%),9.19565e-10,763.0433,2020-11-06,2025-02-21
3,ITSA4,r10_swing_ITSA4_close_tp4_0_sl4_0_cap20__3f__close_vs_sma200=near__compression_3v20=normal__rsi_14=neutral_high,close_tp4_0_sl4_0_cap20,close -> alvo 4% / stop 4% em ate 20 pregoes,close,target_stop_swing,4.0000,4.0000,20,3,Fechamento vs MM200: perto do equilibrio; Compressao 3D vs 20D: normal; RSI 14 periodos: RSI neutro alto,"close_vs_sma200,compression_3v20,rsi_14",36,100.0000,4.0000,INF,36,0,4,100.0000,4.0000,24,100.0000,4.0000,8,100.0000,4.0000,20,100.0000,4.0000,INF,0,0.0000,0.0000,0.0000,90.3578,9.90122e-10,3.87556e-06,4.0000,4.0000,PASSOU 3/3 (100%/100%/100%),3.71103e-08,758.2960,2020-11-05,2025-03-13
1,ITUB4,r10_swing_ITUB4_close_tp4_0_sl4_0_cap20__3f__month_of_year=q4__sma20_vs_sma50=near__vol_ratio_5v20=normal,close_tp4_0_sl4_0_cap20,close -> alvo 4% / stop 4% em ate 20 pregoes,close,target_stop_swing,4.0000,4.0000,20,3,Mes do ano (trimestre): quarto trimestre; MM20 vs MM50: perto do equilibrio; Volatilidade 5D vs 20D: normal,"month_of_year,sma20_vs_sma50,vol_ratio_5v20",70,82.8571,2.8016,5.9029,58,10,40,90.0000,3.2000,2,0.0000,-4.0000,28,78.5714,2.7184,20,100.0000,4.0000,INF,0,0.0000,0.0000,0.0000,72.3831,1.92478e-08,3.87556e-06,2.1159,3.4286,PASSOU 2/2 (90%/—/78%),3.10462e-07,689.2991,2019-10-07,2025-11-07
2,ITUB4,r10_swing_ITUB4_open_tp4_0_sl4_0_cap20__3f__month_of_year=q4__prev_ret_2d=flat__range_position_10d=lower_band,open_tp4_0_sl4_0_cap20,open -> alvo 4% / stop 4% em ate 20 pregoes,open,target_stop_swing,4.0000,4.0000,20,3,Mes do ano (trimestre): quarto trimestre; Retorno acumulado 2D: neutro; Posicao no range 10D: fechou na metade inferior,"month_of_year,prev_ret_2d,range_position_10d",68,82.3529,2.7872,5.7383,56,10,28,78.5714,2.2857,18,88.8889,3.1111,22,81.8182,3.1605,16,100.0000,4.0000,INF,0,0.0000,0.0000,0.0000,71.6393,4.76687e-08,3.1686e-05,2.0813,3.3936,PASSOU 3/3 (78%/88%/81%),5.84958e-07,685.7344,2018-10-30,2025-12-19
3,ITUB4,r10_swing_ITUB4_open_tp4_0_sl4_0_cap20__3f__close_vs_sma200=far_up__month_of_year=q4__range_ratio_20d=low,open_tp4_0_sl4_0_cap20,open -> alvo 4% / stop 4% em ate 20 pregoes,open,target_stop_swing,4.0000,4.0000,20,3,Fechamento vs MM200: muito acima; Mes do ano (trimestre): quarto trimestre; Range vs media 20D: baixo,"close_vs_sma200,month_of_year,range_ratio_20d",35,85.7143,2.9555,7.2468,30,4,18,83.3333,2.6667,5,80.0000,2.4000,12,91.6667,3.6201,20,100.0000,4.0000,INF,0,0.0000,0.0000,0.0000,70.6241,1.19139e-05,3.87556e-06,1.9429,3.6412,PASSOU 3/3 (83%/80%/91%),3.63803e-05,682.6381,2018-10-10,2025-12-29
1,KLBN11,r10_swing_KLBN11_close_tp6_0_sl4_0_cap20__3f__month_of_year=q4__range_position_10d=lower_band__sma50_slope_20d=near,close_tp6_0_sl4_0_cap20,close -> alvo 6% / stop 4% em ate 20 pregoes,close,target_stop_swing,6.0000,4.0000,20,3,Mes do ano (trimestre): quarto trimestre; Posicao no range 10D: fechou na metade inferior; Inclinacao da MM50 em 20D: perto do equilibrio,"month_of_year,range_position_10d,sma50_slope_20d",54,85.1852,4.5185,8.6250,46,8,24,91.6667,5.1667,0,0.0000,0.0000,30,80.0000,4.0000,18,100.0000,6.0000,INF,0,0.0000,0.0000,0.0000,73.3996,1.16548e-07,1.10526e-05,3.5926,5.4444,PASSOU 2/2 (91%/—/80%),1.18756e-06,723.6618,2018-10-05,2025-11-26
2,KLBN11,r10_swing_KLBN11_close_tp4_0_sl4_0_cap20__3f__month_of_year=q4__range_position_10d=lower_band__sma50_slope_20d=near,close_tp4_0_sl4_0_cap20,close -> alvo 4% / stop 4% em ate 20 pregoes,close,target_stop_swing,4.0000,4.0000,20,3,Mes do ano (trimestre): quarto trimestre; Posicao no range 10D: fechou na metade inferior; Inclinacao da MM50 em 20D: perto do equilibrio,"month_of_year,range_position_10d,sma50_slope_20d",54,85.1852,2.8148,5.7500,46,8,24,91.6667,3.3333,0,0.0000,0.0000,30,80.0000,2.4000,18,100.0000,4.0000,INF,0,0.0000,0.0000,0.0000,73.3996,1.16548e-07,1.10526e-05,2.0741,3.5556,PASSOU 2/2 (91%/—/80%),1.18756e-06,691.5138,2018-10-05,2025-11-26
3,KLBN11,r10_swing_KLBN11_open_tp4_0_sl4_0_cap20__3f__close_vs_sma50=dn_1_5__month_of_year=q4__sma50_slope_20d=near,open_tp4_0_sl4_0_cap20,open -> alvo 4% / stop 4% em ate 20 pregoes,open,target_stop_swing,4.0000,4.0000,20,3,Fechamento vs MM50: abaixo leve; Mes do ano (trimestre): quarto trimestre; Inclinacao da MM50 em 20D: perto do equilibrio,"close_vs_sma50,month_of_year,sma50_slope_20d",34,88.2353,3.0588,7.5000,30,4,6,83.3333,2.6667,4,100.0000,4.0000,24,87.5000,3.0000,16,100.0000,4.0000,INF,0,0.0000,0.0000,0.0000,73.3788,4.12146e-06,3.1686e-05,2.1176,3.7647,PASSOU 3/3 (83%/100%/87%),1.67511e-05,691.2433,2020-11-09,2025-11-25
1,LREN3,r10_swing_LREN3_close_tp6_0_sl4_0_cap20__3f__close_vs_ema200=dn_5_10__rebound_10d=reb_6_10__vol_ratio_5v20=very_low,close_tp6_0_sl4_0_cap20,close -> alvo 6% / stop 4% em ate 20 pregoes,close,target_stop_swing,6.0000,4.0000,20,3,Fechamento vs EMA200: abaixo forte; Distancia desde minima 10D: 6% a 10% acima da minima; Volatilidade 5D vs 20D: muito baixo,"close_vs_ema200,rebound_10d,vol_ratio_5v20",34,88.2353,4.8235,11.2500,30,4,4,100.0000,6.0000,12,83.3333,4.3333,18,88.8889,4.8889,16,100.0000,6.0000,INF,6,100.0000,6.0000,INF,73.3788,4.12146e-06,3.1686e-05,3.6471,5.7059,PASSOU 3/3 (100%/83%/88%),1.67511e-05,723.4793,2018-07-11,2026-01-16
2,LREN3,r10_swing_LREN3_close_tp4_0_sl4_0_cap10__3f__close_vs_ema200=dn_5_10__days_to_options_expiry=far__drawdown_10d=dd_1_3,close_tp4_0_sl4_0_cap10,close -> alvo 4% / stop 4% em ate 10 pregoes,close,target_stop_swing,4.0000,4.0000,10,3,Fechamento vs EMA200: abaixo forte; Dias ate vencimento de opcoes B3: vencimento distante; Queda desde maxima 10D: 1% a 3% abaixo da maxima,"close_vs_ema200,days_to_options_expiry,drawdown_10d",34,88.2353,3.0588,7.5000,30,4,12,83.3333,2.6667,10,80.0000,2.4000,12,100.0000,4.0000,18,100.0000,4.0000,INF,2,100.0000,4.0000,INF,73.3788,4.12146e-06,1.10526e-05,2.1176,3.7647,PASSOU 3/3 (83%/80%/100%),1.67511e-05,691.7994,2018-06-29,2026-01-20
3,LREN3,r10_swing_LREN3_close_tp4_0_sl4_0_cap15__3f__close_vs_ema200=dn_5_10__days_to_options_expiry=far__drawdown_10d=dd_1_3,close_tp4_0_sl4_0_cap15,close -> alvo 4% / stop 4% em ate 15 pregoes,close,target_stop_swing,4.0000,4.0000,15,3,Fechamento vs EMA200: abaixo forte; Dias ate vencimento de opcoes B3: vencimento distante; Queda desde maxima 10D: 1% a 3% abaixo da maxima,"close_vs_ema200,days_to_options_expiry,drawdown_10d",34,88.2353,3.0588,7.5000,30,4,12,83.3333,2.6667,10,80.0000,2.4000,12,100.0000,4.0000,18,100.0000,4.0000,INF,2,100.0000,4.0000,INF,73.3788,4.12146e-06,1.10526e-05,2.1176,3.7647,PASSOU 3/3 (83%/80%/100%),1.67511e-05,691.7994,2018-06-29,2026-01-20
1,MBRF3,r10_swing_MBRF3_close_tp10_0_sl5_0_cap15__3f__month_of_year=q4__sma20_vs_sma50=far_dn__sma50_slope_20d=far_dn,close_tp10_0_sl5_0_cap15,close -> alvo 10% / stop 5% em ate 15 pregoes,close,target_stop_swing,10.0000,5.0000,15,3,Mes do ano (trimestre): quarto trimestre; MM20 vs MM50: muito abaixo; Inclinacao da MM50 em 20D: muito abaixo,"month_of_year,sma20_vs_sma50,sma50_slope_20d",44,90.9091,8.6364,20.0000,40,4,20,90.0000,8.5000,24,91.6667,8.7500,0,0.0000,0.0000,26,92.3077,8.8462,24.0000,0,0.0000,0.0000,0.0000,78.8405,2.86883e-08,8.00207e-06,7.2727,9.6591,PASSOU 2/2 (90%/91%/—),4.15874e-07,768.8751,2018-10-01,2025-11-12
2,MBRF3,r10_swing_MBRF3_close_tp10_0_sl5_0_cap20__3f__month_of_year=q4__sma20_vs_sma50=far_dn__sma50_slope_20d=far_dn,close_tp10_0_sl5_0_cap20,close -> alvo 10% / stop 5% em ate 20 pregoes,close,target_stop_swing,10.0000,5.0000,20,3,Mes do ano (trimestre): quarto trimestre; MM20 vs MM50: muito abaixo; Inclinacao da MM50 em 20D: muito abaixo,"month_of_year,sma20_vs_sma50,sma50_slope_20d",44,90.9091,8.6364,20.0000,40,4,20,90.0000,8.5000,24,91.6667,8.7500,0,0.0000,0.0000,26,92.3077,8.8462,24.0000,0,0.0000,0.0000,0.0000,78.8405,2.86883e-08,8.00207e-06,7.2727,9.6591,PASSOU 2/2 (90%/91%/—),4.15874e-07,768.8751,2018-10-01,2025-11-12
3,MBRF3,r10_swing_MBRF3_close_tp4_0_sl4_0_cap10__3f__month_of_year=q4__rebound_10d=reb_15p__sma5_vs_sma20=up_5_10,close_tp4_0_sl4_0_cap10,close -> alvo 4% / stop 4% em ate 10 pregoes,close,target_stop_swing,4.0000,4.0000,10,3,Mes do ano (trimestre): quarto trimestre; Distancia desde minima 10D: 15%+ acima da minima; MM5 vs MM20: acima forte,"month_of_year,rebound_10d,sma5_vs_sma20",36,100.0000,4.0000,INF,36,0,12,100.0000,4.0000,2,100.0000,4.0000,22,100.0000,4.0000,16,100.0000,4.0000,INF,0,0.0000,0.0000,0.0000,90.3578,9.90122e-10,3.1686e-05,4.0000,4.0000,PASSOU 2/2 (100%/—/100%),3.71103e-08,757.2395,2018-10-16,2025-11-11
1,MULT3,r10_swing_MULT3_close_tp4_0_sl4_0_cap20__3f__sma50_slope_20d=dn_5_10__volume_ratio_5v20=low__volume_spike_1d=very_low,close_tp4_0_sl4_0_cap20,close -> alvo 4% / stop 4% em ate 20 pregoes,close,target_stop_swing,4.0000,4.0000,20,3,Inclinacao da MM50 em 20D: abaixo forte; Volume 5D vs 20D: baixo; Spike de volume vs maximo 5D: muito baixo,"sma50_slope_20d,volume_ratio_5v20,volume_spike_1d",48,87.5000,3.0000,7.0000,42,6,20,100.0000,4.0000,20,70.0000,1.6000,8,100.0000,4.0000,16,100.0000,4.0000,INF,0,0.0000,0.0000,0.0000,75.2993,1.01921e-07,3.1686e-05,2.1667,3.6667,PASSOU 3/3 (100%/70%/100%),1.08794e-06,697.3976,2018-06-18,2025-01-29
2,MULT3,r10_swing_MULT3_open_tp4_0_sl4_0_cap20__3f__sma50_slope_20d=dn_5_10__volume_ratio_5v20=low__volume_spike_1d=very_low,open_tp4_0_sl4_0_cap20,open -> alvo 4% / stop 4% em ate 20 pregoes,open,target_stop_swing,4.0000,4.0000,20,3,Inclinacao da MM50 em 20D: abaixo forte; Volume 5D vs 20D: baixo; Spike de volume vs maximo 5D: muito baixo,"sma50_slope_20d,volume_ratio_5v20,volume_spike_1d",46,86.9565,2.9565,6.6667,40,6,20,100.0000,4.0000,18,77.7778,2.2222,8,75.0000,2.0000,18,100.0000,4.0000,INF,0,0.0000,0.0000,0.0000,74.3339,2.68332e-07,1.10526e-05,2.0870,3.6522,PASSOU 3/3 (100%/77%/75%),2.22252e-06,694.4199,2018-06-19,2025-01-30
1,PETR3,r10_swing_PETR3_open_tp8_0_sl5_0_cap20__3f__close_vs_ema200=dn_1_5__gap_pct=flat__sma20_vs_sma50=dn_1_5,open_tp8_0_sl5_0_cap20,open -> alvo 8% / stop 5% em ate 20 pregoes,open,target_stop_swing,8.0000,5.0000,20,3,Fechamento vs EMA200: abaixo leve; Gap da abertura: neutro; MM20 vs MM50: abaixo leve,"close_vs_ema200,gap_pct,sma20_vs_sma50",32,87.5000,7.8858,INF,30,0,10,100.0000,8.0000,10,80.0000,7.6344,12,83.3333,8.0000,18,100.0000,8.0000,INF,0,0.0000,0.0000,0.0000,71.9314,1.10526e-05,1.10526e-05,7.7144,8.0000,PASSOU 3/3 (100%/80%/83%),3.494e-05,772.2316,2019-08-13,2025-11-07
2,PETR3,r10_swing_PETR3_close_tp6_0_sl4_0_cap20__3f__close_vs_ema21=near__drawdown_5d=near_high__sma20_vs_sma50=dn_1_5,close_tp6_0_sl4_0_cap20,close -> alvo 6% / stop 4% em ate 20 pregoes,close,target_stop_swing,6.0000,4.0000,20,3,Fechamento vs EMA21: perto do equilibrio; Queda desde maxima 5D: perto da maxima; MM20 vs MM50: abaixo leve,"close_vs_ema21,drawdown_5d,sma20_vs_sma50",36,94.4444,5.4444,25.5000,34,2,14,85.7143,4.5714,6,100.0000,6.0000,16,100.0000,6.0000,16,100.0000,6.0000,INF,0,0.0000,0.0000,0.0000,81.8550,4.83165e-08,3.1686e-05,4.6111,6.0000,PASSOU 3/3 (85%/100%/100%),5.84958e-07,756.6199,2019-05-21,2025-11-04
3,PETR3,r10_swing_PETR3_close_tp4_0_sl4_0_cap15__3f__close_vs_ema200=dn_1_5__gap_pct=flat__prev_ret_10d=up_1_3,close_tp4_0_sl4_0_cap15,close -> alvo 4% / stop 4% em ate 15 pregoes,close,target_stop_swing,4.0000,4.0000,15,3,Fechamento vs EMA200: abaixo leve; Gap da abertura: neutro; Retorno acumulado 10D: alta de 1% a 3%,"close_vs_ema200,gap_pct,prev_ret_10d",30,100.0000,4.0000,INF,30,0,6,100.0000,4.0000,22,100.0000,4.0000,2,100.0000,4.0000,18,100.0000,4.0000,INF,2,100.0000,4.0000,INF,88.6483,2.16546e-08,1.10526e-05,4.0000,4.0000,PASSOU 2/2 (100%/100%/—),3.28966e-07,752.6671,2020-07-07,2026-01-05
1,PETR4,r10_swing_PETR4_open_tp4_0_sl4_0_cap20__3f__drawdown_10d=dd_3_6__month_of_year=q4__sma5_vs_sma20=dn_1_5,open_tp4_0_sl4_0_cap20,open -> alvo 4% / stop 4% em ate 20 pregoes,open,target_stop_swing,4.0000,4.0000,20,3,Queda desde maxima 10D: 3% a 6% abaixo da maxima; Mes do ano (trimestre): quarto trimestre; MM5 vs MM20: abaixo leve,"drawdown_10d,month_of_year,sma5_vs_sma20",70,97.1429,3.7714,34.0000,68,2,14,100.0000,4.0000,16,87.5000,3.0000,40,100.0000,4.0000,22,100.0000,4.0000,INF,0,0.0000,0.0000,0.0000,90.1676,1.55431e-15,1.36482e-06,3.4286,4.0000,PASSOU 3/3 (100%/87%/100%),1.95975e-12,753.6091,2018-11-29,2025-12-22
2,PETR4,r10_swing_PETR4_close_tp6_0_sl4_0_cap20__3f__close_vs_sma50=dn_1_5__month_of_year=q4__prev_ret_1d=flat,close_tp6_0_sl4_0_cap20,close -> alvo 6% / stop 4% em ate 20 pregoes,close,target_stop_swing,6.0000,4.0000,20,3,Fechamento vs MM50: abaixo leve; Mes do ano (trimestre): quarto trimestre; Retorno acumulado 1D: neutro,"close_vs_sma50,month_of_year,prev_ret_1d",40,90.0000,5.0000,13.5000,36,4,4,100.0000,6.0000,10,80.0000,4.0000,26,92.3077,5.2308,26,100.0000,6.0000,INF,0,0.0000,0.0000,0.0000,76.9479,2.10372e-07,1.71006e-07,4.0000,5.7500,PASSOU 3/3 (100%/80%/92%),1.85637e-06,739.3229,2020-11-05,2025-11-04
3,PETR4,r10_swing_PETR4_close_tp6_0_sl4_0_cap20__3f__close_vs_sma200=far_dn__days_to_options_expiry=far__gap_pct=flat,close_tp6_0_sl4_0_cap20,close -> alvo 6% / stop 4% em ate 20 pregoes,close,target_stop_swing,6.0000,4.0000,20,3,Fechamento vs MM200: muito abaixo; Dias ate vencimento de opcoes B3: vencimento distante; Gap da abertura: neutro,"close_vs_sma200,days_to_options_expiry,gap_pct",56,85.7143,4.5714,9.0000,48,8,46,82.6087,4.2609,0,0.0000,0.0000,10,100.0000,6.0000,18,100.0000,6.0000,INF,0,0.0000,0.0000,0.0000,74.2638,4.52503e-08,1.10526e-05,3.6786,5.4643,PASSOU 2/2 (82%/—/100%),5.84958e-07,726.9424,2018-06-21,2025-06-06
1,POMO4,r10_swing_POMO4_close_tp4_0_sl4_0_cap10__3f__close_vs_ema200=far_dn__sma50_slope_10d=dn_1_5__upper_wick_ratio_prev=mid,close_tp4_0_sl4_0_cap10,close -> alvo 4% / stop 4% em ate 10 pregoes,close,target_stop_swing,4.0000,4.0000,10,3,Fechamento vs EMA200: muito abaixo; Inclinacao da MM50 em 10D: abaixo leve; Pavio superior do candle: medio,"close_vs_ema200,sma50_slope_10d,upper_wick_ratio_prev",34,94.1176,3.8349,INF,32,0,26,92.3077,3.7842,8,100.0000,4.0000,0,0.0000,0.0000,18,100.0000,4.0000,INF,0,0.0000,0.0000,0.0000,80.9061,1.34033e-07,1.10526e-05,3.5874,4.0000,PASSOU 2/2 (92%/100%/—),1.26592e-06,726.1397,2018-06-11,2025-12-19
2,POMO4,r10_swing_POMO4_open_tp4_0_sl4_0_cap15__3f__close_vs_ema21=up_1_5__close_vs_sma5=near__vol_ratio_5v20=high,open_tp4_0_sl4_0_cap15,open -> alvo 4% / stop 4% em ate 15 pregoes,open,target_stop_swing,4.0000,4.0000,15,3,Fechamento vs EMA21: acima leve; Fechamento vs MM5: perto do equilibrio; Volatilidade 5D vs 20D: alto,"close_vs_ema21,close_vs_sma5,vol_ratio_5v20",60,86.6667,2.9333,6.5000,52,8,20,70.0000,1.6000,10,80.0000,2.4000,30,100.0000,4.0000,20,100.0000,4.0000,INF,6,66.6667,1.3333,2.0000,75.8346,6.73906e-09,3.87556e-06,2.2667,3.6000,PASSOU 3/3 (70%/80%/100%),1.51901e-07,700.8600,2018-03-01,2026-03-05
3,POMO4,r10_swing_POMO4_open_tp4_0_sl4_0_cap20__3f__close_vs_ema21=up_1_5__close_vs_sma5=near__vol_ratio_5v20=high,open_tp4_0_sl4_0_cap20,open -> alvo 4% / stop 4% em ate 20 pregoes,open,target_stop_swing,4.0000,4.0000,20,3,Fechamento vs EMA21: acima leve; Fechamento vs MM5: perto do equilibrio; Volatilidade 5D vs 20D: alto,"close_vs_ema21,close_vs_sma5,vol_ratio_5v20",60,86.6667,2.9333,6.5000,52,8,20,70.0000,1.6000,10,80.0000,2.4000,30,100.0000,4.0000,20,100.0000,4.0000,INF,6,66.6667,1.3333,2.0000,75.8346,6.73906e-09,3.87556e-06,2.2667,3.6000,PASSOU 3/3 (70%/80%/100%),1.51901e-07,700.8600,2018-03-01,2026-03-05
1,PRIO3,r10_swing_PRIO3_close_tp6_0_sl4_0_cap20__3f__atr_return_1d=rel_near__close_vs_sma200=far_dn__sma50_slope_10d=dn_1_5,close_tp6_0_sl4_0_cap20,close -> alvo 6% / stop 4% em ate 20 pregoes,close,target_stop_swing,6.0000,4.0000,20,3,Retorno 1D normalizado por ATR: perto do normal; Fechamento vs MM200: muito abaixo; Inclinacao da MM50 em 10D: abaixo leve,"atr_return_1d,close_vs_sma200,sma50_slope_10d",34,100.0000,6.0000,INF,34,0,0,0.0000,0.0000,6,100.0000,6.0000,28,100.0000,6.0000,18,88.8889,4.8889,12.0000,0,0.0000,0.0000,0.0000,89.8482,2.76436e-09,0.000483773,6.0000,6.0000,PASSOU 2/2 (—/100%/100%),7.81426e-08,736.7114,2022-07-06,2025-10-21
2,PRIO3,r10_swing_PRIO3_close_tp6_0_sl4_0_cap20__3f__close_vs_sma200=far_dn__compression_3v20=low__volume_spike_1d=very_low,close_tp6_0_sl4_0_cap20,close -> alvo 6% / stop 4% em ate 20 pregoes,close,target_stop_swing,6.0000,4.0000,20,3,Fechamento vs MM200: muito abaixo; Compressao 3D vs 20D: baixo; Spike de volume vs maximo 5D: muito baixo,"close_vs_sma200,compression_3v20,volume_spike_1d",30,86.6667,5.1191,20.1965,26,2,10,80.0000,4.0000,2,100.0000,6.0000,18,88.8889,5.6429,16,100.0000,6.0000,INF,0,0.0000,0.0000,0.0000,70.3183,2.9532e-05,3.1686e-05,4.0119,5.8929,PASSOU 2/2 (80%/—/88%),7.25605e-05,717.2162,2020-03-24,2025-05-09
3,PRIO3,r10_swing_PRIO3_close_tp4_0_sl4_0_cap20__3f__close_vs_sma200=far_dn__compression_3v20=low__volume_spike_1d=very_low,close_tp4_0_sl4_0_cap20,close -> alvo 4% / stop 4% em ate 20 pregoes,close,target_stop_swing,4.0000,4.0000,20,3,Fechamento vs MM200: muito abaixo; Compressao 3D vs 20D: baixo; Spike de volume vs maximo 5D: muito baixo,"close_vs_sma200,compression_3v20,volume_spike_1d",30,93.3333,3.4667,14.0000,28,2,10,80.0000,2.4000,2,100.0000,4.0000,18,100.0000,4.0000,16,100.0000,4.0000,INF,0,0.0000,0.0000,0.0000,78.6762,1.0339e-06,3.1686e-05,2.6667,4.0000,PASSOU 2/2 (80%/—/100%),5.78033e-06,711.5283,2020-03-24,2025-05-09
1,PSSA3,r10_swing_PSSA3_close_tp6_0_sl4_0_cap20__3f__close_vs_ema200=near__day_of_month_bucket=second_half__drawdown_20d=dd_6_10,close_tp6_0_sl4_0_cap20,close -> alvo 6% / stop 4% em ate 20 pregoes,close,target_stop_swing,6.0000,4.0000,20,3,Fechamento vs EMA200: perto do equilibrio; Dia do mes (bucket): segunda metade; Queda desde maxima 20D: 6% a 10% abaixo da maxima,"close_vs_ema200,day_of_month_bucket,drawdown_20d",40,100.0000,6.0000,INF,40,0,18,100.0000,6.0000,2,100.0000,6.0000,20,100.0000,6.0000,20,100.0000,6.0000,INF,8,100.0000,6.0000,INF,91.2375,1.27544e-10,3.87556e-06,6.0000,6.0000,PASSOU 2/2 (100%/—/100%),8.84985e-09,796.9351,2019-05-23,2026-03-17
2,PSSA3,r10_swing_PSSA3_open_tp6_0_sl4_0_cap20__3f__close_vs_ema200=near__day_of_month_bucket=second_half__drawdown_20d=dd_6_10,open_tp6_0_sl4_0_cap20,open -> alvo 6% / stop 4% em ate 20 pregoes,open,target_stop_swing,6.0000,4.0000,20,3,Fechamento vs EMA200: perto do equilibrio; Dia do mes (bucket): segunda metade; Queda desde maxima 20D: 6% a 10% abaixo da maxima,"close_vs_ema200,day_of_month_bucket,drawdown_20d",40,95.0000,5.5000,28.5000,38,2,16,87.5000,4.7500,2,100.0000,6.0000,22,100.0000,6.0000,20,100.0000,6.0000,INF,10,100.0000,6.0000,INF,83.4958,6.29232e-09,3.87556e-06,4.7500,6.0000,PASSOU 2/2 (87%/—/100%),1.44854e-07,763.7100,2019-05-24,2026-03-18
3,PSSA3,r10_swing_PSSA3_close_tp4_0_sl4_0_cap15__3f__close_vs_ema200=near__day_of_month_bucket=second_half__drawdown_20d=dd_6_10,close_tp4_0_sl4_0_cap15,close -> alvo 4% / stop 4% em ate 15 pregoes,close,target_stop_swing,4.0000,4.0000,15,3,Fechamento vs EMA200: perto do equilibrio; Dia do mes (bucket): segunda metade; Queda desde maxima 20D: 6% a 10% abaixo da maxima,"close_vs_ema200,day_of_month_bucket,drawdown_20d",40,100.0000,4.0000,INF,40,0,18,100.0000,4.0000,2,100.0000,4.0000,20,100.0000,4.0000,20,100.0000,4.0000,INF,8,100.0000,4.0000,INF,91.2375,1.27544e-10,3.87556e-06,4.0000,4.0000,PASSOU 2/2 (100%/—/100%),8.84985e-09,760.9351,2019-05-23,2026-03-17
1,RADL3,r10_swing_RADL3_close_tp4_0_sl4_0_cap20__3f__close_vs_sma50=up_5_10__month_of_year=q3__prev_ret_3d=flat,close_tp4_0_sl4_0_cap20,close -> alvo 4% / stop 4% em ate 20 pregoes,close,target_stop_swing,4.0000,4.0000,20,3,Fechamento vs MM50: acima forte; Mes do ano (trimestre): terceiro trimestre; Retorno acumulado 3D: neutro,"close_vs_sma50,month_of_year,prev_ret_3d",66,90.9091,3.5051,15.4587,60,4,48,95.8333,3.6667,18,77.7778,3.0744,0,0.0000,0.0000,16,100.0000,4.0000,INF,0,0.0000,0.0000,0.0000,81.5511,1.50426e-11,3.1686e-05,3.0153,3.8788,PASSOU 2/2 (95%/77%/—),1.86281e-09,722.9418,2018-07-31,2025-09-29
1,RAIL3,r10_swing_RAIL3_close_tp6_0_sl4_0_cap15__3f__close_vs_ema200=far_dn__days_since_options_expiry=far__sma5_vs_sma20=near,close_tp6_0_sl4_0_cap15,close -> alvo 6% / stop 4% em ate 15 pregoes,close,target_stop_swing,6.0000,4.0000,15,3,Fechamento vs EMA200: muito abaixo; Dias desde vencimento de opcoes B3: muito apos vencimento; MM5 vs MM20: perto do equilibrio,"close_vs_ema200,days_since_options_expiry,sma5_vs_sma20",48,91.6667,5.1667,16.5000,44,4,10,100.0000,6.0000,36,88.8889,4.8889,2,100.0000,6.0000,18,100.0000,6.0000,INF,2,0.0000,-4.0000,0.0000,80.4464,3.89385e-09,1.10526e-05,4.3333,5.7917,PASSOU 2/2 (100%/88%/—),9.91548e-08,750.7278,2020-04-16,2026-01-13
2,RAIL3,r10_swing_RAIL3_close_tp6_0_sl4_0_cap20__3f__close_vs_ema200=far_dn__days_since_options_expiry=far__sma5_vs_sma20=near,close_tp6_0_sl4_0_cap20,close -> alvo 6% / stop 4% em ate 20 pregoes,close,target_stop_swing,6.0000,4.0000,20,3,Fechamento vs EMA200: muito abaixo; Dias desde vencimento de opcoes B3: muito apos vencimento; MM5 vs MM20: perto do equilibrio,"close_vs_ema200,days_since_options_expiry,sma5_vs_sma20",48,91.6667,5.1667,16.5000,44,4,10,100.0000,6.0000,36,88.8889,4.8889,2,100.0000,6.0000,18,100.0000,6.0000,INF,2,0.0000,-4.0000,0.0000,80.4464,3.89385e-09,1.10526e-05,4.3333,5.7917,PASSOU 2/2 (100%/88%/—),9.91548e-08,750.7278,2020-04-16,2026-01-13
3,RAIL3,r10_swing_RAIL3_close_tp4_0_sl4_0_cap15__3f__close_vs_ema200=far_dn__days_since_options_expiry=far__sma5_vs_sma20=near,close_tp4_0_sl4_0_cap15,close -> alvo 4% / stop 4% em ate 15 pregoes,close,target_stop_swing,4.0000,4.0000,15,3,Fechamento vs EMA200: muito abaixo; Dias desde vencimento de opcoes B3: muito apos vencimento; MM5 vs MM20: perto do equilibrio,"close_vs_ema200,days_since_options_expiry,sma5_vs_sma20",48,95.8333,3.6667,23.0000,46,2,10,100.0000,4.0000,36,94.4444,3.5556,2,100.0000,4.0000,18,100.0000,4.0000,INF,2,0.0000,-4.0000,0.0000,86.0241,1.07544e-10,1.10526e-05,3.1667,4.0000,PASSOU 2/2 (100%/94%/—),7.85753e-09,738.1281,2020-04-16,2026-01-13
1,RDOR3,r10_swing_RDOR3_close_tp4_0_sl4_0_cap15__3f__drawdown_20d=dd_1_3__range_position_5d=upper_band__sma20_vs_sma50=near,close_tp4_0_sl4_0_cap15,close -> alvo 4% / stop 4% em ate 15 pregoes,close,target_stop_swing,4.0000,4.0000,15,3,Queda desde maxima 20D: 1% a 3% abaixo da maxima; Posicao no range 5D: fechou na metade superior; MM20 vs MM50: perto do equilibrio,"drawdown_20d,range_position_5d,sma20_vs_sma50",36,94.4444,3.5556,17.0000,34,2,0,0.0000,0.0000,20,100.0000,4.0000,16,87.5000,3.0000,20,100.0000,4.0000,INF,2,0.0000,-4.0000,0.0000,81.8550,4.83165e-08,3.87556e-06,2.8889,4.0000,PASSOU 2/2 (—/100%/87%),5.84958e-07,723.8988,2021-04-23,2026-01-28
2,RDOR3,r10_swing_RDOR3_close_tp4_0_sl4_0_cap20__3f__drawdown_20d=dd_1_3__range_position_5d=upper_band__sma20_vs_sma50=near,close_tp4_0_sl4_0_cap20,close -> alvo 4% / stop 4% em ate 20 pregoes,close,target_stop_swing,4.0000,4.0000,20,3,Queda desde maxima 20D: 1% a 3% abaixo da maxima; Posicao no range 5D: fechou na metade superior; MM20 vs MM50: perto do equilibrio,"drawdown_20d,range_position_5d,sma20_vs_sma50",36,94.4444,3.5556,17.0000,34,2,0,0.0000,0.0000,20,100.0000,4.0000,16,87.5000,3.0000,20,100.0000,4.0000,INF,2,0.0000,-4.0000,0.0000,81.8550,4.83165e-08,3.87556e-06,2.8889,4.0000,PASSOU 2/2 (—/100%/87%),5.84958e-07,723.8988,2021-04-23,2026-01-28
3,RDOR3,r10_swing_RDOR3_close_tp4_0_sl4_0_cap15__3f__drawdown_20d=dd_1_3__rsi_14=neutral_high__sma20_vs_sma50=near,close_tp4_0_sl4_0_cap15,close -> alvo 4% / stop 4% em ate 15 pregoes,close,target_stop_swing,4.0000,4.0000,15,3,Queda desde maxima 20D: 1% a 3% abaixo da maxima; RSI 14 periodos: RSI neutro alto; MM20 vs MM50: perto do equilibrio,"drawdown_20d,rsi_14,sma20_vs_sma50",34,94.1176,3.5294,16.0000,32,2,0,0.0000,0.0000,18,88.8889,3.1111,16,100.0000,4.0000,28,100.0000,4.0000,INF,6,0.0000,-4.0000,0.0000,80.9061,1.34033e-07,6.07833e-08,2.8235,4.0000,PASSOU 2/2 (—/88%/100%),1.26592e-06,722.1428,2021-04-23,2026-02-02
1,RENT3,r10_swing_RENT3_close_tp4_0_sl4_0_cap20__3f__close_vs_sma200=far_up__month_of_year=q2__sma20_vs_sma50=up_5_10,close_tp4_0_sl4_0_cap20,close -> alvo 4% / stop 4% em ate 20 pregoes,close,target_stop_swing,4.0000,4.0000,20,3,Fechamento vs MM200: muito acima; Mes do ano (trimestre): segundo trimestre; MM20 vs MM50: acima forte,"close_vs_sma200,month_of_year,sma20_vs_sma50",98,85.7143,2.8571,6.0000,84,14,54,96.2963,3.7037,0,0.0000,0.0000,44,72.7273,1.8182,16,100.0000,4.0000,INF,0,0.0000,0.0000,0.0000,77.4386,7.73825e-13,3.1686e-05,2.2857,3.4286,PASSOU 2/2 (96%/—/72%),2.08955e-10,704.7675,2019-05-22,2025-06-04
2,RENT3,r10_swing_RENT3_close_tp4_0_sl4_0_cap15__3f__month_of_year=q2__sma20_vs_sma50=up_5_10__upper_wick_ratio_prev=mid,close_tp4_0_sl4_0_cap15,close -> alvo 4% / stop 4% em ate 15 pregoes,close,target_stop_swing,4.0000,4.0000,15,3,Mes do ano (trimestre): segundo trimestre; MM20 vs MM50: acima forte; Pavio superior do candle: medio,"month_of_year,sma20_vs_sma50,upper_wick_ratio_prev",50,84.0000,2.7200,5.2500,42,8,34,82.3529,2.5882,0,0.0000,0.0000,16,87.5000,3.0000,16,100.0000,4.0000,INF,0,0.0000,0.0000,0.0000,71.4855,7.61988e-07,3.1686e-05,1.9200,3.5200,PASSOU 2/2 (82%/—/87%),4.59842e-06,683.9826,2018-04-13,2025-06-02
3,RENT3,r10_swing_RENT3_close_tp4_0_sl4_0_cap20__3f__month_of_year=q2__sma20_vs_sma50=up_5_10__upper_wick_ratio_prev=mid,close_tp4_0_sl4_0_cap20,close -> alvo 4% / stop 4% em ate 20 pregoes,close,target_stop_swing,4.0000,4.0000,20,3,Mes do ano (trimestre): segundo trimestre; MM20 vs MM50: acima forte; Pavio superior do candle: medio,"month_of_year,sma20_vs_sma50,upper_wick_ratio_prev",50,84.0000,2.7200,5.2500,42,8,34,82.3529,2.5882,0,0.0000,0.0000,16,87.5000,3.0000,16,100.0000,4.0000,INF,0,0.0000,0.0000,0.0000,71.4855,7.61988e-07,3.1686e-05,1.9200,3.5200,PASSOU 2/2 (82%/—/87%),4.59842e-06,683.9826,2018-04-13,2025-06-02
1,SANB11,r10_swing_SANB11_close_tp4_0_sl4_0_cap20__3f__month_of_year=q4__rebound_10d=reb_10_15__sma5_vs_sma20=up_5_10,close_tp4_0_sl4_0_cap20,close -> alvo 4% / stop 4% em ate 20 pregoes,close,target_stop_swing,4.0000,4.0000,20,3,Mes do ano (trimestre): quarto trimestre; Distancia desde minima 10D: 10% a 15% acima da minima; MM5 vs MM20: acima forte,"month_of_year,rebound_10d,sma5_vs_sma20",54,96.2963,3.7037,26.0000,52,2,44,95.4545,3.6364,0,0.0000,0.0000,10,100.0000,4.0000,22,100.0000,4.0000,INF,0,0.0000,0.0000,0.0000,87.4646,5.11258e-12,1.36482e-06,3.2593,4.0000,PASSOU 2/2 (95%/—/100%),8.63543e-10,744.1457,2018-10-05,2025-11-13
2,SANB11,r10_swing_SANB11_close_tp4_0_sl3_0_cap20__3f__month_of_year=q4__rebound_10d=reb_10_15__sma20_slope_5d=up_1_5,close_tp4_0_sl3_0_cap20,close -> alvo 4% / stop 3% em ate 20 pregoes,close,target_stop_swing,4.0000,3.0000,20,3,Mes do ano (trimestre): quarto trimestre; Distancia desde minima 10D: 10% a 15% acima da minima; Inclinacao da MM20 em 5D: acima leve,"month_of_year,rebound_10d,sma20_slope_5d",42,95.2381,3.6667,26.6667,40,2,32,93.7500,3.5625,0,0.0000,0.0000,10,100.0000,4.0000,18,100.0000,4.0000,INF,0,0.0000,0.0000,0.0000,84.2099,2.27306e-09,1.10526e-05,3.1667,4.0000,PASSOU 2/2 (93%/—/100%),7.03535e-08,732.6855,2018-10-03,2025-11-13
3,SANB11,r10_swing_SANB11_close_tp4_0_sl4_0_cap20__3f__month_of_year=q4__prev_ret_20d=shock_up__rebound_10d=reb_10_15,close_tp4_0_sl4_0_cap20,close -> alvo 4% / stop 4% em ate 20 pregoes,close,target_stop_swing,4.0000,4.0000,20,3,Mes do ano (trimestre): quarto trimestre; Retorno acumulado 20D: choque de alta; Distancia desde minima 10D: 10% a 15% acima da minima,"month_of_year,prev_ret_20d,rebound_10d",62,93.5484,3.4839,14.5000,58,4,52,92.3077,3.3846,0,0.0000,0.0000,10,100.0000,4.0000,20,100.0000,4.0000,INF,0,0.0000,0.0000,0.0000,84.5523,3.51252e-12,3.87556e-06,2.9677,3.8710,PASSOU 2/2 (92%/—/100%),6.64523e-10,732.6211,2018-10-03,2025-11-13
1,SBSP3,r10_swing_SBSP3_open_tp4_0_sl4_0_cap20__3f__close_vs_ema200=up_5_10__close_vs_ema21=up_1_5__prev_ret_10d=up_5_8,open_tp4_0_sl4_0_cap20,open -> alvo 4% / stop 4% em ate 20 pregoes,open,target_stop_swing,4.0000,4.0000,20,3,Fechamento vs EMA200: acima forte; Fechamento vs EMA21: acima leve; Retorno acumulado 10D: alta de 5% a 8%,"close_vs_ema200,close_vs_ema21,prev_ret_10d",30,100.0000,4.0000,INF,30,0,12,100.0000,4.0000,10,100.0000,4.0000,8,100.0000,4.0000,16,100.0000,4.0000,INF,0,0.0000,0.0000,0.0000,88.6483,2.16546e-08,3.1686e-05,4.0000,4.0000,PASSOU 3/3 (100%/100%/100%),3.28966e-07,752.1110,2018-12-18,2025-01-31
2,SBSP3,r10_swing_SBSP3_close_tp4_0_sl4_0_cap15__3f__close_vs_ema200=up_5_10__close_vs_ema21=up_1_5__prev_ret_10d=up_5_8,close_tp4_0_sl4_0_cap15,close -> alvo 4% / stop 4% em ate 15 pregoes,close,target_stop_swing,4.0000,4.0000,15,3,Fechamento vs EMA200: acima forte; Fechamento vs EMA21: acima leve; Retorno acumulado 10D: alta de 5% a 8%,"close_vs_ema200,close_vs_ema21,prev_ret_10d",30,100.0000,4.0000,INF,30,0,12,100.0000,4.0000,10,100.0000,4.0000,8,100.0000,4.0000,16,100.0000,4.0000,INF,0,0.0000,0.0000,0.0000,88.6483,2.16546e-08,3.1686e-05,4.0000,4.0000,PASSOU 3/3 (100%/100%/100%),3.28966e-07,752.1110,2018-12-17,2025-01-30
3,SBSP3,r10_swing_SBSP3_close_tp4_0_sl4_0_cap20__3f__close_vs_ema200=up_5_10__close_vs_ema21=up_1_5__prev_ret_10d=up_5_8,close_tp4_0_sl4_0_cap20,close -> alvo 4% / stop 4% em ate 20 pregoes,close,target_stop_swing,4.0000,4.0000,20,3,Fechamento vs EMA200: acima forte; Fechamento vs EMA21: acima leve; Retorno acumulado 10D: alta de 5% a 8%,"close_vs_ema200,close_vs_ema21,prev_ret_10d",30,100.0000,4.0000,INF,30,0,12,100.0000,4.0000,10,100.0000,4.0000,8,100.0000,4.0000,16,100.0000,4.0000,INF,0,0.0000,0.0000,0.0000,88.6483,2.16546e-08,3.1686e-05,4.0000,4.0000,PASSOU 3/3 (100%/100%/100%),3.28966e-07,752.1110,2018-12-17,2025-01-30
1,SLCE3,r10_swing_SLCE3_open_tp4_0_sl4_0_cap20__3f__close_vs_ema200=far_dn__gap_filled_prev=no_gap__intraday_return_prev=flat,open_tp4_0_sl4_0_cap20,open -> alvo 4% / stop 4% em ate 20 pregoes,open,target_stop_swing,4.0000,4.0000,20,3,Fechamento vs EMA200: muito abaixo; Gap do candle de referencia preenchido: sem gap relevante; Retorno intraday do candle de referencia: neutro,"close_vs_ema200,gap_filled_prev,intraday_return_prev",34,100.0000,4.0000,INF,34,0,24,100.0000,4.0000,4,100.0000,4.0000,6,100.0000,4.0000,16,100.0000,4.0000,INF,0,0.0000,0.0000,0.0000,89.8482,2.76436e-09,3.1686e-05,4.0000,4.0000,PASSOU 3/3 (100%/100%/100%),7.81426e-08,755.7107,2019-01-11,2025-10-20
2,SLCE3,r10_swing_SLCE3_close_tp4_0_sl4_0_cap20__3f__close_vs_ema200=dn_5_10__month_of_year=q4__sma50_slope_10d=near,close_tp4_0_sl4_0_cap20,close -> alvo 4% / stop 4% em ate 20 pregoes,close,target_stop_swing,4.0000,4.0000,20,3,Fechamento vs EMA200: abaixo forte; Mes do ano (trimestre): quarto trimestre; Inclinacao da MM50 em 10D: perto do equilibrio,"close_vs_ema200,month_of_year,sma50_slope_10d",52,96.1538,3.6923,25.0000,50,2,20,90.0000,3.2000,10,100.0000,4.0000,22,100.0000,4.0000,20,100.0000,4.0000,INF,0,0.0000,0.0000,0.0000,87.0186,1.41063e-11,3.87556e-06,3.2308,4.0000,PASSOU 3/3 (90%/100%/100%),1.78226e-09,742.1248,2019-10-01,2025-11-25
3,SLCE3,r10_swing_SLCE3_open_tp4_0_sl4_0_cap20__3f__close_vs_ema200=far_dn__intraday_return_prev=flat__prev_ret_1d=flat,open_tp4_0_sl4_0_cap20,open -> alvo 4% / stop 4% em ate 20 pregoes,open,target_stop_swing,4.0000,4.0000,20,3,Fechamento vs EMA200: muito abaixo; Retorno intraday do candle de referencia: neutro; Retorno acumulado 1D: neutro,"close_vs_ema200,intraday_return_prev,prev_ret_1d",44,95.4545,3.6364,21.0000,42,2,30,93.3333,3.4667,6,100.0000,4.0000,8,100.0000,4.0000,16,100.0000,4.0000,INF,0,0.0000,0.0000,0.0000,84.8647,8.21642e-10,3.1686e-05,3.0909,4.0000,PASSOU 3/3 (93%/100%/100%),3.39391e-08,733.4874,2019-01-02,2025-10-20
1,SUZB3,r10_swing_SUZB3_close_tp4_0_sl4_0_cap20__3f__atr_return_1d=rel_near__month_of_year=q4__prev_ret_3d_z20=rel_soft_dn,close_tp4_0_sl4_0_cap20,close -> alvo 4% / stop 4% em ate 20 pregoes,close,target_stop_swing,4.0000,4.0000,20,3,Retorno 1D normalizado por ATR: perto do normal; Mes do ano (trimestre): quarto trimestre; Retorno 3D em z-score 20D: levemente abaixo,"atr_return_1d,month_of_year,prev_ret_3d_z20",52,84.6154,2.7692,5.5000,44,8,30,93.3333,3.4667,14,71.4286,1.7143,8,75.0000,2.0000,16,100.0000,4.0000,INF,0,0.0000,0.0000,0.0000,72.4757,2.98788e-07,3.1686e-05,2.0000,3.5385,PASSOU 3/3 (93%/71%/75%),2.34815e-06,687.5932,2018-10-18,2025-12-16
2,SUZB3,r10_swing_SUZB3_close_tp4_0_sl4_0_cap15__3f__close_vs_sma200=far_dn__range_position_20d=near_low__vol_ratio_5v20=very_low,close_tp4_0_sl4_0_cap15,close -> alvo 4% / stop 4% em ate 15 pregoes,close,target_stop_swing,4.0000,4.0000,15,3,Fechamento vs MM200: muito abaixo; Posicao no range 20D: fechou perto da minima; Volatilidade 5D vs 20D: muito baixo,"close_vs_sma200,range_position_20d,vol_ratio_5v20",76,81.5789,2.5263,4.4286,62,14,28,71.4286,1.7143,34,82.3529,2.5882,14,100.0000,4.0000,18,100.0000,4.0000,INF,8,25.0000,-1.6869,0.3722,71.4215,1.84018e-08,1.10526e-05,1.7895,3.1579,PASSOU 3/3 (71%/82%/100%),3.06287e-07,683.3027,2018-11-12,2026-05-05
1,TAEE11,r10_swing_TAEE11_close_tp4_0_sl4_0_cap20__3f__close_vs_sma200=dn_1_5__drawdown_10d=dd_1_3__prev_ret_1d=flat,close_tp4_0_sl4_0_cap20,close -> alvo 4% / stop 4% em ate 20 pregoes,close,target_stop_swing,4.0000,4.0000,20,3,Fechamento vs MM200: abaixo leve; Queda desde maxima 10D: 1% a 3% abaixo da maxima; Retorno acumulado 1D: neutro,"close_vs_sma200,drawdown_10d,prev_ret_1d",80,95.0000,3.7694,38.6936,76,2,8,100.0000,4.0000,4,100.0000,4.0000,68,94.1176,3.7287,18,100.0000,4.0000,INF,0,0.0000,0.0000,0.0000,87.8375,0,1.10526e-05,3.4540,3.9847,PASSOU 3/3 (100%/100%/94%),0,745.8667,2018-06-26,2025-02-28
2,TAEE11,r10_swing_TAEE11_open_tp4_0_sl4_0_cap20__3f__close_vs_sma200=dn_1_5__drawdown_10d=dd_1_3__prev_ret_1d=flat,open_tp4_0_sl4_0_cap20,open -> alvo 4% / stop 4% em ate 20 pregoes,open,target_stop_swing,4.0000,4.0000,20,3,Fechamento vs MM200: abaixo leve; Queda desde maxima 10D: 1% a 3% abaixo da maxima; Retorno acumulado 1D: neutro,"close_vs_sma200,drawdown_10d,prev_ret_1d",80,95.0000,3.6000,19.0000,76,4,8,100.0000,4.0000,4,100.0000,4.0000,68,94.1176,3.5294,18,100.0000,4.0000,INF,0,0.0000,0.0000,0.0000,87.8375,0,1.10526e-05,3.2000,3.9000,PASSOU 3/3 (100%/100%/94%),0,743.8347,2018-06-27,2025-03-05
3,TAEE11,r10_swing_TAEE11_open_tp4_0_sl4_0_cap20__3f__month_of_year=q4__rebound_5d=near_low__sma20_vs_sma50=up_1_5,open_tp4_0_sl4_0_cap20,open -> alvo 4% / stop 4% em ate 20 pregoes,open,target_stop_swing,4.0000,4.0000,20,3,Mes do ano (trimestre): quarto trimestre; Distancia desde minima 5D: perto da minima; MM20 vs MM50: acima leve,"month_of_year,rebound_5d,sma20_vs_sma50",36,94.4444,3.9106,INF,34,0,16,87.5000,3.7988,2,100.0000,4.0000,18,100.0000,4.0000,18,100.0000,4.0000,INF,0,0.0000,0.0000,0.0000,81.8550,4.83165e-08,1.10526e-05,3.7764,4.0000,PASSOU 2/2 (87%/—/100%),5.84958e-07,730.4984,2018-10-25,2025-12-23
1,TOTS3,r10_swing_TOTS3_open_tp4_0_sl4_0_cap20__3f__bb_position_20=near_high__rsi_14=neutral_high__sma20_vs_sma50=dn_1_5,open_tp4_0_sl4_0_cap20,open -> alvo 4% / stop 4% em ate 20 pregoes,open,target_stop_swing,4.0000,4.0000,20,3,Posicao nas Bandas de Bollinger 20D: fechou perto da maxima; RSI 14 periodos: RSI neutro alto; MM20 vs MM50: abaixo leve,"bb_position_20,rsi_14,sma20_vs_sma50",128,81.2500,2.5000,4.3333,104,24,42,80.9524,2.4762,22,72.7273,1.8182,64,84.3750,2.7500,16,100.0000,4.0000,INF,12,33.3333,-1.3333,0.5000,73.6149,7.73825e-13,3.1686e-05,1.8750,3.0625,PASSOU 3/3 (80%/72%/84%),2.08955e-10,690.0108,2018-01-04,2026-05-08
2,TOTS3,r10_swing_TOTS3_close_tp4_0_sl4_0_cap20__3f__month_of_year=q2__positive_days_10d=neutral__range_position_20d=middle,close_tp4_0_sl4_0_cap20,close -> alvo 4% / stop 4% em ate 20 pregoes,close,target_stop_swing,4.0000,4.0000,20,3,Mes do ano (trimestre): segundo trimestre; Dias positivos nos ultimos 10 pregoes: 4 a 5 dias positivos em 10D; Posicao no range 20D: fechou no meio,"month_of_year,positive_days_10d,range_position_20d",98,79.5918,2.3673,3.9000,78,20,40,70.0000,1.6000,20,70.0000,1.6000,38,94.7368,3.5789,16,100.0000,4.0000,INF,16,62.5000,1.0000,1.6667,70.5688,2.33749e-09,3.1686e-05,1.6327,3.0204,PASSOU 3/3 (70%/70%/94%),7.16061e-08,678.9341,2018-04-04,2026-05-06
3,TOTS3,r10_swing_TOTS3_close_tp4_0_sl4_0_cap20__3f__bb_position_20=near_high__rsi_14=neutral_high__sma20_vs_sma50=dn_1_5,close_tp4_0_sl4_0_cap20,close -> alvo 4% / stop 4% em ate 20 pregoes,close,target_stop_swing,4.0000,4.0000,20,3,Posicao nas Bandas de Bollinger 20D: fechou perto da maxima; RSI 14 periodos: RSI neutro alto; MM20 vs MM50: abaixo leve,"bb_position_20,rsi_14,sma20_vs_sma50",128,78.1250,2.2500,3.5714,100,28,44,72.7273,1.8182,20,90.0000,3.2000,64,78.1250,2.2500,16,100.0000,4.0000,INF,12,33.3333,-1.3333,0.5000,70.2014,9.87543e-11,3.1686e-05,1.6250,2.8125,PASSOU 3/3 (72%/90%/78%),7.52442e-09,677.7703,2018-01-03,2026-05-07
1,UGPA3,r10_swing_UGPA3_close_tp4_0_sl4_0_cap20__3f__close_vs_sma200=far_up__range_position_20d=upper_band__rsi_14=high,close_tp4_0_sl4_0_cap20,close -> alvo 4% / stop 4% em ate 20 pregoes,close,target_stop_swing,4.0000,4.0000,20,3,Fechamento vs MM200: muito acima; Posicao no range 20D: fechou na metade superior; RSI 14 periodos: RSI alto,"close_vs_sma200,range_position_20d,rsi_14",66,90.9091,3.4034,15.0390,60,4,16,87.5000,3.0000,0,0.0000,0.0000,50,92.0000,3.5325,16,100.0000,4.0000,INF,4,50.0000,0.0000,1.0000,81.5511,1.50426e-11,3.1686e-05,2.8627,3.8324,PASSOU 2/2 (87%/—/92%),1.86281e-09,721.7210,2020-01-06,2026-03-31
2,UGPA3,r10_swing_UGPA3_close_tp4_0_sl4_0_cap20__3f__close_vs_ema200=far_up__range_position_20d=upper_band__rsi_14=high,close_tp4_0_sl4_0_cap20,close -> alvo 4% / stop 4% em ate 20 pregoes,close,target_stop_swing,4.0000,4.0000,20,3,Fechamento vs EMA200: muito acima; Posicao no range 20D: fechou na metade superior; RSI 14 periodos: RSI alto,"close_vs_ema200,range_position_20d,rsi_14",66,90.9091,3.4034,15.0390,60,4,16,87.5000,3.0000,0,0.0000,0.0000,50,92.0000,3.5325,16,100.0000,4.0000,INF,4,50.0000,0.0000,1.0000,81.5511,1.50426e-11,3.1686e-05,2.8627,3.8324,PASSOU 2/2 (87%/—/92%),1.86281e-09,721.7210,2020-01-06,2026-03-31
3,UGPA3,r10_swing_UGPA3_close_tp4_0_sl4_0_cap15__3f__close_vs_sma200=far_up__range_position_20d=upper_band__rsi_14=high,close_tp4_0_sl4_0_cap15,close -> alvo 4% / stop 4% em ate 15 pregoes,close,target_stop_swing,4.0000,4.0000,15,3,Fechamento vs MM200: muito acima; Posicao no range 20D: fechou na metade superior; RSI 14 periodos: RSI alto,"close_vs_sma200,range_position_20d,rsi_14",66,81.8182,2.9757,10.5326,54,4,16,87.5000,3.0000,0,0.0000,0.0000,50,80.0000,2.9679,16,100.0000,4.0000,INF,4,50.0000,0.0000,1.0000,70.8546,1.17363e-07,3.1686e-05,2.4035,3.5362,PASSOU 2/2 (87%/—/80%),1.18756e-06,685.9579,2020-01-06,2026-03-31
1,VALE3,r10_swing_VALE3_close_tp4_0_sl3_0_cap20__3f__close_vs_ema200=up_5_10__close_vs_sma50=up_5_10__sma50_slope_20d=up_1_5,close_tp4_0_sl3_0_cap20,close -> alvo 4% / stop 3% em ate 20 pregoes,close,target_stop_swing,4.0000,3.0000,20,3,Fechamento vs EMA200: acima forte; Fechamento vs MM50: acima forte; Inclinacao da MM50 em 20D: acima leve,"close_vs_ema200,close_vs_sma50,sma50_slope_20d",30,100.0000,4.0000,INF,30,0,10,100.0000,4.0000,0,0.0000,0.0000,20,100.0000,4.0000,19,100.0000,4.0000,INF,0,0.0000,0.0000,0.0000,88.6483,2.16546e-08,6.54098e-06,4.0000,4.0000,PASSOU 2/2 (100%/—/100%),3.28966e-07,752.9236,2019-11-26,2025-10-10
2,VALE3,r10_swing_VALE3_open_tp6_0_sl4_0_cap20__3f__month_of_year=q4__prev_ret_20d=up_5_8__range_position_20d=upper_band,open_tp6_0_sl4_0_cap20,open -> alvo 6% / stop 4% em ate 20 pregoes,open,target_stop_swing,6.0000,4.0000,20,3,Mes do ano (trimestre): quarto trimestre; Retorno acumulado 20D: alta de 5% a 8%; Posicao no range 20D: fechou na metade superior,"month_of_year,prev_ret_20d,range_position_20d",32,93.7500,5.3750,22.5000,30,2,12,83.3333,4.3333,16,100.0000,6.0000,4,100.0000,6.0000,18,100.0000,6.0000,INF,0,0.0000,0.0000,0.0000,79.8525,3.72109e-07,1.10526e-05,4.4375,6.0000,PASSOU 3/3 (83%/100%/100%),2.72006e-06,749.7797,2020-10-21,2025-12-10
3,VALE3,r10_swing_VALE3_open_tp4_0_sl4_0_cap20__3f__bb_position_20=upper_band__month_of_year=q4__rsi_14=high,open_tp4_0_sl4_0_cap20,open -> alvo 4% / stop 4% em ate 20 pregoes,open,target_stop_swing,4.0000,4.0000,20,3,Posicao nas Bandas de Bollinger 20D: fechou na metade superior; Mes do ano (trimestre): quarto trimestre; RSI 14 periodos: RSI alto,"bb_position_20,month_of_year,rsi_14",48,95.8333,3.6667,23.0000,46,2,24,91.6667,3.3333,8,100.0000,4.0000,16,100.0000,4.0000,26,100.0000,4.0000,INF,0,0.0000,0.0000,0.0000,86.0241,1.07544e-10,1.71006e-07,3.1667,4.0000,PASSOU 3/3 (91%/100%/100%),7.85753e-09,739.8851,2018-10-03,2025-12-30
1,VAMO3,r10_swing_VAMO3_open_tp8_0_sl5_0_cap10__3f__days_to_options_expiry=near__positive_days_10d=weak__sma50_slope_10d=dn_1_5,open_tp8_0_sl5_0_cap10,open -> alvo 8% / stop 5% em ate 10 pregoes,open,target_stop_swing,8.0000,5.0000,10,3,Dias ate vencimento de opcoes B3: vencimento proximo; Dias positivos nos ultimos 10 pregoes: 0 a 3 dias positivos em 10D; Inclinacao da MM50 em 10D: abaixo leve,"days_to_options_expiry,positive_days_10d,sma50_slope_10d",34,88.2353,6.4706,12.0000,30,4,0,0.0000,0.0000,12,100.0000,8.0000,22,81.8182,5.6364,16,75.0000,5.7200,10.1520,0,0.0000,0.0000,0.0000,73.3788,4.12146e-06,0.0227501,4.9412,7.6176,PASSOU 2/2 (—/100%/81%),1.67511e-05,631.0321,2022-07-12,2025-10-17
2,VAMO3,r10_swing_VAMO3_open_tp8_0_sl5_0_cap15__3f__days_to_options_expiry=near__positive_days_10d=weak__sma50_slope_10d=dn_1_5,open_tp8_0_sl5_0_cap15,open -> alvo 8% / stop 5% em ate 15 pregoes,open,target_stop_swing,8.0000,5.0000,15,3,Dias ate vencimento de opcoes B3: vencimento proximo; Dias positivos nos ultimos 10 pregoes: 0 a 3 dias positivos em 10D; Inclinacao da MM50 em 10D: abaixo leve,"days_to_options_expiry,positive_days_10d,sma50_slope_10d",34,88.2353,6.4706,12.0000,30,4,0,0.0000,0.0000,12,100.0000,8.0000,22,81.8182,5.6364,16,75.0000,4.7500,4.8000,0,0.0000,0.0000,0.0000,73.3788,4.12146e-06,0.0227501,4.9412,7.6176,PASSOU 2/2 (—/100%/81%),1.67511e-05,621.3321,2022-07-12,2025-10-17
3,VAMO3,r10_swing_VAMO3_open_tp8_0_sl5_0_cap20__3f__days_to_options_expiry=near__positive_days_10d=weak__sma50_slope_10d=dn_1_5,open_tp8_0_sl5_0_cap20,open -> alvo 8% / stop 5% em ate 20 pregoes,open,target_stop_swing,8.0000,5.0000,20,3,Dias ate vencimento de opcoes B3: vencimento proximo; Dias positivos nos ultimos 10 pregoes: 0 a 3 dias positivos em 10D; Inclinacao da MM50 em 10D: abaixo leve,"days_to_options_expiry,positive_days_10d,sma50_slope_10d",34,88.2353,6.4706,12.0000,30,4,0,0.0000,0.0000,12,100.0000,8.0000,22,81.8182,5.6364,16,75.0000,4.7500,4.8000,0,0.0000,0.0000,0.0000,73.3788,4.12146e-06,0.0227501,4.9412,7.6176,PASSOU 2/2 (—/100%/81%),1.67511e-05,621.3321,2022-07-12,2025-10-17
1,VBBR3,r10_swing_VBBR3_open_tp4_0_sl4_0_cap20__3f__close_vs_ema200=up_5_10__gap_filled_prev=no_gap__sma20_vs_sma50=near,open_tp4_0_sl4_0_cap20,open -> alvo 4% / stop 4% em ate 20 pregoes,open,target_stop_swing,4.0000,4.0000,20,3,Fechamento vs EMA200: acima forte; Gap do candle de referencia preenchido: sem gap relevante; MM20 vs MM50: perto do equilibrio,"close_vs_ema200,gap_filled_prev,sma20_vs_sma50",44,95.4545,3.6364,21.0000,42,2,26,100.0000,4.0000,6,100.0000,4.0000,12,83.3333,2.6667,16,100.0000,4.0000,INF,0,0.0000,0.0000,0.0000,84.8647,8.21642e-10,3.1686e-05,3.0909,4.0000,PASSOU 3/3 (100%/100%/83%),3.39391e-08,733.4874,2019-03-01,2025-11-05
2,VBBR3,r10_swing_VBBR3_close_tp4_0_sl4_0_cap15__3f__close_vs_ema200=up_5_10__gap_filled_prev=no_gap__sma20_vs_sma50=near,close_tp4_0_sl4_0_cap15,close -> alvo 4% / stop 4% em ate 15 pregoes,close,target_stop_swing,4.0000,4.0000,15,3,Fechamento vs EMA200: acima forte; Gap do candle de referencia preenchido: sem gap relevante; MM20 vs MM50: perto do equilibrio,"close_vs_ema200,gap_filled_prev,sma20_vs_sma50",44,95.4545,3.6364,21.0000,42,2,26,100.0000,4.0000,6,100.0000,4.0000,12,83.3333,2.6667,16,100.0000,4.0000,INF,0,0.0000,0.0000,0.0000,84.8647,8.21642e-10,3.1686e-05,3.0909,4.0000,PASSOU 3/3 (100%/100%/83%),3.39391e-08,733.4874,2019-02-28,2025-11-04
3,VBBR3,r10_swing_VBBR3_close_tp4_0_sl4_0_cap20__3f__close_vs_ema200=up_5_10__gap_filled_prev=no_gap__sma20_vs_sma50=near,close_tp4_0_sl4_0_cap20,close -> alvo 4% / stop 4% em ate 20 pregoes,close,target_stop_swing,4.0000,4.0000,20,3,Fechamento vs EMA200: acima forte; Gap do candle de referencia preenchido: sem gap relevante; MM20 vs MM50: perto do equilibrio,"close_vs_ema200,gap_filled_prev,sma20_vs_sma50",44,95.4545,3.6364,21.0000,42,2,26,100.0000,4.0000,6,100.0000,4.0000,12,83.3333,2.6667,16,100.0000,4.0000,INF,0,0.0000,0.0000,0.0000,84.8647,8.21642e-10,3.1686e-05,3.0909,4.0000,PASSOU 3/3 (100%/100%/83%),3.39391e-08,733.4874,2019-02-28,2025-11-04
1,VIVA3,r10_swing_VIVA3_close_tp8_0_sl5_0_cap20__3f__close_vs_sma200=far_dn__close_vs_sma50=up_1_5__sma50_slope_10d=near,close_tp8_0_sl5_0_cap20,close -> alvo 8% / stop 5% em ate 20 pregoes,close,target_stop_swing,8.0000,5.0000,20,3,Fechamento vs MM200: muito abaixo; Fechamento vs MM50: acima leve; Inclinacao da MM50 em 10D: perto do equilibrio,"close_vs_sma200,close_vs_sma50,sma50_slope_10d",32,100.0000,8.0000,INF,32,0,0,0.0000,0.0000,8,100.0000,8.0000,24,100.0000,8.0000,24,83.3333,5.8333,8.0000,0,0.0000,0.0000,0.0000,89.2817,7.73015e-09,0.000545478,8.0000,8.0000,PASSOU 2/2 (—/100%/100%),1.57101e-07,739.6057,2022-02-09,2025-04-17
2,VIVA3,r10_swing_VIVA3_open_tp4_0_sl4_0_cap10__3f__close_vs_sma200=far_dn__drawdown_5d=dd_3_6__sma50_slope_10d=near,open_tp4_0_sl4_0_cap10,open -> alvo 4% / stop 4% em ate 10 pregoes,open,target_stop_swing,4.0000,4.0000,10,3,Fechamento vs MM200: muito abaixo; Queda desde maxima 5D: 3% a 6% abaixo da maxima; Inclinacao da MM50 em 10D: perto do equilibrio,"close_vs_sma200,drawdown_5d,sma50_slope_10d",34,94.1176,3.5294,16.0000,32,2,0,0.0000,0.0000,14,85.7143,2.8571,20,100.0000,4.0000,16,100.0000,4.0000,INF,0,0.0000,0.0000,0.0000,80.9061,1.34033e-07,3.1686e-05,2.8235,4.0000,PASSOU 2/2 (—/85%/100%),1.26592e-06,719.4724,2022-02-11,2025-04-17
3,VIVA3,r10_swing_VIVA3_open_tp4_0_sl4_0_cap15__3f__close_vs_sma200=far_dn__drawdown_5d=dd_3_6__sma50_slope_10d=near,open_tp4_0_sl4_0_cap15,open -> alvo 4% / stop 4% em ate 15 pregoes,open,target_stop_swing,4.0000,4.0000,15,3,Fechamento vs MM200: muito abaixo; Queda desde maxima 5D: 3% a 6% abaixo da maxima; Inclinacao da MM50 em 10D: perto do equilibrio,"close_vs_sma200,drawdown_5d,sma50_slope_10d",34,94.1176,3.5294,16.0000,32,2,0,0.0000,0.0000,14,85.7143,2.8571,20,100.0000,4.0000,16,100.0000,4.0000,INF,0,0.0000,0.0000,0.0000,80.9061,1.34033e-07,3.1686e-05,2.8235,4.0000,PASSOU 2/2 (—/85%/100%),1.26592e-06,719.4724,2022-02-11,2025-04-17
1,VIVT3,r10_swing_VIVT3_close_tp4_0_sl4_0_cap20__3f__month_of_year=q1__sma50_slope_20d=dn_1_5__volume_spike_1d=very_low,close_tp4_0_sl4_0_cap20,close -> alvo 4% / stop 4% em ate 20 pregoes,close,target_stop_swing,4.0000,4.0000,20,3,Mes do ano (trimestre): primeiro trimestre; Inclinacao da MM50 em 20D: abaixo leve; Spike de volume vs maximo 5D: muito baixo,"month_of_year,sma50_slope_20d,volume_spike_1d",30,100.0000,4.0000,INF,30,0,20,100.0000,4.0000,0,0.0000,0.0000,10,100.0000,4.0000,30,100.0000,4.0000,INF,0,0.0000,0.0000,0.0000,88.6483,2.16546e-08,2.16546e-08,4.0000,4.0000,PASSOU 2/2 (100%/—/100%),3.28966e-07,755.1148,2018-01-02,2025-02-04
2,VIVT3,r10_swing_VIVT3_close_tp4_0_sl4_0_cap20__3f__month_of_year=q1__range_position_10d=middle__rsi_14=neutral_low,close_tp4_0_sl4_0_cap20,close -> alvo 4% / stop 4% em ate 20 pregoes,close,target_stop_swing,4.0000,4.0000,20,3,Mes do ano (trimestre): primeiro trimestre; Posicao no range 10D: fechou no meio; RSI 14 periodos: RSI neutro baixo,"month_of_year,range_position_10d,rsi_14",72,91.6667,3.5309,26.5652,66,2,18,88.8889,3.1111,32,87.5000,3.4445,22,100.0000,4.0000,16,100.0000,4.0000,INF,10,100.0000,4.0000,INF,82.9874,7.73825e-13,3.1686e-05,3.1354,3.8765,PASSOU 3/3 (88%/87%/100%),2.08955e-10,728.2115,2018-01-03,2026-03-23
3,VIVT3,r10_swing_VIVT3_close_tp4_0_sl4_0_cap20__3f__month_of_year=q1__range_position_20d=lower_band__volume_spike_1d=very_low,close_tp4_0_sl4_0_cap20,close -> alvo 4% / stop 4% em ate 20 pregoes,close,target_stop_swing,4.0000,4.0000,20,3,Mes do ano (trimestre): primeiro trimestre; Posicao no range 20D: fechou na metade inferior; Spike de volume vs maximo 5D: muito baixo,"month_of_year,range_position_20d,volume_spike_1d",132,89.3939,3.2092,9.7549,118,12,46,91.3043,3.3043,26,100.0000,4.0000,60,83.3333,2.7936,20,100.0000,4.0000,INF,20,100.0000,4.0000,INF,82.9833,0,3.87556e-06,2.7850,3.5728,PASSOU 3/3 (91%/100%/83%),0,726.4525,2018-02-22,2026-03-30
1,WEGE3,r10_swing_WEGE3_close_tp4_0_sl4_0_cap20__3f__close_vs_sma200=far_up__close_vs_sma50=dn_1_5__gap_vs_atr14=rel_near,close_tp4_0_sl4_0_cap20,close -> alvo 4% / stop 4% em ate 20 pregoes,close,target_stop_swing,4.0000,4.0000,20,3,Fechamento vs MM200: muito acima; Fechamento vs MM50: abaixo leve; Gap vs ATR14: perto do normal,"close_vs_sma200,close_vs_sma50,gap_vs_atr14",96,81.2500,2.5641,4.7383,78,16,52,80.7692,2.4615,8,75.0000,2.0000,36,83.3333,2.8376,16,100.0000,4.0000,INF,20,30.0000,-1.6000,0.4286,72.2976,4.58845e-10,3.1686e-05,1.9808,3.1667,PASSOU 3/3 (80%/75%/83%),2.21485e-08,686.9053,2019-08-26,2026-04-27
2,WEGE3,r10_swing_WEGE3_close_tp4_0_sl4_0_cap20__3f__close_vs_sma200=far_up__close_vs_sma50=dn_1_5__gap_vs_range20=rel_near,close_tp4_0_sl4_0_cap20,close -> alvo 4% / stop 4% em ate 20 pregoes,close,target_stop_swing,4.0000,4.0000,20,3,Fechamento vs MM200: muito acima; Fechamento vs MM50: abaixo leve; Gap vs range medio 20D: perto do normal,"close_vs_sma200,close_vs_sma50,gap_vs_range20",94,80.8511,2.5336,4.6168,76,16,50,80.0000,2.4000,8,75.0000,2.0000,36,83.3333,2.8376,16,100.0000,4.0000,INF,20,30.0000,-1.6000,0.4286,71.7495,1.10432e-09,3.1686e-05,1.9051,3.1489,PASSOU 3/3 (80%/75%/83%),4.09828e-08,684.6554,2019-08-26,2026-04-27
3,WEGE3,r10_swing_WEGE3_close_tp4_0_sl4_0_cap20__3f__close_vs_sma200=far_up__close_vs_sma50=dn_1_5__gap_pct=flat,close_tp4_0_sl4_0_cap20,close -> alvo 4% / stop 4% em ate 20 pregoes,close,target_stop_swing,4.0000,4.0000,20,3,Fechamento vs MM200: muito acima; Fechamento vs MM50: abaixo leve; Gap da abertura: neutro,"close_vs_sma200,close_vs_sma50,gap_pct",92,80.4348,2.5017,4.4953,74,16,42,80.9524,2.4762,8,75.0000,2.0000,42,80.9524,2.6227,16,100.0000,4.0000,INF,20,30.0000,-1.6000,0.4286,71.1795,2.64359e-09,3.1686e-05,1.8930,3.1104,PASSOU 3/3 (80%/75%/80%),7.79914e-08,682.8486,2019-08-26,2026-04-27
