book,code,label,trade_direction,entry_rule,take_profit_pct,stop_loss_pct,time_cap_days,state_size,state_signature,feature_keys,tickers_with_matches,total_occurrences,success_rate_pct,profitable_trade_rate_pct,take_profit_rate_pct,average_trade_return_pct,net_trade_return_pct,profit_factor
daytrade-cobertura-10,asset_long_open_tp1_sl2_cap1__3f__sma20_vs_sma50=dn_1_5__sma50_slope_10d=near__intraday_return_prev=flat,"Discovery Acao: compra no open, alvo +1% / stop -2% / cap 1D | MM20 vs MM50: abaixo leve; Inclinacao da MM50 em 10D: perto do equilibrio; Retorno intraday do candle de referencia: neutro",long,open,1.0,2.0,1,3,MM20 vs MM50: abaixo leve; Inclinacao da MM50 em 10D: perto do equilibrio; Retorno intraday do candle de referencia: neutro,"sma20_vs_sma50,sma50_slope_10d,intraday_return_prev",1,24,95.8333,95.8333,91.6667,0.8365,20.0755,11.0377
daytrade-cobertura-10,asset_long_open_tp1_sl2_cap1__3f__gap_vs_range20=rel_near__streak_direction=up_1__day_of_week=tue,"Discovery Acao: compra no open, alvo +1% / stop -2% / cap 1D | Gap vs range medio 20D: perto do normal; Sequencia de altas/quedas: alta no ultimo pregao; Dia da semana: terca-feira",long,open,1.0,2.0,1,3,Gap vs range medio 20D: perto do normal; Sequencia de altas/quedas: alta no ultimo pregao; Dia da semana: terca-feira,"gap_vs_range20,streak_direction,day_of_week",2,23,91.3043,91.3043,91.3043,0.8076,18.5740,21.1268
daytrade-cobertura-10,asset_long_open_tp1_sl2_cap1__3f__gap_pct=flat__close_vs_ema9=near__day_of_week=tue,"Discovery Acao: compra no open, alvo +1% / stop -2% / cap 1D | Gap da abertura: neutro; Fechamento vs EMA9: perto do equilibrio; Dia da semana: terca-feira",long,open,1.0,2.0,1,3,Gap da abertura: neutro; Fechamento vs EMA9: perto do equilibrio; Dia da semana: terca-feira,"gap_pct,close_vs_ema9,day_of_week",1,22,90.9091,90.9091,90.9091,0.7273,16.0000,5.0000
daytrade-cobertura-10,asset_long_open_tp1_sl2_cap1__3f__prev_ret_5d=up_1_3__sma50_slope_10d=near__close_vs_ema21=near,"Discovery Acao: compra no open, alvo +1% / stop -2% / cap 1D | Retorno acumulado 5D: alta de 1% a 3%; Inclinacao da MM50 em 10D: perto do equilibrio; Fechamento vs EMA21: perto do equilibrio",long,open,1.0,2.0,1,3,Retorno acumulado 5D: alta de 1% a 3%; Inclinacao da MM50 em 10D: perto do equilibrio; Fechamento vs EMA21: perto do equilibrio,"prev_ret_5d,sma50_slope_10d,close_vs_ema21",1,21,95.2381,95.2381,95.2381,0.8571,18.0000,10.0000
daytrade-cobertura-10,asset_long_open_tp1_sl2_cap1__3f__gap_pct=flat__intraday_return_prev=flat__day_of_week=tue,"Discovery Acao: compra no open, alvo +1% / stop -2% / cap 1D | Gap da abertura: neutro; Retorno intraday do candle de referencia: neutro; Dia da semana: terca-feira",long,open,1.0,2.0,1,3,Gap da abertura: neutro; Retorno intraday do candle de referencia: neutro; Dia da semana: terca-feira,"gap_pct,intraday_return_prev,day_of_week",1,20,95.0000,95.0000,90.0000,0.8204,16.4084,9.2042
daytrade-cobertura-10,asset_long_open_tp1_sl2_cap1__3f__gap_pct=flat__sma50_slope_10d=up_1_5__day_of_week=tue,"Discovery Acao: compra no open, alvo +1% / stop -2% / cap 1D | Gap da abertura: neutro; Inclinacao da MM50 em 10D: acima leve; Dia da semana: terca-feira",long,open,1.0,2.0,1,3,Gap da abertura: neutro; Inclinacao da MM50 em 10D: acima leve; Dia da semana: terca-feira,"gap_pct,sma50_slope_10d,day_of_week",1,20,90.0000,90.0000,90.0000,0.7000,14.0000,4.5000
daytrade-cobertura-10,asset_long_open_tp1_sl2_cap1__3f__gap_vs_range20=rel_near__close_vs_ema9=near__day_of_week=tue,"Discovery Acao: compra no open, alvo +1% / stop -2% / cap 1D | Gap vs range medio 20D: perto do normal; Fechamento vs EMA9: perto do equilibrio; Dia da semana: terca-feira",long,open,1.0,2.0,1,3,Gap vs range medio 20D: perto do normal; Fechamento vs EMA9: perto do equilibrio; Dia da semana: terca-feira,"gap_vs_range20,close_vs_ema9,day_of_week",1,20,90.0000,90.0000,90.0000,0.7000,14.0000,4.5000
daytrade-cobertura-10,asset_long_open_tp1_sl2_cap1__3f__volume_ratio_20d=very_low__bb_position_20=upper_band__close_vs_ema9=near,"Discovery Acao: compra no open, alvo +1% / stop -2% / cap 1D | Volume vs media 20D: muito baixo; Posicao nas Bandas de Bollinger 20D: fechou na metade superior; Fechamento vs EMA9: perto do equilibrio",long,open,1.0,2.0,1,3,Volume vs media 20D: muito baixo; Posicao nas Bandas de Bollinger 20D: fechou na metade superior; Fechamento vs EMA9: perto do equilibrio,"volume_ratio_20d,bb_position_20,close_vs_ema9",1,20,90.0000,90.0000,90.0000,0.7000,14.0000,4.5000
daytrade-cobertura-10,asset_long_open_tp1_sl2_cap1__3f__prev_ret_1d=flat__positive_days_5d=strong__positive_days_10d=very_strong,"Discovery Acao: compra no open, alvo +1% / stop -2% / cap 1D | Retorno acumulado 1D: neutro; Dias positivos nos ultimos 5 pregoes: 4 a 5 dias positivos em 5D; Dias positivos nos ultimos 10 pregoes: 8 a 10 dias positivos em 10D",long,open,1.0,2.0,1,3,Retorno acumulado 1D: neutro; Dias positivos nos ultimos 5 pregoes: 4 a 5 dias positivos em 5D; Dias positivos nos ultimos 10 pregoes: 8 a 10 dias positivos em 10D,"prev_ret_1d,positive_days_5d,positive_days_10d",1,18,94.4444,94.4444,94.4444,0.9293,16.7266,62.1800
daytrade-cobertura-10,asset_long_open_tp1_sl2_cap1__3f__prev_ret_2d=flat__intraday_return_prev=flat__day_of_week=tue,"Discovery Acao: compra no open, alvo +1% / stop -2% / cap 1D | Retorno acumulado 2D: neutro; Retorno intraday do candle de referencia: neutro; Dia da semana: terca-feira",long,open,1.0,2.0,1,3,Retorno acumulado 2D: neutro; Retorno intraday do candle de referencia: neutro; Dia da semana: terca-feira,"prev_ret_2d,intraday_return_prev,day_of_week",1,18,94.4444,94.4444,94.4444,0.8752,15.7532,13.6349
daytrade-cobertura-10,asset_long_open_tp1_sl2_cap1__3f__sma50_slope_10d=near__drawdown_10d=dd_1_3__positive_days_5d=soft_strong,"Discovery Acao: compra no open, alvo +1% / stop -2% / cap 1D | Inclinacao da MM50 em 10D: perto do equilibrio; Queda desde maxima 10D: 1% a 3% abaixo da maxima; Dias positivos nos ultimos 5 pregoes: 3 dias positivos em 5D",long,open,1.0,2.0,1,3,Inclinacao da MM50 em 10D: perto do equilibrio; Queda desde maxima 10D: 1% a 3% abaixo da maxima; Dias positivos nos ultimos 5 pregoes: 3 dias positivos em 5D,"sma50_slope_10d,drawdown_10d,positive_days_5d",1,16,93.7500,93.7500,93.7500,0.8125,13.0000,7.5000
daytrade-cobertura-10,asset_long_open_tp1_sl2_cap1__3f__close_vs_sma50=up_1_5__sma50_slope_10d=near__drawdown_10d=near_high,"Discovery Acao: compra no open, alvo +1% / stop -2% / cap 1D | Fechamento vs MM50: acima leve; Inclinacao da MM50 em 10D: perto do equilibrio; Queda desde maxima 10D: perto da maxima",long,open,1.0,2.0,1,3,Fechamento vs MM50: acima leve; Inclinacao da MM50 em 10D: perto do equilibrio; Queda desde maxima 10D: perto da maxima,"close_vs_sma50,sma50_slope_10d,drawdown_10d",1,15,100.0000,100.0000,93.3333,0.9434,14.1504,INF
daytrade-cobertura-10,asset_long_open_tp1_sl2_cap1__3f__gap_pct=flat__prev_ret_3d=flat__range_position_10d=near_high,"Discovery Acao: compra no open, alvo +1% / stop -2% / cap 1D | Gap da abertura: neutro; Retorno acumulado 3D: neutro; Posicao no range 10D: fechou perto da maxima",long,open,1.0,2.0,1,3,Gap da abertura: neutro; Retorno acumulado 3D: neutro; Posicao no range 10D: fechou perto da maxima,"gap_pct,prev_ret_3d,range_position_10d",1,15,93.3333,93.3333,93.3333,0.8000,12.0000,7.0000
daytrade-cobertura-10,asset_long_open_tp1_sl2_cap1__3f__gap_pct=flat__sma50_slope_10d=near__day_of_week=tue,"Discovery Acao: compra no open, alvo +1% / stop -2% / cap 1D | Gap da abertura: neutro; Inclinacao da MM50 em 10D: perto do equilibrio; Dia da semana: terca-feira",long,open,1.0,2.0,1,3,Gap da abertura: neutro; Inclinacao da MM50 em 10D: perto do equilibrio; Dia da semana: terca-feira,"gap_pct,sma50_slope_10d,day_of_week",1,15,93.3333,93.3333,93.3333,0.8000,12.0000,7.0000
daytrade-cobertura-10,asset_long_open_tp1_sl2_cap1__3f__gap_vs_range20=rel_near__sma50_slope_10d=near__day_of_week=tue,"Discovery Acao: compra no open, alvo +1% / stop -2% / cap 1D | Gap vs range medio 20D: perto do normal; Inclinacao da MM50 em 10D: perto do equilibrio; Dia da semana: terca-feira",long,open,1.0,2.0,1,3,Gap vs range medio 20D: perto do normal; Inclinacao da MM50 em 10D: perto do equilibrio; Dia da semana: terca-feira,"gap_vs_range20,sma50_slope_10d,day_of_week",1,15,93.3333,93.3333,93.3333,0.8000,12.0000,7.0000
daytrade-cobertura-10,asset_long_open_tp1_sl2_cap1__3f__gap_vs_range20=rel_near__volume_ratio_20d=very_low__day_of_week=tue,"Discovery Acao: compra no open, alvo +1% / stop -2% / cap 1D | Gap vs range medio 20D: perto do normal; Volume vs media 20D: muito baixo; Dia da semana: terca-feira",long,open,1.0,2.0,1,3,Gap vs range medio 20D: perto do normal; Volume vs media 20D: muito baixo; Dia da semana: terca-feira,"gap_vs_range20,volume_ratio_20d,day_of_week",1,15,93.3333,93.3333,93.3333,0.8000,12.0000,7.0000
daytrade-cobertura-10,asset_long_open_tp1_sl2_cap1__3f__prev_ret_10d=dn_3_5__sma5_vs_sma20=dn_1_5__drawdown_10d=dd_3_6,"Discovery Acao: compra no open, alvo +1% / stop -2% / cap 1D | Retorno acumulado 10D: queda de 3% a 5%; MM5 vs MM20: abaixo leve; Queda desde maxima 10D: 3% a 6% abaixo da maxima",long,open,1.0,2.0,1,3,Retorno acumulado 10D: queda de 3% a 5%; MM5 vs MM20: abaixo leve; Queda desde maxima 10D: 3% a 6% abaixo da maxima,"prev_ret_10d,sma5_vs_sma20,drawdown_10d",1,15,93.3333,93.3333,93.3333,0.9294,13.9412,238.0952
daytrade-cobertura-10,asset_long_open_tp1_sl2_cap1__3f__prev_ret_1d=flat__compression_3v20=low__atr_return_1d=rel_soft_up,"Discovery Acao: compra no open, alvo +1% / stop -2% / cap 1D | Retorno acumulado 1D: neutro; Compressao 3D vs 20D: baixo; Retorno 1D normalizado por ATR: levemente acima",long,open,1.0,2.0,1,3,Retorno acumulado 1D: neutro; Compressao 3D vs 20D: baixo; Retorno 1D normalizado por ATR: levemente acima,"prev_ret_1d,compression_3v20,atr_return_1d",1,15,93.3333,93.3333,93.3333,0.8000,12.0000,7.0000
daytrade-cobertura-10,asset_long_open_tp1_sl2_cap1__3f__prev_ret_1d=flat__drawdown_5d=dd_1_3__streak_direction=up_1,"Discovery Acao: compra no open, alvo +1% / stop -2% / cap 1D | Retorno acumulado 1D: neutro; Queda desde maxima 5D: 1% a 3% abaixo da maxima; Sequencia de altas/quedas: alta no ultimo pregao",long,open,1.0,2.0,1,3,Retorno acumulado 1D: neutro; Queda desde maxima 5D: 1% a 3% abaixo da maxima; Sequencia de altas/quedas: alta no ultimo pregao,"prev_ret_1d,drawdown_5d,streak_direction",1,15,93.3333,93.3333,93.3333,0.8717,13.0755,15.1433
daytrade-cobertura-10,asset_long_open_tp1_sl2_cap1__3f__prev_ret_2d=flat__sma20_slope_5d=near__day_of_week=tue,"Discovery Acao: compra no open, alvo +1% / stop -2% / cap 1D | Retorno acumulado 2D: neutro; Inclinacao da MM20 em 5D: perto do equilibrio; Dia da semana: terca-feira",long,open,1.0,2.0,1,3,Retorno acumulado 2D: neutro; Inclinacao da MM20 em 5D: perto do equilibrio; Dia da semana: terca-feira,"prev_ret_2d,sma20_slope_5d,day_of_week",1,15,93.3333,93.3333,93.3333,0.8000,12.0000,7.0000
daytrade-cobertura-10,asset_long_open_tp1_sl2_cap1__3f__sma20_vs_sma50=dn_1_5__sma50_slope_10d=near__range_position_20d=upper_band,"Discovery Acao: compra no open, alvo +1% / stop -2% / cap 1D | MM20 vs MM50: abaixo leve; Inclinacao da MM50 em 10D: perto do equilibrio; Posicao no range 20D: fechou na metade superior",long,open,1.0,2.0,1,3,MM20 vs MM50: abaixo leve; Inclinacao da MM50 em 10D: perto do equilibrio; Posicao no range 20D: fechou na metade superior,"sma20_vs_sma50,sma50_slope_10d,range_position_20d",1,15,93.3333,93.3333,93.3333,0.8000,12.0000,7.0000
daytrade-cobertura-10,asset_long_open_tp1_sl2_cap1__2f__range_position_5d=upper_band__day_of_week=tue,"Discovery Acao: compra no open, alvo +1% / stop -2% / cap 1D | Posicao no range 5D: fechou na metade superior; Dia da semana: terca-feira",long,open,1.0,2.0,1,2,Posicao no range 5D: fechou na metade superior; Dia da semana: terca-feira,"range_position_5d,day_of_week",1,14,92.8571,92.8571,92.8571,0.7857,11.0000,6.5000
daytrade-cobertura-10,asset_long_open_tp1_sl2_cap1__3f__bb_position_20=upper_band__close_vs_ema9=near__day_of_week=tue,"Discovery Acao: compra no open, alvo +1% / stop -2% / cap 1D | Posicao nas Bandas de Bollinger 20D: fechou na metade superior; Fechamento vs EMA9: perto do equilibrio; Dia da semana: terca-feira",long,open,1.0,2.0,1,3,Posicao nas Bandas de Bollinger 20D: fechou na metade superior; Fechamento vs EMA9: perto do equilibrio; Dia da semana: terca-feira,"bb_position_20,close_vs_ema9,day_of_week",1,14,92.8571,92.8571,92.8571,0.8299,11.6190,9.4135
daytrade-cobertura-10,asset_long_open_tp1_sl2_cap1__3f__gap_pct=flat__day_of_week=tue__atr_return_1d=rel_near,"Discovery Acao: compra no open, alvo +1% / stop -2% / cap 1D | Gap da abertura: neutro; Dia da semana: terca-feira; Retorno 1D normalizado por ATR: perto do normal",long,open,1.0,2.0,1,3,Gap da abertura: neutro; Dia da semana: terca-feira; Retorno 1D normalizado por ATR: perto do normal,"gap_pct,day_of_week,atr_return_1d",1,14,92.8571,92.8571,92.8571,0.7857,11.0000,6.5000
daytrade-cobertura-10,asset_long_open_tp1_sl2_cap1__3f__gap_pct=flat__drawdown_10d=dd_1_3__day_of_week=tue,"Discovery Acao: compra no open, alvo +1% / stop -2% / cap 1D | Gap da abertura: neutro; Queda desde maxima 10D: 1% a 3% abaixo da maxima; Dia da semana: terca-feira",long,open,1.0,2.0,1,3,Gap da abertura: neutro; Queda desde maxima 10D: 1% a 3% abaixo da maxima; Dia da semana: terca-feira,"gap_pct,drawdown_10d,day_of_week",1,14,92.8571,92.8571,92.8571,0.9168,12.8345,78.5498
daytrade-cobertura-10,asset_long_open_tp1_sl2_cap1__3f__gap_vs_atr14=rel_near__range_position_5d=middle__day_of_week=tue,"Discovery Acao: compra no open, alvo +1% / stop -2% / cap 1D | Gap vs ATR14: perto do normal; Posicao no range 5D: fechou no meio; Dia da semana: terca-feira",long,open,1.0,2.0,1,3,Gap vs ATR14: perto do normal; Posicao no range 5D: fechou no meio; Dia da semana: terca-feira,"gap_vs_atr14,range_position_5d,day_of_week",1,14,92.8571,92.8571,92.8571,0.9021,12.6299,35.1256
daytrade-cobertura-10,asset_long_open_tp1_sl2_cap1__3f__sma20_slope_5d=near__volume_ratio_20d=low__drawdown_5d=near_high,"Discovery Acao: compra no open, alvo +1% / stop -2% / cap 1D | Inclinacao da MM20 em 5D: perto do equilibrio; Volume vs media 20D: baixo; Queda desde maxima 5D: perto da maxima",long,open,1.0,2.0,1,3,Inclinacao da MM20 em 5D: perto do equilibrio; Volume vs media 20D: baixo; Queda desde maxima 5D: perto da maxima,"sma20_slope_5d,volume_ratio_20d,drawdown_5d",1,14,100.0000,100.0000,92.8571,0.9527,13.3384,INF
daytrade-cobertura-10,asset_long_open_tp1_sl2_cap1__2f__gap_vs_range20=rel_soft_dn__close_vs_ema9=up_1_5,"Discovery Acao: compra no open, alvo +1% / stop -2% / cap 1D | Gap vs range medio 20D: levemente abaixo; Fechamento vs EMA9: acima leve",long,open,1.0,2.0,1,2,Gap vs range medio 20D: levemente abaixo; Fechamento vs EMA9: acima leve,"gap_vs_range20,close_vs_ema9",1,13,92.3077,92.3077,92.3077,0.7692,10.0000,6.0000
daytrade-cobertura-10,asset_long_open_tp1_sl2_cap1__3f__gap_pct=flat__bb_position_20=near_high__day_of_week=tue,"Discovery Acao: compra no open, alvo +1% / stop -2% / cap 1D | Gap da abertura: neutro; Posicao nas Bandas de Bollinger 20D: fechou perto da maxima; Dia da semana: terca-feira",long,open,1.0,2.0,1,3,Gap da abertura: neutro; Posicao nas Bandas de Bollinger 20D: fechou perto da maxima; Dia da semana: terca-feira,"gap_pct,bb_position_20,day_of_week",1,13,92.3077,92.3077,92.3077,0.8204,10.6650,8.9888
daytrade-cobertura-10,asset_long_open_tp1_sl2_cap1__3f__gap_pct=flat__range_position_10d=middle__day_of_week=tue,"Discovery Acao: compra no open, alvo +1% / stop -2% / cap 1D | Gap da abertura: neutro; Posicao no range 10D: fechou no meio; Dia da semana: terca-feira",long,open,1.0,2.0,1,3,Gap da abertura: neutro; Posicao no range 10D: fechou no meio; Dia da semana: terca-feira,"gap_pct,range_position_10d,day_of_week",1,13,100.0000,100.0000,92.3077,0.9588,12.4646,INF
daytrade-cobertura-10,asset_long_open_tp1_sl2_cap1__3f__gap_vs_range20=rel_near__close_vs_sma20=up_1_5__day_of_week=tue,"Discovery Acao: compra no open, alvo +1% / stop -2% / cap 1D | Gap vs range medio 20D: perto do normal; Fechamento vs MM20: acima leve; Dia da semana: terca-feira",long,open,1.0,2.0,1,3,Gap vs range medio 20D: perto do normal; Fechamento vs MM20: acima leve; Dia da semana: terca-feira,"gap_vs_range20,close_vs_sma20,day_of_week",1,13,92.3077,92.3077,92.3077,0.7692,10.0000,6.0000
daytrade-cobertura-10,asset_long_open_tp1_sl2_cap1__3f__prev_ret_1d=up_1_3__sma20_vs_sma50=dn_5_10__range_position_20d=lower_band,"Discovery Acao: compra no open, alvo +1% / stop -2% / cap 1D | Retorno acumulado 1D: alta de 1% a 3%; MM20 vs MM50: abaixo forte; Posicao no range 20D: fechou na metade inferior",long,open,1.0,2.0,1,3,Retorno acumulado 1D: alta de 1% a 3%; MM20 vs MM50: abaixo forte; Posicao no range 20D: fechou na metade inferior,"prev_ret_1d,sma20_vs_sma50,range_position_20d",1,13,92.3077,92.3077,92.3077,0.7692,10.0000,6.0000
daytrade-cobertura-10,asset_long_open_tp1_sl2_cap1__3f__prev_ret_2d=flat__close_vs_ema9=near__day_of_week=tue,"Discovery Acao: compra no open, alvo +1% / stop -2% / cap 1D | Retorno acumulado 2D: neutro; Fechamento vs EMA9: perto do equilibrio; Dia da semana: terca-feira",long,open,1.0,2.0,1,3,Retorno acumulado 2D: neutro; Fechamento vs EMA9: perto do equilibrio; Dia da semana: terca-feira,"prev_ret_2d,close_vs_ema9,day_of_week",1,13,92.3077,92.3077,92.3077,0.7692,10.0000,6.0000
daytrade-cobertura-10,asset_long_open_tp1_sl2_cap1__3f__prev_ret_2d=flat__sma50_slope_10d=near__compression_3v20=low,"Discovery Acao: compra no open, alvo +1% / stop -2% / cap 1D | Retorno acumulado 2D: neutro; Inclinacao da MM50 em 10D: perto do equilibrio; Compressao 3D vs 20D: baixo",long,open,1.0,2.0,1,3,Retorno acumulado 2D: neutro; Inclinacao da MM50 em 10D: perto do equilibrio; Compressao 3D vs 20D: baixo,"prev_ret_2d,sma50_slope_10d,compression_3v20",1,13,100.0000,100.0000,100.0000,1.0000,13.0000,INF
daytrade-cobertura-10,asset_long_open_tp1_sl2_cap1__3f__prev_ret_3d=up_1_3__sma50_slope_10d=near__range_position_5d=upper_band,"Discovery Acao: compra no open, alvo +1% / stop -2% / cap 1D | Retorno acumulado 3D: alta de 1% a 3%; Inclinacao da MM50 em 10D: perto do equilibrio; Posicao no range 5D: fechou na metade superior",long,open,1.0,2.0,1,3,Retorno acumulado 3D: alta de 1% a 3%; Inclinacao da MM50 em 10D: perto do equilibrio; Posicao no range 5D: fechou na metade superior,"prev_ret_3d,sma50_slope_10d,range_position_5d",1,13,92.3077,92.3077,92.3077,0.7692,10.0000,6.0000
daytrade-cobertura-10,asset_long_open_tp1_sl2_cap1__3f__drawdown_5d=dd_1_3__streak_direction=up_1__day_of_week=tue,"Discovery Acao: compra no open, alvo +1% / stop -2% / cap 1D | Queda desde maxima 5D: 1% a 3% abaixo da maxima; Sequencia de altas/quedas: alta no ultimo pregao; Dia da semana: terca-feira",long,open,1.0,2.0,1,3,Queda desde maxima 5D: 1% a 3% abaixo da maxima; Sequencia de altas/quedas: alta no ultimo pregao; Dia da semana: terca-feira,"drawdown_5d,streak_direction,day_of_week",1,12,100.0000,100.0000,91.6667,0.9222,11.0662,INF
daytrade-cobertura-10,asset_long_open_tp1_sl2_cap1__3f__gap_pct=flat__prev_ret_20d=shock_dn__day_of_week=tue,"Discovery Acao: compra no open, alvo +1% / stop -2% / cap 1D | Gap da abertura: neutro; Retorno acumulado 20D: choque de baixa; Dia da semana: terca-feira",long,open,1.0,2.0,1,3,Gap da abertura: neutro; Retorno acumulado 20D: choque de baixa; Dia da semana: terca-feira,"gap_pct,prev_ret_20d,day_of_week",1,12,91.6667,91.6667,91.6667,0.7500,9.0000,5.5000
daytrade-cobertura-10,asset_long_open_tp1_sl2_cap1__3f__gap_pct=flat__range_position_5d=upper_band__drawdown_5d=near_high,"Discovery Acao: compra no open, alvo +1% / stop -2% / cap 1D | Gap da abertura: neutro; Posicao no range 5D: fechou na metade superior; Queda desde maxima 5D: perto da maxima",long,open,1.0,2.0,1,3,Gap da abertura: neutro; Posicao no range 5D: fechou na metade superior; Queda desde maxima 5D: perto da maxima,"gap_pct,range_position_5d,drawdown_5d",1,12,91.6667,91.6667,91.6667,0.8784,10.5413,23.9808
daytrade-cobertura-10,asset_long_open_tp1_sl2_cap1__3f__gap_pct=flat__sma20_vs_sma50=up_1_5__day_of_week=tue,"Discovery Acao: compra no open, alvo +1% / stop -2% / cap 1D | Gap da abertura: neutro; MM20 vs MM50: acima leve; Dia da semana: terca-feira",long,open,1.0,2.0,1,3,Gap da abertura: neutro; MM20 vs MM50: acima leve; Dia da semana: terca-feira,"gap_pct,sma20_vs_sma50,day_of_week",1,12,91.6667,91.6667,91.6667,0.7500,9.0000,5.5000
daytrade-cobertura-10,asset_long_open_tp1_sl2_cap1__3f__prev_ret_2d=flat__sma20_vs_sma50=dn_1_5__atr_return_1d=rel_near,"Discovery Acao: compra no open, alvo +1% / stop -2% / cap 1D | Retorno acumulado 2D: neutro; MM20 vs MM50: abaixo leve; Retorno 1D normalizado por ATR: perto do normal",long,open,1.0,2.0,1,3,Retorno acumulado 2D: neutro; MM20 vs MM50: abaixo leve; Retorno 1D normalizado por ATR: perto do normal,"prev_ret_2d,sma20_vs_sma50,atr_return_1d",1,12,91.6667,91.6667,91.6667,0.8097,9.7159,8.5663
daytrade-cobertura-10,asset_long_open_tp1_sl2_cap1__3f__prev_ret_3d=dn_1_3__close_vs_sma50=dn_1_5__sma5_vs_sma20=dn_1_5,"Discovery Acao: compra no open, alvo +1% / stop -2% / cap 1D | Retorno acumulado 3D: queda de 1% a 3%; Fechamento vs MM50: abaixo leve; MM5 vs MM20: abaixo leve",long,open,1.0,2.0,1,3,Retorno acumulado 3D: queda de 1% a 3%; Fechamento vs MM50: abaixo leve; MM5 vs MM20: abaixo leve,"prev_ret_3d,close_vs_sma50,sma5_vs_sma20",1,12,91.6667,91.6667,91.6667,0.8967,10.7599,45.8142
daytrade-cobertura-10,asset_long_open_tp1_sl2_cap1__2f__intraday_return_prev=up_1_3__day_of_week=tue,"Discovery Acao: compra no open, alvo +1% / stop -2% / cap 1D | Retorno intraday do candle de referencia: alta de 1% a 3%; Dia da semana: terca-feira",long,open,1.0,2.0,1,2,Retorno intraday do candle de referencia: alta de 1% a 3%; Dia da semana: terca-feira,"intraday_return_prev,day_of_week",1,11,90.9091,90.9091,90.9091,0.7273,8.0000,5.0000
daytrade-cobertura-10,asset_long_open_tp1_sl2_cap1__3f__gap_pct=flat__gap_vs_range20=rel_soft_up__atr_return_1d=rel_near,"Discovery Acao: compra no open, alvo +1% / stop -2% / cap 1D | Gap da abertura: neutro; Gap vs range medio 20D: levemente acima; Retorno 1D normalizado por ATR: perto do normal",long,open,1.0,2.0,1,3,Gap da abertura: neutro; Gap vs range medio 20D: levemente acima; Retorno 1D normalizado por ATR: perto do normal,"gap_pct,gap_vs_range20,atr_return_1d",1,11,90.9091,90.9091,90.9091,0.8900,9.7902,47.6644
daytrade-cobertura-10,asset_long_open_tp1_sl2_cap1__3f__gap_pct=flat__positive_days_10d=strong__day_of_week=tue,"Discovery Acao: compra no open, alvo +1% / stop -2% / cap 1D | Gap da abertura: neutro; Dias positivos nos ultimos 10 pregoes: 6 a 7 dias positivos em 10D; Dia da semana: terca-feira",long,open,1.0,2.0,1,3,Gap da abertura: neutro; Dias positivos nos ultimos 10 pregoes: 6 a 7 dias positivos em 10D; Dia da semana: terca-feira,"gap_pct,positive_days_10d,day_of_week",1,11,90.9091,90.9091,90.9091,0.7273,8.0000,5.0000
daytrade-cobertura-10,asset_long_open_tp1_sl2_cap1__3f__gap_pct=flat__sma5_vs_sma20=dn_1_5__day_of_week=tue,"Discovery Acao: compra no open, alvo +1% / stop -2% / cap 1D | Gap da abertura: neutro; MM5 vs MM20: abaixo leve; Dia da semana: terca-feira",long,open,1.0,2.0,1,3,Gap da abertura: neutro; MM5 vs MM20: abaixo leve; Dia da semana: terca-feira,"gap_pct,sma5_vs_sma20,day_of_week",1,11,90.9091,90.9091,90.9091,0.7273,8.0000,5.0000
daytrade-cobertura-10,asset_long_open_tp1_sl2_cap1__3f__gap_vs_range20=rel_soft_dn__sma5_vs_sma20=near__drawdown_5d=dd_1_3,"Discovery Acao: compra no open, alvo +1% / stop -2% / cap 1D | Gap vs range medio 20D: levemente abaixo; MM5 vs MM20: perto do equilibrio; Queda desde maxima 5D: 1% a 3% abaixo da maxima",long,open,1.0,2.0,1,3,Gap vs range medio 20D: levemente abaixo; MM5 vs MM20: perto do equilibrio; Queda desde maxima 5D: 1% a 3% abaixo da maxima,"gap_vs_range20,sma5_vs_sma20,drawdown_5d",1,11,90.9091,90.9091,90.9091,0.9091,10.0000,INF
daytrade-cobertura-10,asset_long_open_tp1_sl2_cap1__3f__prev_ret_10d=up_5_8__sma20_vs_sma50=near__sma20_slope_5d=near,"Discovery Acao: compra no open, alvo +1% / stop -2% / cap 1D | Retorno acumulado 10D: alta de 5% a 8%; MM20 vs MM50: perto do equilibrio; Inclinacao da MM20 em 5D: perto do equilibrio",long,open,1.0,2.0,1,3,Retorno acumulado 10D: alta de 5% a 8%; MM20 vs MM50: perto do equilibrio; Inclinacao da MM20 em 5D: perto do equilibrio,"prev_ret_10d,sma20_vs_sma50,sma20_slope_5d",1,11,90.9091,90.9091,90.9091,0.7273,8.0000,5.0000
daytrade-cobertura-10,asset_long_open_tp1_sl2_cap1__3f__prev_ret_2d=up_1_3__prev_ret_5d=up_1_3__drawdown_5d=near_high,"Discovery Acao: compra no open, alvo +1% / stop -2% / cap 1D | Retorno acumulado 2D: alta de 1% a 3%; Retorno acumulado 5D: alta de 1% a 3%; Queda desde maxima 5D: perto da maxima",long,open,1.0,2.0,1,3,Retorno acumulado 2D: alta de 1% a 3%; Retorno acumulado 5D: alta de 1% a 3%; Queda desde maxima 5D: perto da maxima,"prev_ret_2d,prev_ret_5d,drawdown_5d",1,11,90.9091,90.9091,90.9091,0.7273,8.0000,5.0000
daytrade-cobertura-10,asset_long_open_tp1_sl2_cap1__3f__prev_ret_2d=up_1_3__sma20_vs_sma50=up_1_5__intraday_return_prev=up_1_3,"Discovery Acao: compra no open, alvo +1% / stop -2% / cap 1D | Retorno acumulado 2D: alta de 1% a 3%; MM20 vs MM50: acima leve; Retorno intraday do candle de referencia: alta de 1% a 3%",long,open,1.0,2.0,1,3,Retorno acumulado 2D: alta de 1% a 3%; MM20 vs MM50: acima leve; Retorno intraday do candle de referencia: alta de 1% a 3%,"prev_ret_2d,sma20_vs_sma50,intraday_return_prev",1,11,90.9091,90.9091,90.9091,0.8925,9.8180,54.9451
daytrade-cobertura-10,asset_long_open_tp1_sl2_cap1__3f__prev_ret_3d=dn_1_3__sma20_slope_5d=near__day_of_week=tue,"Discovery Acao: compra no open, alvo +1% / stop -2% / cap 1D | Retorno acumulado 3D: queda de 1% a 3%; Inclinacao da MM20 em 5D: perto do equilibrio; Dia da semana: terca-feira",long,open,1.0,2.0,1,3,Retorno acumulado 3D: queda de 1% a 3%; Inclinacao da MM20 em 5D: perto do equilibrio; Dia da semana: terca-feira,"prev_ret_3d,sma20_slope_5d,day_of_week",1,11,90.9091,90.9091,90.9091,0.7273,8.0000,5.0000
daytrade-cobertura-10,asset_long_open_tp1_sl2_cap1__3f__sma20_slope_5d=near__gap_vs_atr14=rel_soft_dn__drawdown_5d=dd_1_3,"Discovery Acao: compra no open, alvo +1% / stop -2% / cap 1D | Inclinacao da MM20 em 5D: perto do equilibrio; Gap vs ATR14: levemente abaixo; Queda desde maxima 5D: 1% a 3% abaixo da maxima",long,open,1.0,2.0,1,3,Inclinacao da MM20 em 5D: perto do equilibrio; Gap vs ATR14: levemente abaixo; Queda desde maxima 5D: 1% a 3% abaixo da maxima,"sma20_slope_5d,gap_vs_atr14,drawdown_5d",1,11,90.9091,90.9091,90.9091,0.8744,9.6183,26.1986
daytrade-cobertura-10,asset_long_open_tp1_sl2_cap1__3f__sma50_slope_10d=near__intraday_return_prev=flat__close_vs_ema21=up_1_5,"Discovery Acao: compra no open, alvo +1% / stop -2% / cap 1D | Inclinacao da MM50 em 10D: perto do equilibrio; Retorno intraday do candle de referencia: neutro; Fechamento vs EMA21: acima leve",long,open,1.0,2.0,1,3,Inclinacao da MM50 em 10D: perto do equilibrio; Retorno intraday do candle de referencia: neutro; Fechamento vs EMA21: acima leve,"sma50_slope_10d,intraday_return_prev,close_vs_ema21",1,11,90.9091,90.9091,90.9091,0.7273,8.0000,5.0000
daytrade-cobertura-10,asset_long_open_tp1_sl2_cap1__3f__sma50_slope_10d=near__intraday_return_prev=flat__volume_spike_1d=high,"Discovery Acao: compra no open, alvo +1% / stop -2% / cap 1D | Inclinacao da MM50 em 10D: perto do equilibrio; Retorno intraday do candle de referencia: neutro; Spike de volume vs maximo 5D: alto",long,open,1.0,2.0,1,3,Inclinacao da MM50 em 10D: perto do equilibrio; Retorno intraday do candle de referencia: neutro; Spike de volume vs maximo 5D: alto,"sma50_slope_10d,intraday_return_prev,volume_spike_1d",1,11,90.9091,90.9091,90.9091,0.7273,8.0000,5.0000
daytrade-cobertura-10,asset_long_open_tp1_sl2_cap1__3f__sma5_vs_sma20=near__drawdown_10d=near_high__close_vs_ema9=up_1_5,"Discovery Acao: compra no open, alvo +1% / stop -2% / cap 1D | MM5 vs MM20: perto do equilibrio; Queda desde maxima 10D: perto da maxima; Fechamento vs EMA9: acima leve",long,open,1.0,2.0,1,3,MM5 vs MM20: perto do equilibrio; Queda desde maxima 10D: perto da maxima; Fechamento vs EMA9: acima leve,"sma5_vs_sma20,drawdown_10d,close_vs_ema9",1,11,90.9091,90.9091,90.9091,0.7273,8.0000,5.0000
daytrade-cobertura-10,asset_long_open_tp1_sl2_cap1__2f__bb_position_20=near_high__day_of_week=tue,"Discovery Acao: compra no open, alvo +1% / stop -2% / cap 1D | Posicao nas Bandas de Bollinger 20D: fechou perto da maxima; Dia da semana: terca-feira",long,open,1.0,2.0,1,2,Posicao nas Bandas de Bollinger 20D: fechou perto da maxima; Dia da semana: terca-feira,"bb_position_20,day_of_week",1,10,90.0000,90.0000,90.0000,0.7000,7.0000,4.5000
daytrade-cobertura-10,asset_long_open_tp1_sl2_cap1__3f__gap_pct=flat__volume_ratio_20d=very_low__day_of_week=tue,"Discovery Acao: compra no open, alvo +1% / stop -2% / cap 1D | Gap da abertura: neutro; Volume vs media 20D: muito baixo; Dia da semana: terca-feira",long,open,1.0,2.0,1,3,Gap da abertura: neutro; Volume vs media 20D: muito baixo; Dia da semana: terca-feira,"gap_pct,volume_ratio_20d,day_of_week",1,10,90.0000,90.0000,90.0000,0.7000,7.0000,4.5000
daytrade-cobertura-10,asset_long_open_tp1_sl2_cap1__3f__intraday_return_prev=flat__streak_direction=up_1__day_of_week=tue,"Discovery Acao: compra no open, alvo +1% / stop -2% / cap 1D | Retorno intraday do candle de referencia: neutro; Sequencia de altas/quedas: alta no ultimo pregao; Dia da semana: terca-feira",long,open,1.0,2.0,1,3,Retorno intraday do candle de referencia: neutro; Sequencia de altas/quedas: alta no ultimo pregao; Dia da semana: terca-feira,"intraday_return_prev,streak_direction,day_of_week",1,10,100.0000,100.0000,90.0000,0.9278,9.2776,INF
daytrade-cobertura-10,asset_long_open_tp1_sl2_cap1__3f__prev_ret_2d=flat__day_of_week=tue__atr_return_1d=rel_near,"Discovery Acao: compra no open, alvo +1% / stop -2% / cap 1D | Retorno acumulado 2D: neutro; Dia da semana: terca-feira; Retorno 1D normalizado por ATR: perto do normal",long,open,1.0,2.0,1,3,Retorno acumulado 2D: neutro; Dia da semana: terca-feira; Retorno 1D normalizado por ATR: perto do normal,"prev_ret_2d,day_of_week,atr_return_1d",1,10,100.0000,100.0000,100.0000,1.0000,10.0000,INF
daytrade-cobertura-10,asset_long_open_tp1_sl2_cap1__3f__range_position_10d=lower_band__drawdown_5d=dd_1_3__streak_direction=down_2_3,"Discovery Acao: compra no open, alvo +1% / stop -2% / cap 1D | Posicao no range 10D: fechou na metade inferior; Queda desde maxima 5D: 1% a 3% abaixo da maxima; Sequencia de altas/quedas: queda em 2 a 3 pregoes seguidos",long,open,1.0,2.0,1,3,Posicao no range 10D: fechou na metade inferior; Queda desde maxima 5D: 1% a 3% abaixo da maxima; Sequencia de altas/quedas: queda em 2 a 3 pregoes seguidos,"range_position_10d,drawdown_5d,streak_direction",1,10,100.0000,100.0000,90.0000,0.9498,9.4975,INF
daytrade-cobertura-10,asset_long_open_tp1_sl2_cap1__3f__volume_ratio_20d=very_low__intraday_return_prev=flat__day_of_week=tue,"Discovery Acao: compra no open, alvo +1% / stop -2% / cap 1D | Volume vs media 20D: muito baixo; Retorno intraday do candle de referencia: neutro; Dia da semana: terca-feira",long,open,1.0,2.0,1,3,Volume vs media 20D: muito baixo; Retorno intraday do candle de referencia: neutro; Dia da semana: terca-feira,"volume_ratio_20d,intraday_return_prev,day_of_week",1,10,90.0000,90.0000,90.0000,0.7000,7.0000,4.5000
daytrade-cobertura-10,asset_long_open_tp1_sl2_cap1__3f__close_vs_sma20=up_1_5__gap_vs_atr14=rel_near__day_of_week=tue,"Discovery Acao: compra no open, alvo +1% / stop -2% / cap 1D | Fechamento vs MM20: acima leve; Gap vs ATR14: perto do normal; Dia da semana: terca-feira",long,open,1.0,2.0,1,3,Fechamento vs MM20: acima leve; Gap vs ATR14: perto do normal; Dia da semana: terca-feira,"close_vs_sma20,gap_vs_atr14,day_of_week",1,9,100.0000,100.0000,100.0000,1.0000,9.0000,INF
daytrade-cobertura-10,asset_long_open_tp1_sl2_cap1__3f__sma20_vs_sma50=dn_5_10__sma50_slope_10d=near__volume_ratio_20d=normal,"Discovery Acao: compra no open, alvo +1% / stop -2% / cap 1D | MM20 vs MM50: abaixo forte; Inclinacao da MM50 em 10D: perto do equilibrio; Volume vs media 20D: normal",long,open,1.0,2.0,1,3,MM20 vs MM50: abaixo forte; Inclinacao da MM50 em 10D: perto do equilibrio; Volume vs media 20D: normal,"sma20_vs_sma50,sma50_slope_10d,volume_ratio_20d",1,9,100.0000,100.0000,100.0000,1.0000,9.0000,INF
daytrade-cobertura-10,asset_long_open_tp1_sl2_cap1__3f__gap_pct=flat__prev_ret_1d=flat__day_of_week=tue,"Discovery Acao: compra no open, alvo +1% / stop -2% / cap 1D | Gap da abertura: neutro; Retorno acumulado 1D: neutro; Dia da semana: terca-feira",long,open,1.0,2.0,1,3,Gap da abertura: neutro; Retorno acumulado 1D: neutro; Dia da semana: terca-feira,"gap_pct,prev_ret_1d,day_of_week",1,8,100.0000,100.0000,100.0000,1.0000,8.0000,INF
daytrade-cobertura-10,asset_long_open_tp1_sl2_cap1__3f__intraday_return_prev=up_1_3__atr_return_1d=rel_soft_up__atr_return_5d=rel_near,"Discovery Acao: compra no open, alvo +1% / stop -2% / cap 1D | Retorno intraday do candle de referencia: alta de 1% a 3%; Retorno 1D normalizado por ATR: levemente acima; Retorno 5D normalizado por ATR: perto do normal",long,open,1.0,2.0,1,3,Retorno intraday do candle de referencia: alta de 1% a 3%; Retorno 1D normalizado por ATR: levemente acima; Retorno 5D normalizado por ATR: perto do normal,"intraday_return_prev,atr_return_1d,atr_return_5d",1,8,100.0000,100.0000,100.0000,1.0000,8.0000,INF
daytrade-cobertura-10,asset_long_open_tp1_sl2_cap1__3f__prev_ret_2d=flat__drawdown_10d=dd_10_15__atr_return_1d=rel_near,"Discovery Acao: compra no open, alvo +1% / stop -2% / cap 1D | Retorno acumulado 2D: neutro; Queda desde maxima 10D: 10% a 15% abaixo da maxima; Retorno 1D normalizado por ATR: perto do normal",long,open,1.0,2.0,1,3,Retorno acumulado 2D: neutro; Queda desde maxima 10D: 10% a 15% abaixo da maxima; Retorno 1D normalizado por ATR: perto do normal,"prev_ret_2d,drawdown_10d,atr_return_1d",1,8,100.0000,100.0000,100.0000,1.0000,8.0000,INF
daytrade-cobertura-15,asset_long_open_tp1_5_sl3_cap1__3f__gap_vs_atr14=rel_near__positive_days_10d=neutral__close_vs_ema21=up_5_10,"Discovery Acao: compra no open, alvo +1.5% / stop -3% / cap 1D | Gap vs ATR14: perto do normal; Dias positivos nos ultimos 10 pregoes: 4 a 5 dias positivos em 10D; Fechamento vs EMA21: acima forte",long,open,1.5,3.0,1,3,Gap vs ATR14: perto do normal; Dias positivos nos ultimos 10 pregoes: 4 a 5 dias positivos em 10D; Fechamento vs EMA21: acima forte,"gap_vs_atr14,positive_days_10d,close_vs_ema21",1,21,90.4762,90.4762,90.4762,1.0714,22.5000,4.7500
daytrade-cobertura-15,asset_long_open_tp1_5_sl3_cap1__2f__volume_ratio_20d=very_low__day_of_week=tue,"Discovery Acao: compra no open, alvo +1.5% / stop -3% / cap 1D | Volume vs media 20D: muito baixo; Dia da semana: terca-feira",long,open,1.5,3.0,1,2,Volume vs media 20D: muito baixo; Dia da semana: terca-feira,"volume_ratio_20d,day_of_week",1,20,90.0000,90.0000,90.0000,1.0500,21.0000,4.5000
daytrade-cobertura-15,asset_long_open_tp1_5_sl3_cap1__3f__gap_pct=flat__intraday_return_prev=flat__day_of_week=tue,"Discovery Acao: compra no open, alvo +1.5% / stop -3% / cap 1D | Gap da abertura: neutro; Retorno intraday do candle de referencia: neutro; Dia da semana: terca-feira",long,open,1.5,3.0,1,3,Gap da abertura: neutro; Retorno intraday do candle de referencia: neutro; Dia da semana: terca-feira,"gap_pct,intraday_return_prev,day_of_week",1,20,100.0000,100.0000,95.0000,1.4454,28.9084,INF
daytrade-cobertura-15,asset_long_open_tp1_5_sl3_cap1__2f__close_vs_sma50=up_5_10__compression_3v20=high,"Discovery Acao: compra no open, alvo +1.5% / stop -3% / cap 1D | Fechamento vs MM50: acima forte; Compressao 3D vs 20D: alto",long,open,1.5,3.0,1,2,Fechamento vs MM50: acima forte; Compressao 3D vs 20D: alto,"close_vs_sma50,compression_3v20",1,15,100.0000,100.0000,93.3333,1.4585,21.8768,INF
daytrade-cobertura-15,asset_long_open_tp1_5_sl3_cap1__2f__gap_vs_range20=rel_soft_dn__gap_vs_atr14=rel_soft_dn,"Discovery Acao: compra no open, alvo +1.5% / stop -3% / cap 1D | Gap vs range medio 20D: levemente abaixo; Gap vs ATR14: levemente abaixo",long,open,1.5,3.0,1,2,Gap vs range medio 20D: levemente abaixo; Gap vs ATR14: levemente abaixo,"gap_vs_range20,gap_vs_atr14",1,15,93.3333,93.3333,93.3333,1.2000,18.0000,7.0000
daytrade-cobertura-15,asset_long_open_tp1_5_sl3_cap1__2f__prev_ret_20d=shock_up__day_of_week=tue,"Discovery Acao: compra no open, alvo +1.5% / stop -3% / cap 1D | Retorno acumulado 20D: choque de alta; Dia da semana: terca-feira",long,open,1.5,3.0,1,2,Retorno acumulado 20D: choque de alta; Dia da semana: terca-feira,"prev_ret_20d,day_of_week",1,15,100.0000,100.0000,93.3333,1.4112,21.1681,INF
daytrade-cobertura-15,asset_long_open_tp1_5_sl3_cap1__3f__gap_pct=flat__close_vs_sma20=far_up__close_vs_ema21=up_5_10,"Discovery Acao: compra no open, alvo +1.5% / stop -3% / cap 1D | Gap da abertura: neutro; Fechamento vs MM20: muito acima; Fechamento vs EMA21: acima forte",long,open,1.5,3.0,1,3,Gap da abertura: neutro; Fechamento vs MM20: muito acima; Fechamento vs EMA21: acima forte,"gap_pct,close_vs_sma20,close_vs_ema21",1,15,93.3333,93.3333,93.3333,1.2000,18.0000,7.0000
daytrade-cobertura-15,asset_long_open_tp1_5_sl3_cap1__3f__gap_vs_range20=rel_near__sma20_slope_5d=near__day_of_week=tue,"Discovery Acao: compra no open, alvo +1.5% / stop -3% / cap 1D | Gap vs range medio 20D: perto do normal; Inclinacao da MM20 em 5D: perto do equilibrio; Dia da semana: terca-feira",long,open,1.5,3.0,1,3,Gap vs range medio 20D: perto do normal; Inclinacao da MM20 em 5D: perto do equilibrio; Dia da semana: terca-feira,"gap_vs_range20,sma20_slope_5d,day_of_week",1,15,93.3333,93.3333,93.3333,1.2000,18.0000,7.0000
daytrade-cobertura-15,asset_long_open_tp1_5_sl3_cap1__3f__sma20_vs_sma50=far_dn__positive_days_5d=weak__close_vs_ema21=far_dn,"Discovery Acao: compra no open, alvo +1.5% / stop -3% / cap 1D | MM20 vs MM50: muito abaixo; Dias positivos nos ultimos 5 pregoes: 0 a 1 dia positivo em 5D; Fechamento vs EMA21: muito abaixo",long,open,1.5,3.0,1,3,MM20 vs MM50: muito abaixo; Dias positivos nos ultimos 5 pregoes: 0 a 1 dia positivo em 5D; Fechamento vs EMA21: muito abaixo,"sma20_vs_sma50,positive_days_5d,close_vs_ema21",1,15,93.3333,93.3333,93.3333,1.2000,18.0000,7.0000
daytrade-cobertura-15,asset_long_open_tp1_5_sl3_cap1__2f__range_position_5d=upper_band__day_of_week=tue,"Discovery Acao: compra no open, alvo +1.5% / stop -3% / cap 1D | Posicao no range 5D: fechou na metade superior; Dia da semana: terca-feira",long,open,1.5,3.0,1,2,Posicao no range 5D: fechou na metade superior; Dia da semana: terca-feira,"range_position_5d,day_of_week",1,14,100.0000,100.0000,100.0000,1.5000,21.0000,INF
daytrade-cobertura-15,asset_long_open_tp1_5_sl3_cap1__3f__close_vs_sma20=up_1_5__compression_3v20=low__streak_direction=up_2_3,"Discovery Acao: compra no open, alvo +1.5% / stop -3% / cap 1D | Fechamento vs MM20: acima leve; Compressao 3D vs 20D: baixo; Sequencia de altas/quedas: alta em 2 a 3 pregoes seguidos",long,open,1.5,3.0,1,3,Fechamento vs MM20: acima leve; Compressao 3D vs 20D: baixo; Sequencia de altas/quedas: alta em 2 a 3 pregoes seguidos,"close_vs_sma20,compression_3v20,streak_direction",1,14,92.8571,92.8571,92.8571,1.3849,19.3891,175.8341
daytrade-cobertura-15,asset_long_open_tp1_5_sl3_cap1__3f__prev_ret_1d=flat__prev_ret_3d=flat__prev_ret_20d=shock_up,"Discovery Acao: compra no open, alvo +1.5% / stop -3% / cap 1D | Retorno acumulado 1D: neutro; Retorno acumulado 3D: neutro; Retorno acumulado 20D: choque de alta",long,open,1.5,3.0,1,3,Retorno acumulado 1D: neutro; Retorno acumulado 3D: neutro; Retorno acumulado 20D: choque de alta,"prev_ret_1d,prev_ret_3d,prev_ret_20d",1,14,92.8571,92.8571,92.8571,1.1786,16.5000,6.5000
daytrade-cobertura-15,asset_long_open_tp1_5_sl3_cap1__3f__prev_ret_1d=up_1_3__sma20_vs_sma50=dn_5_10__sma20_slope_5d=dn_1_5,"Discovery Acao: compra no open, alvo +1.5% / stop -3% / cap 1D | Retorno acumulado 1D: alta de 1% a 3%; MM20 vs MM50: abaixo forte; Inclinacao da MM20 em 5D: abaixo leve",long,open,1.5,3.0,1,3,Retorno acumulado 1D: alta de 1% a 3%; MM20 vs MM50: abaixo forte; Inclinacao da MM20 em 5D: abaixo leve,"prev_ret_1d,sma20_vs_sma50,sma20_slope_5d",1,14,92.8571,92.8571,92.8571,1.1786,16.5000,6.5000
daytrade-cobertura-15,asset_long_open_tp1_5_sl3_cap1__2f__sma20_vs_sma50=dn_1_5__day_of_week=tue,"Discovery Acao: compra no open, alvo +1.5% / stop -3% / cap 1D | MM20 vs MM50: abaixo leve; Dia da semana: terca-feira",long,open,1.5,3.0,1,2,MM20 vs MM50: abaixo leve; Dia da semana: terca-feira,"sma20_vs_sma50,day_of_week",1,13,100.0000,100.0000,100.0000,1.5000,19.5000,INF
daytrade-cobertura-15,asset_long_open_tp1_5_sl3_cap1__3f__close_vs_sma20=up_5_10__compression_3v20=normal__positive_days_5d=soft_strong,"Discovery Acao: compra no open, alvo +1.5% / stop -3% / cap 1D | Fechamento vs MM20: acima forte; Compressao 3D vs 20D: normal; Dias positivos nos ultimos 5 pregoes: 3 dias positivos em 5D",long,open,1.5,3.0,1,3,Fechamento vs MM20: acima forte; Compressao 3D vs 20D: normal; Dias positivos nos ultimos 5 pregoes: 3 dias positivos em 5D,"close_vs_sma20,compression_3v20,positive_days_5d",1,13,100.0000,100.0000,100.0000,1.5000,19.5000,INF
daytrade-cobertura-15,asset_long_open_tp1_5_sl3_cap1__3f__drawdown_10d=dd_1_3__atr_return_1d=rel_near__atr_return_5d=rel_up,"Discovery Acao: compra no open, alvo +1.5% / stop -3% / cap 1D | Queda desde maxima 10D: 1% a 3% abaixo da maxima; Retorno 1D normalizado por ATR: perto do normal; Retorno 5D normalizado por ATR: acima do normal",long,open,1.5,3.0,1,3,Queda desde maxima 10D: 1% a 3% abaixo da maxima; Retorno 1D normalizado por ATR: perto do normal; Retorno 5D normalizado por ATR: acima do normal,"drawdown_10d,atr_return_1d,atr_return_5d",1,13,92.3077,92.3077,92.3077,1.3689,17.7963,88.3652
daytrade-cobertura-15,asset_long_open_tp1_5_sl3_cap1__3f__drawdown_10d=dd_1_3__rsi_14=neutral_high__bb_position_20=near_high,"Discovery Acao: compra no open, alvo +1.5% / stop -3% / cap 1D | Queda desde maxima 10D: 1% a 3% abaixo da maxima; RSI 14 periodos: RSI neutro alto; Posicao nas Bandas de Bollinger 20D: fechou perto da maxima",long,open,1.5,3.0,1,3,Queda desde maxima 10D: 1% a 3% abaixo da maxima; RSI 14 periodos: RSI neutro alto; Posicao nas Bandas de Bollinger 20D: fechou perto da maxima,"drawdown_10d,rsi_14,bb_position_20",1,13,92.3077,92.3077,92.3077,1.1538,15.0000,6.0000
daytrade-cobertura-15,asset_long_open_tp1_5_sl3_cap1__3f__positive_days_5d=soft_strong__rsi_14=neutral_high__close_vs_ema21=up_5_10,"Discovery Acao: compra no open, alvo +1.5% / stop -3% / cap 1D | Dias positivos nos ultimos 5 pregoes: 3 dias positivos em 5D; RSI 14 periodos: RSI neutro alto; Fechamento vs EMA21: acima forte",long,open,1.5,3.0,1,3,Dias positivos nos ultimos 5 pregoes: 3 dias positivos em 5D; RSI 14 periodos: RSI neutro alto; Fechamento vs EMA21: acima forte,"positive_days_5d,rsi_14,close_vs_ema21",1,13,92.3077,92.3077,92.3077,1.1538,15.0000,6.0000
daytrade-cobertura-15,asset_long_open_tp1_5_sl3_cap1__3f__prev_ret_1d=flat__gap_vs_atr14=rel_near__day_of_week=tue,"Discovery Acao: compra no open, alvo +1.5% / stop -3% / cap 1D | Retorno acumulado 1D: neutro; Gap vs ATR14: perto do normal; Dia da semana: terca-feira",long,open,1.5,3.0,1,3,Retorno acumulado 1D: neutro; Gap vs ATR14: perto do normal; Dia da semana: terca-feira,"prev_ret_1d,gap_vs_atr14,day_of_week",1,13,100.0000,100.0000,92.3077,1.4220,18.4866,INF
daytrade-cobertura-15,asset_long_open_tp1_5_sl3_cap1__2f__prev_ret_2d=up_5_8__close_vs_ema9=up_1_5,"Discovery Acao: compra no open, alvo +1.5% / stop -3% / cap 1D | Retorno acumulado 2D: alta de 5% a 8%; Fechamento vs EMA9: acima leve",long,open,1.5,3.0,1,2,Retorno acumulado 2D: alta de 5% a 8%; Fechamento vs EMA9: acima leve,"prev_ret_2d,close_vs_ema9",1,12,100.0000,100.0000,100.0000,1.5000,18.0000,INF
daytrade-cobertura-15,asset_long_open_tp1_5_sl3_cap1__2f__range_position_5d=lower_band__day_of_week=tue,"Discovery Acao: compra no open, alvo +1.5% / stop -3% / cap 1D | Posicao no range 5D: fechou na metade inferior; Dia da semana: terca-feira",long,open,1.5,3.0,1,2,Posicao no range 5D: fechou na metade inferior; Dia da semana: terca-feira,"range_position_5d,day_of_week",1,12,100.0000,100.0000,100.0000,1.5000,18.0000,INF
daytrade-cobertura-15,asset_long_open_tp1_5_sl3_cap1__2f__sma20_vs_sma50=dn_1_5__atr_return_5d=rel_soft_up,"Discovery Acao: compra no open, alvo +1.5% / stop -3% / cap 1D | MM20 vs MM50: abaixo leve; Retorno 5D normalizado por ATR: levemente acima",long,open,1.5,3.0,1,2,MM20 vs MM50: abaixo leve; Retorno 5D normalizado por ATR: levemente acima,"sma20_vs_sma50,atr_return_5d",1,12,91.6667,91.6667,91.6667,1.1250,13.5000,5.5000
daytrade-cobertura-15,asset_long_open_tp1_5_sl3_cap1__3f__drawdown_5d=dd_1_3__day_of_week=tue__volume_spike_1d=very_low,"Discovery Acao: compra no open, alvo +1.5% / stop -3% / cap 1D | Queda desde maxima 5D: 1% a 3% abaixo da maxima; Dia da semana: terca-feira; Spike de volume vs maximo 5D: muito baixo",long,open,1.5,3.0,1,3,Queda desde maxima 5D: 1% a 3% abaixo da maxima; Dia da semana: terca-feira; Spike de volume vs maximo 5D: muito baixo,"drawdown_5d,day_of_week,volume_spike_1d",1,12,91.6667,91.6667,91.6667,1.2217,14.6600,8.9674
daytrade-cobertura-15,asset_long_open_tp1_5_sl3_cap1__3f__drawdown_5d=dd_1_3__streak_direction=up_1__day_of_week=tue,"Discovery Acao: compra no open, alvo +1.5% / stop -3% / cap 1D | Queda desde maxima 5D: 1% a 3% abaixo da maxima; Sequencia de altas/quedas: alta no ultimo pregao; Dia da semana: terca-feira",long,open,1.5,3.0,1,3,Queda desde maxima 5D: 1% a 3% abaixo da maxima; Sequencia de altas/quedas: alta no ultimo pregao; Dia da semana: terca-feira,"drawdown_5d,streak_direction,day_of_week",1,12,100.0000,100.0000,91.6667,1.3805,16.5662,INF
daytrade-cobertura-15,asset_long_open_tp1_5_sl3_cap1__3f__gap_pct=flat__range_position_10d=middle__day_of_week=tue,"Discovery Acao: compra no open, alvo +1.5% / stop -3% / cap 1D | Gap da abertura: neutro; Posicao no range 10D: fechou no meio; Dia da semana: terca-feira",long,open,1.5,3.0,1,3,Gap da abertura: neutro; Posicao no range 10D: fechou no meio; Dia da semana: terca-feira,"gap_pct,range_position_10d,day_of_week",1,12,91.6667,91.6667,91.6667,1.1250,13.5000,5.5000
daytrade-cobertura-15,asset_long_open_tp1_5_sl3_cap1__3f__prev_ret_10d=up_5_8__sma20_vs_sma50=near__close_vs_ema9=up_1_5,"Discovery Acao: compra no open, alvo +1.5% / stop -3% / cap 1D | Retorno acumulado 10D: alta de 5% a 8%; MM20 vs MM50: perto do equilibrio; Fechamento vs EMA9: acima leve",long,open,1.5,3.0,1,3,Retorno acumulado 10D: alta de 5% a 8%; MM20 vs MM50: perto do equilibrio; Fechamento vs EMA9: acima leve,"prev_ret_10d,sma20_vs_sma50,close_vs_ema9",1,12,100.0000,100.0000,100.0000,1.5000,18.0000,INF
daytrade-cobertura-15,asset_long_open_tp1_5_sl3_cap1__3f__prev_ret_2d=flat__drawdown_10d=dd_1_3__day_of_week=tue,"Discovery Acao: compra no open, alvo +1.5% / stop -3% / cap 1D | Retorno acumulado 2D: neutro; Queda desde maxima 10D: 1% a 3% abaixo da maxima; Dia da semana: terca-feira",long,open,1.5,3.0,1,3,Retorno acumulado 2D: neutro; Queda desde maxima 10D: 1% a 3% abaixo da maxima; Dia da semana: terca-feira,"prev_ret_2d,drawdown_10d,day_of_week",1,12,91.6667,91.6667,91.6667,1.3592,16.3099,86.7964
daytrade-cobertura-15,asset_long_open_tp1_5_sl3_cap1__3f__prev_ret_2d=up_3_5__positive_days_10d=strong__close_vs_ema21=up_5_10,"Discovery Acao: compra no open, alvo +1.5% / stop -3% / cap 1D | Retorno acumulado 2D: alta de 3% a 5%; Dias positivos nos ultimos 10 pregoes: 6 a 7 dias positivos em 10D; Fechamento vs EMA21: acima forte",long,open,1.5,3.0,1,3,Retorno acumulado 2D: alta de 3% a 5%; Dias positivos nos ultimos 10 pregoes: 6 a 7 dias positivos em 10D; Fechamento vs EMA21: acima forte,"prev_ret_2d,positive_days_10d,close_vs_ema21",1,12,100.0000,100.0000,100.0000,1.5000,18.0000,INF
daytrade-cobertura-15,asset_long_open_tp1_5_sl3_cap1__3f__prev_ret_5d=up_1_3__intraday_return_prev=flat__range_position_10d=middle,"Discovery Acao: compra no open, alvo +1.5% / stop -3% / cap 1D | Retorno acumulado 5D: alta de 1% a 3%; Retorno intraday do candle de referencia: neutro; Posicao no range 10D: fechou no meio",long,open,1.5,3.0,1,3,Retorno acumulado 5D: alta de 1% a 3%; Retorno intraday do candle de referencia: neutro; Posicao no range 10D: fechou no meio,"prev_ret_5d,intraday_return_prev,range_position_10d",1,12,91.6667,91.6667,91.6667,1.3385,16.0620,37.6712
daytrade-cobertura-15,asset_long_open_tp1_5_sl3_cap1__3f__range_position_10d=middle__day_of_week=tue__volume_spike_1d=very_low,"Discovery Acao: compra no open, alvo +1.5% / stop -3% / cap 1D | Posicao no range 10D: fechou no meio; Dia da semana: terca-feira; Spike de volume vs maximo 5D: muito baixo",long,open,1.5,3.0,1,3,Posicao no range 10D: fechou no meio; Dia da semana: terca-feira; Spike de volume vs maximo 5D: muito baixo,"range_position_10d,day_of_week,volume_spike_1d",1,12,91.6667,91.6667,91.6667,1.1250,13.5000,5.5000
daytrade-cobertura-15,asset_long_open_tp1_5_sl3_cap1__3f__range_position_20d=middle__drawdown_10d=dd_3_6__day_of_week=tue,"Discovery Acao: compra no open, alvo +1.5% / stop -3% / cap 1D | Posicao no range 20D: fechou no meio; Queda desde maxima 10D: 3% a 6% abaixo da maxima; Dia da semana: terca-feira",long,open,1.5,3.0,1,3,Posicao no range 20D: fechou no meio; Queda desde maxima 10D: 3% a 6% abaixo da maxima; Dia da semana: terca-feira,"range_position_20d,drawdown_10d,day_of_week",1,12,100.0000,100.0000,91.6667,1.4490,17.3883,INF
daytrade-cobertura-15,asset_long_open_tp1_5_sl3_cap1__3f__sma20_slope_5d=near__compression_3v20=high__close_vs_ema9=up_1_5,"Discovery Acao: compra no open, alvo +1.5% / stop -3% / cap 1D | Inclinacao da MM20 em 5D: perto do equilibrio; Compressao 3D vs 20D: alto; Fechamento vs EMA9: acima leve",long,open,1.5,3.0,1,3,Inclinacao da MM20 em 5D: perto do equilibrio; Compressao 3D vs 20D: alto; Fechamento vs EMA9: acima leve,"sma20_slope_5d,compression_3v20,close_vs_ema9",1,12,91.6667,91.6667,91.6667,1.3331,15.9972,32.8162
daytrade-cobertura-15,asset_long_open_tp1_5_sl3_cap1__3f__sma50_slope_10d=near__positive_days_10d=strong__atr_return_5d=rel_shock_up,"Discovery Acao: compra no open, alvo +1.5% / stop -3% / cap 1D | Inclinacao da MM50 em 10D: perto do equilibrio; Dias positivos nos ultimos 10 pregoes: 6 a 7 dias positivos em 10D; Retorno 5D normalizado por ATR: muito acima do normal",long,open,1.5,3.0,1,3,Inclinacao da MM50 em 10D: perto do equilibrio; Dias positivos nos ultimos 10 pregoes: 6 a 7 dias positivos em 10D; Retorno 5D normalizado por ATR: muito acima do normal,"sma50_slope_10d,positive_days_10d,atr_return_5d",1,12,100.0000,100.0000,100.0000,1.5000,18.0000,INF
daytrade-cobertura-15,asset_long_open_tp1_5_sl3_cap1__3f__volume_ratio_20d=low__positive_days_5d=strong__volume_spike_1d=very_low,"Discovery Acao: compra no open, alvo +1.5% / stop -3% / cap 1D | Volume vs media 20D: baixo; Dias positivos nos ultimos 5 pregoes: 4 a 5 dias positivos em 5D; Spike de volume vs maximo 5D: muito baixo",long,open,1.5,3.0,1,3,Volume vs media 20D: baixo; Dias positivos nos ultimos 5 pregoes: 4 a 5 dias positivos em 5D; Spike de volume vs maximo 5D: muito baixo,"volume_ratio_20d,positive_days_5d,volume_spike_1d",1,12,91.6667,91.6667,91.6667,1.1250,13.5000,5.5000
daytrade-cobertura-15,asset_long_open_tp1_5_sl3_cap1__2f__positive_days_10d=weak__day_of_week=tue,"Discovery Acao: compra no open, alvo +1.5% / stop -3% / cap 1D | Dias positivos nos ultimos 10 pregoes: 0 a 3 dias positivos em 10D; Dia da semana: terca-feira",long,open,1.5,3.0,1,2,Dias positivos nos ultimos 10 pregoes: 0 a 3 dias positivos em 10D; Dia da semana: terca-feira,"positive_days_10d,day_of_week",1,11,100.0000,100.0000,90.9091,1.3947,15.3419,INF
daytrade-cobertura-15,asset_long_open_tp1_5_sl3_cap1__2f__prev_ret_3d=up_1_3__day_of_week=tue,"Discovery Acao: compra no open, alvo +1.5% / stop -3% / cap 1D | Retorno acumulado 3D: alta de 1% a 3%; Dia da semana: terca-feira",long,open,1.5,3.0,1,2,Retorno acumulado 3D: alta de 1% a 3%; Dia da semana: terca-feira,"prev_ret_3d,day_of_week",1,11,90.9091,90.9091,90.9091,1.2813,14.0946,16.5673
daytrade-cobertura-15,asset_long_open_tp1_5_sl3_cap1__2f__prev_ret_5d=up_1_3__day_of_week=thu,"Discovery Acao: compra no open, alvo +1.5% / stop -3% / cap 1D | Retorno acumulado 5D: alta de 1% a 3%; Dia da semana: quinta-feira",long,open,1.5,3.0,1,2,Retorno acumulado 5D: alta de 1% a 3%; Dia da semana: quinta-feira,"prev_ret_5d,day_of_week",1,11,90.9091,90.9091,90.9091,1.3372,14.7097,51.6707
daytrade-cobertura-15,asset_long_open_tp1_5_sl3_cap1__2f__sma20_slope_5d=dn_1_5__day_of_week=tue,"Discovery Acao: compra no open, alvo +1.5% / stop -3% / cap 1D | Inclinacao da MM20 em 5D: abaixo leve; Dia da semana: terca-feira",long,open,1.5,3.0,1,2,Inclinacao da MM20 em 5D: abaixo leve; Dia da semana: terca-feira,"sma20_slope_5d,day_of_week",1,11,100.0000,100.0000,100.0000,1.5000,16.5000,INF
daytrade-cobertura-15,asset_long_open_tp1_5_sl3_cap1__3f__close_vs_sma50=dn_5_10__range_position_10d=middle__bb_position_20=lower_band,"Discovery Acao: compra no open, alvo +1.5% / stop -3% / cap 1D | Fechamento vs MM50: abaixo forte; Posicao no range 10D: fechou no meio; Posicao nas Bandas de Bollinger 20D: fechou na metade inferior",long,open,1.5,3.0,1,3,Fechamento vs MM50: abaixo forte; Posicao no range 10D: fechou no meio; Posicao nas Bandas de Bollinger 20D: fechou na metade inferior,"close_vs_sma50,range_position_10d,bb_position_20",1,11,90.9091,90.9091,90.9091,1.2370,13.6070,10.7681
daytrade-cobertura-15,asset_long_open_tp1_5_sl3_cap1__3f__gap_pct=flat__drawdown_10d=dd_6_10__day_of_week=tue,"Discovery Acao: compra no open, alvo +1.5% / stop -3% / cap 1D | Gap da abertura: neutro; Queda desde maxima 10D: 6% a 10% abaixo da maxima; Dia da semana: terca-feira",long,open,1.5,3.0,1,3,Gap da abertura: neutro; Queda desde maxima 10D: 6% a 10% abaixo da maxima; Dia da semana: terca-feira,"gap_pct,drawdown_10d,day_of_week",1,11,100.0000,100.0000,90.9091,1.4312,15.7435,INF
daytrade-cobertura-15,asset_long_open_tp1_5_sl3_cap1__3f__gap_pct=flat__prev_ret_3d=dn_1_3__day_of_week=tue,"Discovery Acao: compra no open, alvo +1.5% / stop -3% / cap 1D | Gap da abertura: neutro; Retorno acumulado 3D: queda de 1% a 3%; Dia da semana: terca-feira",long,open,1.5,3.0,1,3,Gap da abertura: neutro; Retorno acumulado 3D: queda de 1% a 3%; Dia da semana: terca-feira,"gap_pct,prev_ret_3d,day_of_week",1,11,90.9091,90.9091,90.9091,1.3310,14.6409,41.7711
daytrade-cobertura-15,asset_long_open_tp1_5_sl3_cap1__3f__gap_vs_range20=rel_soft_dn__range_position_10d=lower_band__rsi_14=neutral_low,"Discovery Acao: compra no open, alvo +1.5% / stop -3% / cap 1D | Gap vs range medio 20D: levemente abaixo; Posicao no range 10D: fechou na metade inferior; RSI 14 periodos: RSI neutro baixo",long,open,1.5,3.0,1,3,Gap vs range medio 20D: levemente abaixo; Posicao no range 10D: fechou na metade inferior; RSI 14 periodos: RSI neutro baixo,"gap_vs_range20,range_position_10d,rsi_14",1,11,90.9091,90.9091,90.9091,1.1176,12.2932,5.5416
daytrade-cobertura-15,asset_long_open_tp1_5_sl3_cap1__3f__prev_ret_1d=flat__range_position_20d=near_low__drawdown_10d=dd_10_15,"Discovery Acao: compra no open, alvo +1.5% / stop -3% / cap 1D | Retorno acumulado 1D: neutro; Posicao no range 20D: fechou perto da minima; Queda desde maxima 10D: 10% a 15% abaixo da maxima",long,open,1.5,3.0,1,3,Retorno acumulado 1D: neutro; Posicao no range 20D: fechou perto da minima; Queda desde maxima 10D: 10% a 15% abaixo da maxima,"prev_ret_1d,range_position_20d,drawdown_10d",1,11,100.0000,100.0000,100.0000,1.5000,16.5000,INF
daytrade-cobertura-15,asset_long_open_tp1_5_sl3_cap1__3f__prev_ret_1d=flat__sma50_slope_10d=near__intraday_return_prev=up_1_3,"Discovery Acao: compra no open, alvo +1.5% / stop -3% / cap 1D | Retorno acumulado 1D: neutro; Inclinacao da MM50 em 10D: perto do equilibrio; Retorno intraday do candle de referencia: alta de 1% a 3%",long,open,1.5,3.0,1,3,Retorno acumulado 1D: neutro; Inclinacao da MM50 em 10D: perto do equilibrio; Retorno intraday do candle de referencia: alta de 1% a 3%,"prev_ret_1d,sma50_slope_10d,intraday_return_prev",1,11,90.9091,90.9091,90.9091,1.0909,12.0000,5.0000
daytrade-cobertura-15,asset_long_open_tp1_5_sl3_cap1__3f__prev_ret_2d=flat__day_of_week=tue__atr_return_1d=rel_near,"Discovery Acao: compra no open, alvo +1.5% / stop -3% / cap 1D | Retorno acumulado 2D: neutro; Dia da semana: terca-feira; Retorno 1D normalizado por ATR: perto do normal",long,open,1.5,3.0,1,3,Retorno acumulado 2D: neutro; Dia da semana: terca-feira; Retorno 1D normalizado por ATR: perto do normal,"prev_ret_2d,day_of_week,atr_return_1d",1,11,90.9091,90.9091,90.9091,1.3001,14.3016,21.4777
daytrade-cobertura-15,asset_long_open_tp1_5_sl3_cap1__3f__sma20_slope_5d=near__gap_vs_atr14=rel_soft_dn__drawdown_5d=dd_1_3,"Discovery Acao: compra no open, alvo +1.5% / stop -3% / cap 1D | Inclinacao da MM20 em 5D: perto do equilibrio; Gap vs ATR14: levemente abaixo; Queda desde maxima 5D: 1% a 3% abaixo da maxima",long,open,1.5,3.0,1,3,Inclinacao da MM20 em 5D: perto do equilibrio; Gap vs ATR14: levemente abaixo; Queda desde maxima 5D: 1% a 3% abaixo da maxima,"sma20_slope_5d,gap_vs_atr14,drawdown_5d",1,11,90.9091,90.9091,90.9091,1.3289,14.6183,39.2979
daytrade-cobertura-15,asset_long_open_tp1_5_sl3_cap1__3f__sma50_slope_10d=near__range_position_10d=upper_band__range_position_20d=upper_band,"Discovery Acao: compra no open, alvo +1.5% / stop -3% / cap 1D | Inclinacao da MM50 em 10D: perto do equilibrio; Posicao no range 10D: fechou na metade superior; Posicao no range 20D: fechou na metade superior",long,open,1.5,3.0,1,3,Inclinacao da MM50 em 10D: perto do equilibrio; Posicao no range 10D: fechou na metade superior; Posicao no range 20D: fechou na metade superior,"sma50_slope_10d,range_position_10d,range_position_20d",1,11,90.9091,90.9091,90.9091,1.0909,12.0000,5.0000
daytrade-cobertura-15,asset_long_open_tp1_5_sl3_cap1__3f__sma50_slope_10d=up_1_5__range_position_5d=upper_band__positive_days_5d=soft_strong,"Discovery Acao: compra no open, alvo +1.5% / stop -3% / cap 1D | Inclinacao da MM50 em 10D: acima leve; Posicao no range 5D: fechou na metade superior; Dias positivos nos ultimos 5 pregoes: 3 dias positivos em 5D",long,open,1.5,3.0,1,3,Inclinacao da MM50 em 10D: acima leve; Posicao no range 5D: fechou na metade superior; Dias positivos nos ultimos 5 pregoes: 3 dias positivos em 5D,"sma50_slope_10d,range_position_5d,positive_days_5d",1,11,100.0000,100.0000,90.9091,1.4303,15.7336,INF
daytrade-cobertura-15,asset_long_open_tp1_5_sl3_cap1__3f__sma5_vs_sma20=near__range_position_5d=near_high__range_position_10d=near_high,"Discovery Acao: compra no open, alvo +1.5% / stop -3% / cap 1D | MM5 vs MM20: perto do equilibrio; Posicao no range 5D: fechou perto da maxima; Posicao no range 10D: fechou perto da maxima",long,open,1.5,3.0,1,3,MM5 vs MM20: perto do equilibrio; Posicao no range 5D: fechou perto da maxima; Posicao no range 10D: fechou perto da maxima,"sma5_vs_sma20,range_position_5d,range_position_10d",1,11,100.0000,100.0000,100.0000,1.5000,16.5000,INF
daytrade-cobertura-15,asset_long_open_tp1_5_sl3_cap1__2f__prev_ret_2d=up_1_3__day_of_week=tue,"Discovery Acao: compra no open, alvo +1.5% / stop -3% / cap 1D | Retorno acumulado 2D: alta de 1% a 3%; Dia da semana: terca-feira",long,open,1.5,3.0,1,2,Retorno acumulado 2D: alta de 1% a 3%; Dia da semana: terca-feira,"prev_ret_2d,day_of_week",1,10,90.0000,90.0000,90.0000,1.0500,10.5000,4.5000
daytrade-cobertura-15,asset_long_open_tp1_5_sl3_cap1__2f__prev_ret_3d=flat__range_position_10d=near_high,"Discovery Acao: compra no open, alvo +1.5% / stop -3% / cap 1D | Retorno acumulado 3D: neutro; Posicao no range 10D: fechou perto da maxima",long,open,1.5,3.0,1,2,Retorno acumulado 3D: neutro; Posicao no range 10D: fechou perto da maxima,"prev_ret_3d,range_position_10d",1,10,90.0000,90.0000,90.0000,1.2329,12.3293,11.5316
daytrade-cobertura-15,asset_long_open_tp1_5_sl3_cap1__2f__range_position_20d=lower_band__day_of_week=tue,"Discovery Acao: compra no open, alvo +1.5% / stop -3% / cap 1D | Posicao no range 20D: fechou na metade inferior; Dia da semana: terca-feira",long,open,1.5,3.0,1,2,Posicao no range 20D: fechou na metade inferior; Dia da semana: terca-feira,"range_position_20d,day_of_week",1,10,100.0000,100.0000,90.0000,1.4281,14.2812,INF
daytrade-cobertura-15,asset_long_open_tp1_5_sl3_cap1__3f__gap_pct=flat__rsi_14=neutral_high__atr_return_5d=rel_shock_up,"Discovery Acao: compra no open, alvo +1.5% / stop -3% / cap 1D | Gap da abertura: neutro; RSI 14 periodos: RSI neutro alto; Retorno 5D normalizado por ATR: muito acima do normal",long,open,1.5,3.0,1,3,Gap da abertura: neutro; RSI 14 periodos: RSI neutro alto; Retorno 5D normalizado por ATR: muito acima do normal,"gap_pct,rsi_14,atr_return_5d",1,10,90.0000,90.0000,90.0000,1.2630,12.6304,15.5244
daytrade-cobertura-15,asset_long_open_tp1_5_sl3_cap1__3f__prev_ret_1d=up_1_3__day_of_week=tue__atr_return_1d=rel_soft_up,"Discovery Acao: compra no open, alvo +1.5% / stop -3% / cap 1D | Retorno acumulado 1D: alta de 1% a 3%; Dia da semana: terca-feira; Retorno 1D normalizado por ATR: levemente acima",long,open,1.5,3.0,1,3,Retorno acumulado 1D: alta de 1% a 3%; Dia da semana: terca-feira; Retorno 1D normalizado por ATR: levemente acima,"prev_ret_1d,day_of_week,atr_return_1d",1,10,100.0000,100.0000,90.0000,1.4032,14.0325,INF
daytrade-cobertura-15,asset_long_open_tp1_5_sl3_cap1__3f__prev_ret_2d=up_1_3__day_of_week=tue__volume_spike_1d=very_low,"Discovery Acao: compra no open, alvo +1.5% / stop -3% / cap 1D | Retorno acumulado 2D: alta de 1% a 3%; Dia da semana: terca-feira; Spike de volume vs maximo 5D: muito baixo",long,open,1.5,3.0,1,3,Retorno acumulado 2D: alta de 1% a 3%; Dia da semana: terca-feira; Spike de volume vs maximo 5D: muito baixo,"prev_ret_2d,day_of_week,volume_spike_1d",1,10,100.0000,100.0000,90.0000,1.3530,13.5301,INF
daytrade-cobertura-15,asset_long_open_tp1_5_sl3_cap1__3f__prev_ret_5d=flat__sma50_slope_10d=up_1_5__day_of_week=tue,"Discovery Acao: compra no open, alvo +1.5% / stop -3% / cap 1D | Retorno acumulado 5D: neutro; Inclinacao da MM50 em 10D: acima leve; Dia da semana: terca-feira",long,open,1.5,3.0,1,3,Retorno acumulado 5D: neutro; Inclinacao da MM50 em 10D: acima leve; Dia da semana: terca-feira,"prev_ret_5d,sma50_slope_10d,day_of_week",1,10,90.0000,90.0000,90.0000,1.0500,10.5000,4.5000
daytrade-cobertura-15,asset_long_open_tp1_5_sl3_cap1__3f__range_position_10d=upper_band__positive_days_10d=neutral__atr_return_1d=rel_near,"Discovery Acao: compra no open, alvo +1.5% / stop -3% / cap 1D | Posicao no range 10D: fechou na metade superior; Dias positivos nos ultimos 10 pregoes: 4 a 5 dias positivos em 10D; Retorno 1D normalizado por ATR: perto do normal",long,open,1.5,3.0,1,3,Posicao no range 10D: fechou na metade superior; Dias positivos nos ultimos 10 pregoes: 4 a 5 dias positivos em 10D; Retorno 1D normalizado por ATR: perto do normal,"range_position_10d,positive_days_10d,atr_return_1d",1,10,100.0000,100.0000,90.0000,1.3588,13.5878,INF
daytrade-cobertura-15,asset_long_open_tp1_5_sl3_cap1__3f__sma20_slope_5d=dn_1_5__intraday_return_prev=flat__range_position_5d=lower_band,"Discovery Acao: compra no open, alvo +1.5% / stop -3% / cap 1D | Inclinacao da MM20 em 5D: abaixo leve; Retorno intraday do candle de referencia: neutro; Posicao no range 5D: fechou na metade inferior",long,open,1.5,3.0,1,3,Inclinacao da MM20 em 5D: abaixo leve; Retorno intraday do candle de referencia: neutro; Posicao no range 5D: fechou na metade inferior,"sma20_slope_5d,intraday_return_prev,range_position_5d",1,10,90.0000,90.0000,90.0000,1.0500,10.5000,4.5000
daytrade-cobertura-15,asset_long_open_tp1_5_sl3_cap1__3f__sma50_slope_10d=near__rsi_14=neutral_high__atr_return_5d=rel_shock_up,"Discovery Acao: compra no open, alvo +1.5% / stop -3% / cap 1D | Inclinacao da MM50 em 10D: perto do equilibrio; RSI 14 periodos: RSI neutro alto; Retorno 5D normalizado por ATR: muito acima do normal",long,open,1.5,3.0,1,3,Inclinacao da MM50 em 10D: perto do equilibrio; RSI 14 periodos: RSI neutro alto; Retorno 5D normalizado por ATR: muito acima do normal,"sma50_slope_10d,rsi_14,atr_return_5d",1,10,100.0000,100.0000,90.0000,1.4326,14.3262,INF
daytrade-cobertura-15,asset_long_open_tp1_5_sl3_cap1__3f__volume_ratio_20d=normal__range_position_10d=upper_band__positive_days_5d=soft_strong,"Discovery Acao: compra no open, alvo +1.5% / stop -3% / cap 1D | Volume vs media 20D: normal; Posicao no range 10D: fechou na metade superior; Dias positivos nos ultimos 5 pregoes: 3 dias positivos em 5D",long,open,1.5,3.0,1,3,Volume vs media 20D: normal; Posicao no range 10D: fechou na metade superior; Dias positivos nos ultimos 5 pregoes: 3 dias positivos em 5D,"volume_ratio_20d,range_position_10d,positive_days_5d",1,10,100.0000,100.0000,100.0000,1.5000,15.0000,INF
daytrade-cobertura-15,asset_long_open_tp1_5_sl3_cap1__3f__gap_vs_atr14=rel_near__compression_3v20=high__close_vs_ema9=up_1_5,"Discovery Acao: compra no open, alvo +1.5% / stop -3% / cap 1D | Gap vs ATR14: perto do normal; Compressao 3D vs 20D: alto; Fechamento vs EMA9: acima leve",long,open,1.5,3.0,1,3,Gap vs ATR14: perto do normal; Compressao 3D vs 20D: alto; Fechamento vs EMA9: acima leve,"gap_vs_atr14,compression_3v20,close_vs_ema9",1,9,100.0000,100.0000,100.0000,1.5000,13.5000,INF
daytrade-cobertura-15,asset_long_open_tp1_5_sl3_cap1__3f__intraday_return_prev=up_1_3__drawdown_5d=dd_1_3__streak_direction=up_2_3,"Discovery Acao: compra no open, alvo +1.5% / stop -3% / cap 1D | Retorno intraday do candle de referencia: alta de 1% a 3%; Queda desde maxima 5D: 1% a 3% abaixo da maxima; Sequencia de altas/quedas: alta em 2 a 3 pregoes seguidos",long,open,1.5,3.0,1,3,Retorno intraday do candle de referencia: alta de 1% a 3%; Queda desde maxima 5D: 1% a 3% abaixo da maxima; Sequencia de altas/quedas: alta em 2 a 3 pregoes seguidos,"intraday_return_prev,drawdown_5d,streak_direction",1,9,100.0000,100.0000,100.0000,1.5000,13.5000,INF
daytrade-cobertura-15,asset_long_open_tp1_5_sl3_cap1__3f__sma5_vs_sma20=near__intraday_return_prev=up_1_3__streak_direction=up_2_3,"Discovery Acao: compra no open, alvo +1.5% / stop -3% / cap 1D | MM5 vs MM20: perto do equilibrio; Retorno intraday do candle de referencia: alta de 1% a 3%; Sequencia de altas/quedas: alta em 2 a 3 pregoes seguidos",long,open,1.5,3.0,1,3,MM5 vs MM20: perto do equilibrio; Retorno intraday do candle de referencia: alta de 1% a 3%; Sequencia de altas/quedas: alta em 2 a 3 pregoes seguidos,"sma5_vs_sma20,intraday_return_prev,streak_direction",1,9,100.0000,100.0000,100.0000,1.5000,13.5000,INF
daytrade-cobertura-15,asset_long_open_tp1_5_sl3_cap1__3f__gap_pct=flat__prev_ret_1d=flat__day_of_week=tue,"Discovery Acao: compra no open, alvo +1.5% / stop -3% / cap 1D | Gap da abertura: neutro; Retorno acumulado 1D: neutro; Dia da semana: terca-feira",long,open,1.5,3.0,1,3,Gap da abertura: neutro; Retorno acumulado 1D: neutro; Dia da semana: terca-feira,"gap_pct,prev_ret_1d,day_of_week",1,8,100.0000,100.0000,100.0000,1.5000,12.0000,INF
daytrade-cobertura-15,asset_long_open_tp1_5_sl3_cap1__3f__prev_ret_20d=shock_up__rsi_14=high__day_of_week=mon,"Discovery Acao: compra no open, alvo +1.5% / stop -3% / cap 1D | Retorno acumulado 20D: choque de alta; RSI 14 periodos: RSI alto; Dia da semana: segunda-feira",long,open,1.5,3.0,1,3,Retorno acumulado 20D: choque de alta; RSI 14 periodos: RSI alto; Dia da semana: segunda-feira,"prev_ret_20d,rsi_14,day_of_week",1,8,100.0000,100.0000,100.0000,1.5000,12.0000,INF
daytrade-cobertura-15,asset_long_open_tp1_5_sl3_cap1__3f__prev_ret_20d=up_3_5__positive_days_5d=soft_weak__day_of_week=tue,"Discovery Acao: compra no open, alvo +1.5% / stop -3% / cap 1D | Retorno acumulado 20D: alta de 3% a 5%; Dias positivos nos ultimos 5 pregoes: 2 dias positivos em 5D; Dia da semana: terca-feira",long,open,1.5,3.0,1,3,Retorno acumulado 20D: alta de 3% a 5%; Dias positivos nos ultimos 5 pregoes: 2 dias positivos em 5D; Dia da semana: terca-feira,"prev_ret_20d,positive_days_5d,day_of_week",1,8,100.0000,100.0000,100.0000,1.5000,12.0000,INF
daytrade-cobertura-15,asset_long_open_tp1_5_sl3_cap1__3f__sma20_vs_sma50=up_1_5__range_position_10d=middle__day_of_week=tue,"Discovery Acao: compra no open, alvo +1.5% / stop -3% / cap 1D | MM20 vs MM50: acima leve; Posicao no range 10D: fechou no meio; Dia da semana: terca-feira",long,open,1.5,3.0,1,3,MM20 vs MM50: acima leve; Posicao no range 10D: fechou no meio; Dia da semana: terca-feira,"sma20_vs_sma50,range_position_10d,day_of_week",1,8,100.0000,100.0000,100.0000,1.5000,12.0000,INF
daytrade-cobertura-15,asset_long_open_tp1_5_sl3_cap1__3f__streak_direction=up_1__rsi_14=neutral_low__volume_spike_1d=low,"Discovery Acao: compra no open, alvo +1.5% / stop -3% / cap 1D | Sequencia de altas/quedas: alta no ultimo pregao; RSI 14 periodos: RSI neutro baixo; Spike de volume vs maximo 5D: baixo",long,open,1.5,3.0,1,3,Sequencia de altas/quedas: alta no ultimo pregao; RSI 14 periodos: RSI neutro baixo; Spike de volume vs maximo 5D: baixo,"streak_direction,rsi_14,volume_spike_1d",1,8,100.0000,100.0000,100.0000,1.5000,12.0000,INF
daytrade-principal,asset_long_open_tp2_sl4_cap1__2f__close_vs_sma50=far_dn__day_of_week=tue,"Discovery Acao: compra no open, alvo +2% / stop -4% / cap 1D | Fechamento vs MM50: muito abaixo; Dia da semana: terca-feira",long,open,2.0,4.0,1,2,Fechamento vs MM50: muito abaixo; Dia da semana: terca-feira,"close_vs_sma50,day_of_week",1,14,92.8571,92.8571,92.8571,1.8571,26.0000,INF
daytrade-principal,asset_long_open_tp2_sl4_cap1__3f__prev_ret_10d=shock_dn__sma20_vs_sma50=far_dn__positive_days_5d=weak,"Discovery Acao: compra no open, alvo +2% / stop -4% / cap 1D | Retorno acumulado 10D: choque de baixa; MM20 vs MM50: muito abaixo; Dias positivos nos ultimos 5 pregoes: 0 a 1 dia positivo em 5D",long,open,2.0,4.0,1,3,Retorno acumulado 10D: choque de baixa; MM20 vs MM50: muito abaixo; Dias positivos nos ultimos 5 pregoes: 0 a 1 dia positivo em 5D,"prev_ret_10d,sma20_vs_sma50,positive_days_5d",1,14,92.8571,92.8571,92.8571,1.5714,22.0000,6.5000
daytrade-principal,asset_long_open_tp2_sl4_cap1__3f__prev_ret_1d=up_1_3__sma20_vs_sma50=dn_5_10__sma20_slope_5d=dn_1_5,"Discovery Acao: compra no open, alvo +2% / stop -4% / cap 1D | Retorno acumulado 1D: alta de 1% a 3%; MM20 vs MM50: abaixo forte; Inclinacao da MM20 em 5D: abaixo leve",long,open,2.0,4.0,1,3,Retorno acumulado 1D: alta de 1% a 3%; MM20 vs MM50: abaixo forte; Inclinacao da MM20 em 5D: abaixo leve,"prev_ret_1d,sma20_vs_sma50,sma20_slope_5d",1,14,92.8571,92.8571,92.8571,1.5714,22.0000,6.5000
daytrade-principal,asset_long_open_tp2_sl4_cap1__3f__prev_ret_5d=up_3_5__drawdown_5d=dd_1_3__atr_return_5d=rel_soft_up,"Discovery Acao: compra no open, alvo +2% / stop -4% / cap 1D | Retorno acumulado 5D: alta de 3% a 5%; Queda desde maxima 5D: 1% a 3% abaixo da maxima; Retorno 5D normalizado por ATR: levemente acima",long,open,2.0,4.0,1,3,Retorno acumulado 5D: alta de 3% a 5%; Queda desde maxima 5D: 1% a 3% abaixo da maxima; Retorno 5D normalizado por ATR: levemente acima,"prev_ret_5d,drawdown_5d,atr_return_5d",1,13,92.3077,92.3077,92.3077,1.5385,20.0000,6.0000
daytrade-principal,asset_long_open_tp2_sl4_cap1__3f__sma5_vs_sma20=dn_5_10__rsi_14=neutral_low__day_of_week=tue,"Discovery Acao: compra no open, alvo +2% / stop -4% / cap 1D | MM5 vs MM20: abaixo forte; RSI 14 periodos: RSI neutro baixo; Dia da semana: terca-feira",long,open,2.0,4.0,1,3,MM5 vs MM20: abaixo forte; RSI 14 periodos: RSI neutro baixo; Dia da semana: terca-feira,"sma5_vs_sma20,rsi_14,day_of_week",1,13,92.3077,92.3077,92.3077,1.5385,20.0000,6.0000
daytrade-principal,asset_long_open_tp2_sl4_cap1__3f__prev_ret_20d=shock_up__compression_3v20=very_high__positive_days_5d=strong,"Discovery Acao: compra no open, alvo +2% / stop -4% / cap 1D | Retorno acumulado 20D: choque de alta; Compressao 3D vs 20D: muito alto; Dias positivos nos ultimos 5 pregoes: 4 a 5 dias positivos em 5D",long,open,2.0,4.0,1,3,Retorno acumulado 20D: choque de alta; Compressao 3D vs 20D: muito alto; Dias positivos nos ultimos 5 pregoes: 4 a 5 dias positivos em 5D,"prev_ret_20d,compression_3v20,positive_days_5d",1,12,100.0000,100.0000,100.0000,2.0000,24.0000,INF
daytrade-principal,asset_long_open_tp2_sl4_cap1__3f__range_position_20d=near_high__rsi_14=neutral_high__close_vs_ema21=up_5_10,"Discovery Acao: compra no open, alvo +2% / stop -4% / cap 1D | Posicao no range 20D: fechou perto da maxima; RSI 14 periodos: RSI neutro alto; Fechamento vs EMA21: acima forte",long,open,2.0,4.0,1,3,Posicao no range 20D: fechou perto da maxima; RSI 14 periodos: RSI neutro alto; Fechamento vs EMA21: acima forte,"range_position_20d,rsi_14,close_vs_ema21",1,12,91.6667,91.6667,91.6667,1.5000,18.0000,5.5000
daytrade-principal,asset_long_open_tp2_sl4_cap1__2f__prev_ret_2d=up_5_8__positive_days_10d=neutral,"Discovery Acao: compra no open, alvo +2% / stop -4% / cap 1D | Retorno acumulado 2D: alta de 5% a 8%; Dias positivos nos ultimos 10 pregoes: 4 a 5 dias positivos em 10D",long,open,2.0,4.0,1,2,Retorno acumulado 2D: alta de 5% a 8%; Dias positivos nos ultimos 10 pregoes: 4 a 5 dias positivos em 10D,"prev_ret_2d,positive_days_10d",1,11,100.0000,100.0000,90.9091,1.8654,20.5195,INF
daytrade-principal,asset_long_open_tp2_sl4_cap1__3f__close_vs_sma20=up_5_10__positive_days_10d=neutral__close_vs_ema21=up_5_10,"Discovery Acao: compra no open, alvo +2% / stop -4% / cap 1D | Fechamento vs MM20: acima forte; Dias positivos nos ultimos 10 pregoes: 4 a 5 dias positivos em 10D; Fechamento vs EMA21: acima forte",long,open,2.0,4.0,1,3,Fechamento vs MM20: acima forte; Dias positivos nos ultimos 10 pregoes: 4 a 5 dias positivos em 10D; Fechamento vs EMA21: acima forte,"close_vs_sma20,positive_days_10d,close_vs_ema21",1,11,100.0000,100.0000,100.0000,2.0000,22.0000,INF
daytrade-principal,asset_long_open_tp2_sl4_cap1__3f__gap_pct=flat__prev_ret_3d=shock_up__range_position_5d=near_high,"Discovery Acao: compra no open, alvo +2% / stop -4% / cap 1D | Gap da abertura: neutro; Retorno acumulado 3D: choque de alta; Posicao no range 5D: fechou perto da maxima",long,open,2.0,4.0,1,3,Gap da abertura: neutro; Retorno acumulado 3D: choque de alta; Posicao no range 5D: fechou perto da maxima,"gap_pct,prev_ret_3d,range_position_5d",1,10,90.0000,90.0000,90.0000,1.4000,14.0000,4.5000
daytrade-principal,asset_long_open_tp2_sl4_cap1__3f__gap_pct=up_1_3__bb_position_20=middle__close_vs_ema9=up_1_5,"Discovery Acao: compra no open, alvo +2% / stop -4% / cap 1D | Gap da abertura: alta de 1% a 3%; Posicao nas Bandas de Bollinger 20D: fechou no meio; Fechamento vs EMA9: acima leve",long,open,2.0,4.0,1,3,Gap da abertura: alta de 1% a 3%; Posicao nas Bandas de Bollinger 20D: fechou no meio; Fechamento vs EMA9: acima leve,"gap_pct,bb_position_20,close_vs_ema9",1,10,100.0000,100.0000,90.0000,1.9111,19.1105,INF
daytrade-principal,asset_long_open_tp2_sl4_cap1__3f__prev_ret_10d=shock_up__rsi_14=neutral_high__bb_position_20=near_high,"Discovery Acao: compra no open, alvo +2% / stop -4% / cap 1D | Retorno acumulado 10D: choque de alta; RSI 14 periodos: RSI neutro alto; Posicao nas Bandas de Bollinger 20D: fechou perto da maxima",long,open,2.0,4.0,1,3,Retorno acumulado 10D: choque de alta; RSI 14 periodos: RSI neutro alto; Posicao nas Bandas de Bollinger 20D: fechou perto da maxima,"prev_ret_10d,rsi_14,bb_position_20",1,10,100.0000,100.0000,90.0000,1.8334,18.3344,INF
daytrade-principal,asset_long_open_tp2_sl4_cap1__3f__sma50_slope_10d=dn_5_10__range_position_20d=middle__drawdown_5d=dd_1_3,"Discovery Acao: compra no open, alvo +2% / stop -4% / cap 1D | Inclinacao da MM50 em 10D: abaixo forte; Posicao no range 20D: fechou no meio; Queda desde maxima 5D: 1% a 3% abaixo da maxima",long,open,2.0,4.0,1,3,Inclinacao da MM50 em 10D: abaixo forte; Posicao no range 20D: fechou no meio; Queda desde maxima 5D: 1% a 3% abaixo da maxima,"sma50_slope_10d,range_position_20d,drawdown_5d",1,10,100.0000,100.0000,90.0000,1.9031,19.0309,INF
daytrade-principal,asset_long_open_tp2_sl4_cap1__3f__prev_ret_1d=up_3_5__range_position_5d=near_high__positive_days_10d=strong,"Discovery Acao: compra no open, alvo +2% / stop -4% / cap 1D | Retorno acumulado 1D: alta de 3% a 5%; Posicao no range 5D: fechou perto da maxima; Dias positivos nos ultimos 10 pregoes: 6 a 7 dias positivos em 10D",long,open,2.0,4.0,1,3,Retorno acumulado 1D: alta de 3% a 5%; Posicao no range 5D: fechou perto da maxima; Dias positivos nos ultimos 10 pregoes: 6 a 7 dias positivos em 10D,"prev_ret_1d,range_position_5d,positive_days_10d",1,8,100.0000,100.0000,100.0000,2.0000,16.0000,INF
daytrade-principal,asset_long_open_tp2_sl4_cap1__3f__range_position_5d=lower_band__drawdown_5d=dd_6_10__atr_return_5d=rel_soft_dn,"Discovery Acao: compra no open, alvo +2% / stop -4% / cap 1D | Posicao no range 5D: fechou na metade inferior; Queda desde maxima 5D: 6% a 10% abaixo da maxima; Retorno 5D normalizado por ATR: levemente abaixo",long,open,2.0,4.0,1,3,Posicao no range 5D: fechou na metade inferior; Queda desde maxima 5D: 6% a 10% abaixo da maxima; Retorno 5D normalizado por ATR: levemente abaixo,"range_position_5d,drawdown_5d,atr_return_5d",1,8,100.0000,100.0000,100.0000,2.0000,16.0000,INF
daytrade-principal,asset_long_open_tp2_sl4_cap1__3f__sma20_slope_5d=dn_1_5__intraday_return_prev=up_1_3__drawdown_5d=dd_1_3,"Discovery Acao: compra no open, alvo +2% / stop -4% / cap 1D | Inclinacao da MM20 em 5D: abaixo leve; Retorno intraday do candle de referencia: alta de 1% a 3%; Queda desde maxima 5D: 1% a 3% abaixo da maxima",long,open,2.0,4.0,1,3,Inclinacao da MM20 em 5D: abaixo leve; Retorno intraday do candle de referencia: alta de 1% a 3%; Queda desde maxima 5D: 1% a 3% abaixo da maxima,"sma20_slope_5d,intraday_return_prev,drawdown_5d",1,8,100.0000,100.0000,100.0000,2.0000,16.0000,INF
daytrade-principal,asset_long_open_tp2_sl4_cap1__3f__sma50_slope_10d=dn_1_5__compression_3v20=very_low__drawdown_10d=dd_10_15,"Discovery Acao: compra no open, alvo +2% / stop -4% / cap 1D | Inclinacao da MM50 em 10D: abaixo leve; Compressao 3D vs 20D: muito baixo; Queda desde maxima 10D: 10% a 15% abaixo da maxima",long,open,2.0,4.0,1,3,Inclinacao da MM50 em 10D: abaixo leve; Compressao 3D vs 20D: muito baixo; Queda desde maxima 10D: 10% a 15% abaixo da maxima,"sma50_slope_10d,compression_3v20,drawdown_10d",1,8,100.0000,100.0000,100.0000,2.0000,16.0000,INF
swing-cobertura-7d-4,asset_long_open_tp4_sl8_cap7__3f__close_vs_sma50=far_dn__sma20_vs_sma50=dn_5_10__rsi_14=neutral_low,"Discovery Acao: compra no open, alvo +4% / stop -8% / cap 7D | Fechamento vs MM50: muito abaixo; MM20 vs MM50: abaixo forte; RSI 14 periodos: RSI neutro baixo",long,open,4.0,8.0,7,3,Fechamento vs MM50: muito abaixo; MM20 vs MM50: abaixo forte; RSI 14 periodos: RSI neutro baixo,"close_vs_sma50,sma20_vs_sma50,rsi_14",1,33,93.9394,93.9394,93.9394,3.2727,108.0000,7.7500
swing-cobertura-7d-4,asset_long_open_tp4_sl8_cap7__2f__close_vs_sma50=dn_1_5__range_position_20d=middle,"Discovery Acao: compra no open, alvo +4% / stop -8% / cap 7D | Fechamento vs MM50: abaixo leve; Posicao no range 20D: fechou no meio",long,open,4.0,8.0,7,2,Fechamento vs MM50: abaixo leve; Posicao no range 20D: fechou no meio,"close_vs_sma50,range_position_20d",2,31,96.7742,96.7742,93.5484,3.5005,108.5147,9.0000
swing-cobertura-7d-4,asset_long_open_tp4_sl8_cap7__2f__positive_days_10d=neutral__close_vs_ema21=up_5_10,"Discovery Acao: compra no open, alvo +4% / stop -8% / cap 7D | Dias positivos nos ultimos 10 pregoes: 4 a 5 dias positivos em 10D; Fechamento vs EMA21: acima forte",long,open,4.0,8.0,7,2,Dias positivos nos ultimos 10 pregoes: 4 a 5 dias positivos em 10D; Fechamento vs EMA21: acima forte,"positive_days_10d,close_vs_ema21",1,25,92.0000,92.0000,92.0000,3.0400,76.0000,5.7500
swing-cobertura-7d-4,asset_long_open_tp4_sl8_cap7__3f__compression_3v20=low__range_position_5d=upper_band__positive_days_10d=neutral,"Discovery Acao: compra no open, alvo +4% / stop -8% / cap 7D | Compressao 3D vs 20D: baixo; Posicao no range 5D: fechou na metade superior; Dias positivos nos ultimos 10 pregoes: 4 a 5 dias positivos em 10D",long,open,4.0,8.0,7,3,Compressao 3D vs 20D: baixo; Posicao no range 5D: fechou na metade superior; Dias positivos nos ultimos 10 pregoes: 4 a 5 dias positivos em 10D,"compression_3v20,range_position_5d,positive_days_10d",2,23,95.6522,95.6522,95.6522,3.4783,80.0000,7.0000
swing-cobertura-7d-4,asset_long_open_tp4_sl8_cap7__2f__sma20_vs_sma50=dn_5_10__range_position_10d=upper_band,"Discovery Acao: compra no open, alvo +4% / stop -8% / cap 7D | MM20 vs MM50: abaixo forte; Posicao no range 10D: fechou na metade superior",long,open,4.0,8.0,7,2,MM20 vs MM50: abaixo forte; Posicao no range 10D: fechou na metade superior,"sma20_vs_sma50,range_position_10d",1,22,95.4545,95.4545,95.4545,3.4545,76.0000,10.5000
swing-cobertura-7d-4,asset_long_open_tp4_sl8_cap7__2f__sma20_vs_sma50=dn_5_10__rsi_14=neutral_low,"Discovery Acao: compra no open, alvo +4% / stop -8% / cap 7D | MM20 vs MM50: abaixo forte; RSI 14 periodos: RSI neutro baixo",long,open,4.0,8.0,7,2,MM20 vs MM50: abaixo forte; RSI 14 periodos: RSI neutro baixo,"sma20_vs_sma50,rsi_14",1,22,100.0000,100.0000,100.0000,4.0000,88.0000,INF
swing-cobertura-7d-4,asset_long_open_tp4_sl8_cap7__3f__prev_ret_5d=shock_up__prev_ret_10d=shock_up__positive_days_10d=strong,"Discovery Acao: compra no open, alvo +4% / stop -8% / cap 7D | Retorno acumulado 5D: choque de alta; Retorno acumulado 10D: choque de alta; Dias positivos nos ultimos 10 pregoes: 6 a 7 dias positivos em 10D",long,open,4.0,8.0,7,3,Retorno acumulado 5D: choque de alta; Retorno acumulado 10D: choque de alta; Dias positivos nos ultimos 10 pregoes: 6 a 7 dias positivos em 10D,"prev_ret_5d,prev_ret_10d,positive_days_10d",1,21,90.4762,90.4762,90.4762,3.0136,63.2846,5.9770
swing-cobertura-7d-4,asset_long_open_tp4_sl8_cap7__3f__range_position_5d=upper_band__drawdown_5d=dd_1_3__positive_days_10d=neutral,"Discovery Acao: compra no open, alvo +4% / stop -8% / cap 7D | Posicao no range 5D: fechou na metade superior; Queda desde maxima 5D: 1% a 3% abaixo da maxima; Dias positivos nos ultimos 10 pregoes: 4 a 5 dias positivos em 10D",long,open,4.0,8.0,7,3,Posicao no range 5D: fechou na metade superior; Queda desde maxima 5D: 1% a 3% abaixo da maxima; Dias positivos nos ultimos 10 pregoes: 4 a 5 dias positivos em 10D,"range_position_5d,drawdown_5d,positive_days_10d",1,21,90.4762,90.4762,90.4762,2.8571,60.0000,4.7500
swing-cobertura-7d-4,asset_long_open_tp4_sl8_cap7__2f__sma20_vs_sma50=dn_5_10__sma50_slope_10d=dn_5_10,"Discovery Acao: compra no open, alvo +4% / stop -8% / cap 7D | MM20 vs MM50: abaixo forte; Inclinacao da MM50 em 10D: abaixo forte",long,open,4.0,8.0,7,2,MM20 vs MM50: abaixo forte; Inclinacao da MM50 em 10D: abaixo forte,"sma20_vs_sma50,sma50_slope_10d",1,20,95.0000,95.0000,95.0000,3.7625,75.2500,101.3333
swing-cobertura-7d-4,asset_long_open_tp4_sl8_cap7__3f__sma20_slope_5d=near__sma50_slope_10d=up_1_5__close_vs_ema9=up_1_5,"Discovery Acao: compra no open, alvo +4% / stop -8% / cap 7D | Inclinacao da MM20 em 5D: perto do equilibrio; Inclinacao da MM50 em 10D: acima leve; Fechamento vs EMA9: acima leve",long,open,4.0,8.0,7,3,Inclinacao da MM20 em 5D: perto do equilibrio; Inclinacao da MM50 em 10D: acima leve; Fechamento vs EMA9: acima leve,"sma20_slope_5d,sma50_slope_10d,close_vs_ema9",1,20,100.0000,100.0000,100.0000,4.0000,80.0000,INF
swing-cobertura-7d-4,asset_long_open_tp4_sl8_cap7__3f__close_vs_sma50=dn_5_10__sma20_slope_5d=dn_1_5__compression_3v20=low,"Discovery Acao: compra no open, alvo +4% / stop -8% / cap 7D | Fechamento vs MM50: abaixo forte; Inclinacao da MM20 em 5D: abaixo leve; Compressao 3D vs 20D: baixo",long,open,4.0,8.0,7,3,Fechamento vs MM50: abaixo forte; Inclinacao da MM20 em 5D: abaixo leve; Compressao 3D vs 20D: baixo,"close_vs_sma50,sma20_slope_5d,compression_3v20",1,19,94.7368,94.7368,94.7368,3.7552,71.3488,110.5651
swing-cobertura-7d-4,asset_long_open_tp4_sl8_cap7__3f__sma20_vs_sma50=near__sma50_slope_10d=up_1_5__range_position_5d=middle,"Discovery Acao: compra no open, alvo +4% / stop -8% / cap 7D | MM20 vs MM50: perto do equilibrio; Inclinacao da MM50 em 10D: acima leve; Posicao no range 5D: fechou no meio",long,open,4.0,8.0,7,3,MM20 vs MM50: perto do equilibrio; Inclinacao da MM50 em 10D: acima leve; Posicao no range 5D: fechou no meio,"sma20_vs_sma50,sma50_slope_10d,range_position_5d",1,19,94.7368,94.7368,94.7368,3.7749,71.7230,259.9278
swing-cobertura-7d-4,asset_long_open_tp4_sl8_cap7__3f__prev_ret_10d=shock_up__positive_days_5d=soft_strong__bb_position_20=near_high,"Discovery Acao: compra no open, alvo +4% / stop -8% / cap 7D | Retorno acumulado 10D: choque de alta; Dias positivos nos ultimos 5 pregoes: 3 dias positivos em 5D; Posicao nas Bandas de Bollinger 20D: fechou perto da maxima",long,open,4.0,8.0,7,3,Retorno acumulado 10D: choque de alta; Dias positivos nos ultimos 5 pregoes: 3 dias positivos em 5D; Posicao nas Bandas de Bollinger 20D: fechou perto da maxima,"prev_ret_10d,positive_days_5d,bb_position_20",1,18,94.4444,94.4444,94.4444,3.3333,60.0000,8.5000
swing-cobertura-7d-4,asset_long_open_tp4_sl8_cap7__3f__sma20_vs_sma50=dn_1_5__sma50_slope_10d=near__drawdown_10d=dd_3_6,"Discovery Acao: compra no open, alvo +4% / stop -8% / cap 7D | MM20 vs MM50: abaixo leve; Inclinacao da MM50 em 10D: perto do equilibrio; Queda desde maxima 10D: 3% a 6% abaixo da maxima",long,open,4.0,8.0,7,3,MM20 vs MM50: abaixo leve; Inclinacao da MM50 em 10D: perto do equilibrio; Queda desde maxima 10D: 3% a 6% abaixo da maxima,"sma20_vs_sma50,sma50_slope_10d,drawdown_10d",1,18,100.0000,100.0000,100.0000,4.0000,72.0000,INF
swing-cobertura-7d-4,asset_long_open_tp4_sl8_cap7__2f__close_vs_sma50=dn_5_10__range_position_10d=middle,"Discovery Acao: compra no open, alvo +4% / stop -8% / cap 7D | Fechamento vs MM50: abaixo forte; Posicao no range 10D: fechou no meio",long,open,4.0,8.0,7,2,Fechamento vs MM50: abaixo forte; Posicao no range 10D: fechou no meio,"close_vs_sma50,range_position_10d",1,17,94.1176,94.1176,94.1176,3.2941,56.0000,8.0000
swing-cobertura-7d-4,asset_long_open_tp4_sl8_cap7__3f__close_vs_sma20=up_1_5__range_position_20d=middle__atr_return_1d=rel_near,"Discovery Acao: compra no open, alvo +4% / stop -8% / cap 7D | Fechamento vs MM20: acima leve; Posicao no range 20D: fechou no meio; Retorno 1D normalizado por ATR: perto do normal",long,open,4.0,8.0,7,3,Fechamento vs MM20: acima leve; Posicao no range 20D: fechou no meio; Retorno 1D normalizado por ATR: perto do normal,"close_vs_sma20,range_position_20d,atr_return_1d",1,17,100.0000,100.0000,100.0000,4.0000,68.0000,INF
swing-cobertura-7d-4,asset_long_open_tp4_sl8_cap7__3f__close_vs_sma50=dn_5_10__range_position_5d=middle__rsi_14=neutral_low,"Discovery Acao: compra no open, alvo +4% / stop -8% / cap 7D | Fechamento vs MM50: abaixo forte; Posicao no range 5D: fechou no meio; RSI 14 periodos: RSI neutro baixo",long,open,4.0,8.0,7,3,Fechamento vs MM50: abaixo forte; Posicao no range 5D: fechou no meio; RSI 14 periodos: RSI neutro baixo,"close_vs_sma50,range_position_5d,rsi_14",1,17,100.0000,100.0000,94.1176,3.8045,64.6768,INF
swing-cobertura-7d-4,asset_long_open_tp4_sl8_cap7__3f__sma20_vs_sma50=near__sma50_slope_10d=up_1_5__drawdown_5d=dd_1_3,"Discovery Acao: compra no open, alvo +4% / stop -8% / cap 7D | MM20 vs MM50: perto do equilibrio; Inclinacao da MM50 em 10D: acima leve; Queda desde maxima 5D: 1% a 3% abaixo da maxima",long,open,4.0,8.0,7,3,MM20 vs MM50: perto do equilibrio; Inclinacao da MM50 em 10D: acima leve; Queda desde maxima 5D: 1% a 3% abaixo da maxima,"sma20_vs_sma50,sma50_slope_10d,drawdown_5d",1,17,94.1176,94.1176,94.1176,3.4966,59.4420,14.0412
swing-cobertura-7d-4,asset_long_open_tp4_sl8_cap7__2f__close_vs_sma50=far_dn__sma5_vs_sma20=dn_1_5,"Discovery Acao: compra no open, alvo +4% / stop -8% / cap 7D | Fechamento vs MM50: muito abaixo; MM5 vs MM20: abaixo leve",long,open,4.0,8.0,7,2,Fechamento vs MM50: muito abaixo; MM5 vs MM20: abaixo leve,"close_vs_sma50,sma5_vs_sma20",1,16,93.7500,93.7500,93.7500,3.4718,55.5486,13.4789
swing-cobertura-7d-4,asset_long_open_tp4_sl8_cap7__2f__prev_ret_10d=shock_up__sma20_slope_5d=near,"Discovery Acao: compra no open, alvo +4% / stop -8% / cap 7D | Retorno acumulado 10D: choque de alta; Inclinacao da MM20 em 5D: perto do equilibrio",long,open,4.0,8.0,7,2,Retorno acumulado 10D: choque de alta; Inclinacao da MM20 em 5D: perto do equilibrio,"prev_ret_10d,sma20_slope_5d",1,16,100.0000,100.0000,93.7500,3.7852,60.5637,INF
swing-cobertura-7d-4,asset_long_open_tp4_sl8_cap7__2f__sma20_vs_sma50=dn_5_10__atr_return_1d=rel_soft_up,"Discovery Acao: compra no open, alvo +4% / stop -8% / cap 7D | MM20 vs MM50: abaixo forte; Retorno 1D normalizado por ATR: levemente acima",long,open,4.0,8.0,7,2,MM20 vs MM50: abaixo forte; Retorno 1D normalizado por ATR: levemente acima,"sma20_vs_sma50,atr_return_1d",1,16,93.7500,93.7500,93.7500,3.4650,55.4394,13.1562
swing-cobertura-7d-4,asset_long_open_tp4_sl8_cap7__2f__sma20_vs_sma50=dn_5_10__rsi_14=low,"Discovery Acao: compra no open, alvo +4% / stop -8% / cap 7D | MM20 vs MM50: abaixo forte; RSI 14 periodos: RSI baixo",long,open,4.0,8.0,7,2,MM20 vs MM50: abaixo forte; RSI 14 periodos: RSI baixo,"sma20_vs_sma50,rsi_14",1,16,100.0000,100.0000,93.7500,3.7996,60.7941,INF
swing-cobertura-7d-4,asset_long_open_tp4_sl8_cap7__2f__prev_ret_10d=shock_up__range_position_10d=upper_band,"Discovery Acao: compra no open, alvo +4% / stop -8% / cap 7D | Retorno acumulado 10D: choque de alta; Posicao no range 10D: fechou na metade superior",long,open,4.0,8.0,7,2,Retorno acumulado 10D: choque de alta; Posicao no range 10D: fechou na metade superior,"prev_ret_10d,range_position_10d",1,15,93.3333,93.3333,93.3333,3.5212,52.8179,17.5984
swing-cobertura-7d-4,asset_long_open_tp4_sl8_cap7__3f__sma20_vs_sma50=far_dn__sma20_slope_5d=dn_1_5__volume_spike_1d=very_low,"Discovery Acao: compra no open, alvo +4% / stop -8% / cap 7D | MM20 vs MM50: muito abaixo; Inclinacao da MM20 em 5D: abaixo leve; Spike de volume vs maximo 5D: muito baixo",long,open,4.0,8.0,7,3,MM20 vs MM50: muito abaixo; Inclinacao da MM20 em 5D: abaixo leve; Spike de volume vs maximo 5D: muito baixo,"sma20_vs_sma50,sma20_slope_5d,volume_spike_1d",1,15,93.3333,93.3333,93.3333,3.2000,48.0000,7.0000
swing-cobertura-7d-4,asset_long_open_tp4_sl8_cap7__2f__close_vs_sma50=near__range_position_20d=upper_band,"Discovery Acao: compra no open, alvo +4% / stop -8% / cap 7D | Fechamento vs MM50: perto do equilibrio; Posicao no range 20D: fechou na metade superior",long,open,4.0,8.0,7,2,Fechamento vs MM50: perto do equilibrio; Posicao no range 20D: fechou na metade superior,"close_vs_sma50,range_position_20d",1,14,100.0000,100.0000,92.8571,3.8272,53.5806,INF
swing-cobertura-7d-4,asset_long_open_tp4_sl8_cap7__2f__prev_ret_10d=shock_up__positive_days_5d=soft_strong,"Discovery Acao: compra no open, alvo +4% / stop -8% / cap 7D | Retorno acumulado 10D: choque de alta; Dias positivos nos ultimos 5 pregoes: 3 dias positivos em 5D",long,open,4.0,8.0,7,2,Retorno acumulado 10D: choque de alta; Dias positivos nos ultimos 5 pregoes: 3 dias positivos em 5D,"prev_ret_10d,positive_days_5d",1,14,100.0000,100.0000,92.8571,3.9075,54.7053,INF
swing-cobertura-7d-4,asset_long_open_tp4_sl8_cap7__3f__sma20_vs_sma50=dn_1_5__sma50_slope_10d=near__compression_3v20=normal,"Discovery Acao: compra no open, alvo +4% / stop -8% / cap 7D | MM20 vs MM50: abaixo leve; Inclinacao da MM50 em 10D: perto do equilibrio; Compressao 3D vs 20D: normal",long,open,4.0,8.0,7,3,MM20 vs MM50: abaixo leve; Inclinacao da MM50 em 10D: perto do equilibrio; Compressao 3D vs 20D: normal,"sma20_vs_sma50,sma50_slope_10d,compression_3v20",1,14,100.0000,100.0000,92.8571,3.9230,54.9225,INF
swing-cobertura-7d-4,asset_long_open_tp4_sl8_cap7__3f__intraday_return_prev=up_1_3__atr_return_1d=rel_near__volume_spike_1d=very_low,"Discovery Acao: compra no open, alvo +4% / stop -8% / cap 7D | Retorno intraday do candle de referencia: alta de 1% a 3%; Retorno 1D normalizado por ATR: perto do normal; Spike de volume vs maximo 5D: muito baixo",long,open,4.0,8.0,7,3,Retorno intraday do candle de referencia: alta de 1% a 3%; Retorno 1D normalizado por ATR: perto do normal; Spike de volume vs maximo 5D: muito baixo,"intraday_return_prev,atr_return_1d,volume_spike_1d",1,13,100.0000,100.0000,100.0000,4.0000,52.0000,INF
swing-cobertura-7d-4,asset_long_open_tp4_sl8_cap7__3f__prev_ret_20d=shock_dn__close_vs_sma50=far_dn__compression_3v20=normal,"Discovery Acao: compra no open, alvo +4% / stop -8% / cap 7D | Retorno acumulado 20D: choque de baixa; Fechamento vs MM50: muito abaixo; Compressao 3D vs 20D: normal",long,open,4.0,8.0,7,3,Retorno acumulado 20D: choque de baixa; Fechamento vs MM50: muito abaixo; Compressao 3D vs 20D: normal,"prev_ret_20d,close_vs_sma50,compression_3v20",1,13,92.3077,92.3077,92.3077,3.0769,40.0000,6.0000
swing-cobertura-7d-4,asset_long_open_tp4_sl8_cap7__3f__close_vs_sma20=dn_1_5__sma20_slope_5d=dn_1_5__positive_days_10d=neutral,"Discovery Acao: compra no open, alvo +4% / stop -8% / cap 7D | Fechamento vs MM20: abaixo leve; Inclinacao da MM20 em 5D: abaixo leve; Dias positivos nos ultimos 10 pregoes: 4 a 5 dias positivos em 10D",long,open,4.0,8.0,7,3,Fechamento vs MM20: abaixo leve; Inclinacao da MM20 em 5D: abaixo leve; Dias positivos nos ultimos 10 pregoes: 4 a 5 dias positivos em 10D,"close_vs_sma20,sma20_slope_5d,positive_days_10d",1,12,100.0000,100.0000,100.0000,4.0000,48.0000,INF
swing-cobertura-7d-4,asset_long_open_tp4_sl8_cap7__3f__gap_pct=flat__prev_ret_5d=up_3_5__positive_days_10d=neutral,"Discovery Acao: compra no open, alvo +4% / stop -8% / cap 7D | Gap da abertura: neutro; Retorno acumulado 5D: alta de 3% a 5%; Dias positivos nos ultimos 10 pregoes: 4 a 5 dias positivos em 10D",long,open,4.0,8.0,7,3,Gap da abertura: neutro; Retorno acumulado 5D: alta de 3% a 5%; Dias positivos nos ultimos 10 pregoes: 4 a 5 dias positivos em 10D,"gap_pct,prev_ret_5d,positive_days_10d",1,12,91.6667,91.6667,91.6667,3.5419,42.5027,29.3862
swing-cobertura-7d-4,asset_long_open_tp4_sl8_cap7__3f__intraday_return_prev=up_1_3__range_position_5d=upper_band__drawdown_5d=dd_1_3,"Discovery Acao: compra no open, alvo +4% / stop -8% / cap 7D | Retorno intraday do candle de referencia: alta de 1% a 3%; Posicao no range 5D: fechou na metade superior; Queda desde maxima 5D: 1% a 3% abaixo da maxima",long,open,4.0,8.0,7,3,Retorno intraday do candle de referencia: alta de 1% a 3%; Posicao no range 5D: fechou na metade superior; Queda desde maxima 5D: 1% a 3% abaixo da maxima,"intraday_return_prev,range_position_5d,drawdown_5d",1,12,100.0000,100.0000,91.6667,3.7252,44.7021,INF
swing-cobertura-7d-4,asset_long_open_tp4_sl8_cap7__3f__positive_days_10d=neutral__atr_return_5d=rel_up__volume_spike_1d=very_low,"Discovery Acao: compra no open, alvo +4% / stop -8% / cap 7D | Dias positivos nos ultimos 10 pregoes: 4 a 5 dias positivos em 10D; Retorno 5D normalizado por ATR: acima do normal; Spike de volume vs maximo 5D: muito baixo",long,open,4.0,8.0,7,3,Dias positivos nos ultimos 10 pregoes: 4 a 5 dias positivos em 10D; Retorno 5D normalizado por ATR: acima do normal; Spike de volume vs maximo 5D: muito baixo,"positive_days_10d,atr_return_5d,volume_spike_1d",1,12,100.0000,100.0000,91.6667,3.7964,45.5569,INF
swing-cobertura-7d-4,asset_long_open_tp4_sl8_cap7__3f__sma20_slope_5d=dn_1_5__drawdown_10d=dd_3_6__close_vs_ema21=dn_1_5,"Discovery Acao: compra no open, alvo +4% / stop -8% / cap 7D | Inclinacao da MM20 em 5D: abaixo leve; Queda desde maxima 10D: 3% a 6% abaixo da maxima; Fechamento vs EMA21: abaixo leve",long,open,4.0,8.0,7,3,Inclinacao da MM20 em 5D: abaixo leve; Queda desde maxima 10D: 3% a 6% abaixo da maxima; Fechamento vs EMA21: abaixo leve,"sma20_slope_5d,drawdown_10d,close_vs_ema21",1,12,91.6667,91.6667,91.6667,3.0000,36.0000,5.5000
swing-cobertura-7d-4,asset_long_open_tp4_sl8_cap7__2f__prev_ret_10d=shock_up__bb_position_20=upper_band,"Discovery Acao: compra no open, alvo +4% / stop -8% / cap 7D | Retorno acumulado 10D: choque de alta; Posicao nas Bandas de Bollinger 20D: fechou na metade superior",long,open,4.0,8.0,7,2,Retorno acumulado 10D: choque de alta; Posicao nas Bandas de Bollinger 20D: fechou na metade superior,"prev_ret_10d,bb_position_20",1,11,90.9091,90.9091,90.9091,2.9091,32.0000,5.0000
swing-cobertura-7d-4,asset_long_open_tp4_sl8_cap7__3f__gap_vs_range20=rel_near__prev_ret_5d=up_3_5__streak_direction=down_1,"Discovery Acao: compra no open, alvo +4% / stop -8% / cap 7D | Gap vs range medio 20D: perto do normal; Retorno acumulado 5D: alta de 3% a 5%; Sequencia de altas/quedas: queda no ultimo pregao",long,open,4.0,8.0,7,3,Gap vs range medio 20D: perto do normal; Retorno acumulado 5D: alta de 3% a 5%; Sequencia de altas/quedas: queda no ultimo pregao,"gap_vs_range20,prev_ret_5d,streak_direction",1,11,90.9091,90.9091,90.9091,3.4020,37.4224,15.5183
swing-cobertura-7d-4,asset_long_open_tp4_sl8_cap7__3f__sma20_vs_sma50=dn_1_5__positive_days_10d=neutral__day_of_week=tue,"Discovery Acao: compra no open, alvo +4% / stop -8% / cap 7D | MM20 vs MM50: abaixo leve; Dias positivos nos ultimos 10 pregoes: 4 a 5 dias positivos em 10D; Dia da semana: terca-feira",long,open,4.0,8.0,7,3,MM20 vs MM50: abaixo leve; Dias positivos nos ultimos 10 pregoes: 4 a 5 dias positivos em 10D; Dia da semana: terca-feira,"sma20_vs_sma50,positive_days_10d,day_of_week",1,11,90.9091,90.9091,90.9091,3.5000,38.5005,26.6756
swing-cobertura-7d-4,asset_long_open_tp4_sl8_cap7__3f__sma5_vs_sma20=dn_1_5__sma20_slope_5d=dn_1_5__drawdown_5d=dd_1_3,"Discovery Acao: compra no open, alvo +4% / stop -8% / cap 7D | MM5 vs MM20: abaixo leve; Inclinacao da MM20 em 5D: abaixo leve; Queda desde maxima 5D: 1% a 3% abaixo da maxima",long,open,4.0,8.0,7,3,MM5 vs MM20: abaixo leve; Inclinacao da MM20 em 5D: abaixo leve; Queda desde maxima 5D: 1% a 3% abaixo da maxima,"sma5_vs_sma20,sma20_slope_5d,drawdown_5d",1,11,90.9091,90.9091,90.9091,2.9091,32.0000,5.0000
swing-cobertura-7d-4,asset_long_open_tp4_sl8_cap7__2f__prev_ret_20d=flat__bb_position_20=upper_band,"Discovery Acao: compra no open, alvo +4% / stop -8% / cap 7D | Retorno acumulado 20D: neutro; Posicao nas Bandas de Bollinger 20D: fechou na metade superior",long,open,4.0,8.0,7,2,Retorno acumulado 20D: neutro; Posicao nas Bandas de Bollinger 20D: fechou na metade superior,"prev_ret_20d,bb_position_20",1,10,100.0000,100.0000,90.0000,3.7285,37.2852,INF
swing-cobertura-7d-4,asset_long_open_tp4_sl8_cap7__2f__prev_ret_5d=up_5_8__sma20_slope_5d=near,"Discovery Acao: compra no open, alvo +4% / stop -8% / cap 7D | Retorno acumulado 5D: alta de 5% a 8%; Inclinacao da MM20 em 5D: perto do equilibrio",long,open,4.0,8.0,7,2,Retorno acumulado 5D: alta de 5% a 8%; Inclinacao da MM20 em 5D: perto do equilibrio,"prev_ret_5d,sma20_slope_5d",1,10,90.0000,90.0000,90.0000,3.3421,33.4205,13.9562
swing-cobertura-7d-4,asset_long_open_tp4_sl8_cap7__3f__gap_vs_range20=rel_soft_dn__positive_days_5d=soft_strong__positive_days_10d=strong,"Discovery Acao: compra no open, alvo +4% / stop -8% / cap 7D | Gap vs range medio 20D: levemente abaixo; Dias positivos nos ultimos 5 pregoes: 3 dias positivos em 5D; Dias positivos nos ultimos 10 pregoes: 6 a 7 dias positivos em 10D",long,open,4.0,8.0,7,3,Gap vs range medio 20D: levemente abaixo; Dias positivos nos ultimos 5 pregoes: 3 dias positivos em 5D; Dias positivos nos ultimos 10 pregoes: 6 a 7 dias positivos em 10D,"gap_vs_range20,positive_days_5d,positive_days_10d",1,10,100.0000,100.0000,90.0000,3.7094,37.0939,INF
swing-cobertura-7d-4,asset_long_open_tp4_sl8_cap7__3f__prev_ret_10d=shock_up__drawdown_5d=dd_1_3__positive_days_5d=strong,"Discovery Acao: compra no open, alvo +4% / stop -8% / cap 7D | Retorno acumulado 10D: choque de alta; Queda desde maxima 5D: 1% a 3% abaixo da maxima; Dias positivos nos ultimos 5 pregoes: 4 a 5 dias positivos em 5D",long,open,4.0,8.0,7,3,Retorno acumulado 10D: choque de alta; Queda desde maxima 5D: 1% a 3% abaixo da maxima; Dias positivos nos ultimos 5 pregoes: 4 a 5 dias positivos em 5D,"prev_ret_10d,drawdown_5d,positive_days_5d",1,10,100.0000,100.0000,90.0000,3.6639,36.6388,INF
swing-cobertura-7d-4,asset_long_open_tp4_sl8_cap7__3f__sma5_vs_sma20=up_1_5__close_vs_ema21=up_1_5__atr_return_1d=rel_up,"Discovery Acao: compra no open, alvo +4% / stop -8% / cap 7D | MM5 vs MM20: acima leve; Fechamento vs EMA21: acima leve; Retorno 1D normalizado por ATR: acima do normal",long,open,4.0,8.0,7,3,MM5 vs MM20: acima leve; Fechamento vs EMA21: acima leve; Retorno 1D normalizado por ATR: acima do normal,"sma5_vs_sma20,close_vs_ema21,atr_return_1d",1,10,90.0000,90.0000,90.0000,3.5957,35.9567,831.4088
swing-cobertura-7d-4,asset_long_open_tp4_sl8_cap7__3f__gap_vs_range20=rel_soft_up__drawdown_5d=near_high__day_of_week=wed,"Discovery Acao: compra no open, alvo +4% / stop -8% / cap 7D | Gap vs range medio 20D: levemente acima; Queda desde maxima 5D: perto da maxima; Dia da semana: quarta-feira",long,open,4.0,8.0,7,3,Gap vs range medio 20D: levemente acima; Queda desde maxima 5D: perto da maxima; Dia da semana: quarta-feira,"gap_vs_range20,drawdown_5d,day_of_week",1,8,100.0000,100.0000,100.0000,4.0000,32.0000,INF
swing-cobertura-7d-4,asset_long_open_tp4_sl8_cap7__3f__range_position_20d=middle__streak_direction=up_1__rsi_14=neutral_low,"Discovery Acao: compra no open, alvo +4% / stop -8% / cap 7D | Posicao no range 20D: fechou no meio; Sequencia de altas/quedas: alta no ultimo pregao; RSI 14 periodos: RSI neutro baixo",long,open,4.0,8.0,7,3,Posicao no range 20D: fechou no meio; Sequencia de altas/quedas: alta no ultimo pregao; RSI 14 periodos: RSI neutro baixo,"range_position_20d,streak_direction,rsi_14",1,8,100.0000,100.0000,100.0000,4.0000,32.0000,INF
swing-curto-5d-4-5,asset_long_open_tp5_sl10_cap5__3f__prev_ret_20d=shock_up__rsi_14=neutral_high__close_vs_ema9=up_5_10,"Discovery Acao: compra no open, alvo +5% / stop -10% / cap 5D | Retorno acumulado 20D: choque de alta; RSI 14 periodos: RSI neutro alto; Fechamento vs EMA9: acima forte",long,open,5.0,10.0,5,3,Retorno acumulado 20D: choque de alta; RSI 14 periodos: RSI neutro alto; Fechamento vs EMA9: acima forte,"prev_ret_20d,rsi_14,close_vs_ema9",1,10,90.0000,90.0000,90.0000,3.8779,38.7788,7.2333
swing-curto-5d-4-5,asset_long_open_tp5_sl10_cap5__3f__sma50_slope_10d=dn_5_10__range_position_20d=middle__drawdown_5d=dd_1_3,"Discovery Acao: compra no open, alvo +5% / stop -10% / cap 5D | Inclinacao da MM50 em 10D: abaixo forte; Posicao no range 20D: fechou no meio; Queda desde maxima 5D: 1% a 3% abaixo da maxima",long,open,5.0,10.0,5,3,Inclinacao da MM50 em 10D: abaixo forte; Posicao no range 20D: fechou no meio; Queda desde maxima 5D: 1% a 3% abaixo da maxima,"sma50_slope_10d,range_position_20d,drawdown_5d",1,10,90.0000,90.0000,90.0000,4.0480,40.4802,9.9562
swing-curto-5d-4-5,asset_long_open_tp5_sl10_cap5__3f__prev_ret_3d=shock_up__positive_days_5d=strong__positive_days_10d=neutral,"Discovery Acao: compra no open, alvo +5% / stop -10% / cap 5D | Retorno acumulado 3D: choque de alta; Dias positivos nos ultimos 5 pregoes: 4 a 5 dias positivos em 5D; Dias positivos nos ultimos 10 pregoes: 4 a 5 dias positivos em 10D",long,open,5.0,10.0,5,3,Retorno acumulado 3D: choque de alta; Dias positivos nos ultimos 5 pregoes: 4 a 5 dias positivos em 5D; Dias positivos nos ultimos 10 pregoes: 4 a 5 dias positivos em 10D,"prev_ret_3d,positive_days_5d,positive_days_10d",1,8,100.0000,100.0000,100.0000,5.0000,40.0000,INF
swing-curto-5d-4-5,asset_long_open_tp4_sl8_cap5__3f__prev_ret_20d=shock_dn__close_vs_sma50=far_dn__volume_ratio_20d=very_low,"Discovery Acao: compra no open, alvo +4% / stop -8% / cap 5D | Retorno acumulado 20D: choque de baixa; Fechamento vs MM50: muito abaixo; Volume vs media 20D: muito baixo",long,open,4.0,8.0,5,3,Retorno acumulado 20D: choque de baixa; Fechamento vs MM50: muito abaixo; Volume vs media 20D: muito baixo,"prev_ret_20d,close_vs_sma50,volume_ratio_20d",1,18,94.4444,94.4444,94.4444,3.7282,67.1074,76.1819
swing-curto-5d-4-5,asset_long_open_tp4_sl8_cap5__3f__sma20_vs_sma50=dn_5_10__sma20_slope_5d=dn_1_5__volume_spike_1d=very_low,"Discovery Acao: compra no open, alvo +4% / stop -8% / cap 5D | MM20 vs MM50: abaixo forte; Inclinacao da MM20 em 5D: abaixo leve; Spike de volume vs maximo 5D: muito baixo",long,open,4.0,8.0,5,3,MM20 vs MM50: abaixo forte; Inclinacao da MM20 em 5D: abaixo leve; Spike de volume vs maximo 5D: muito baixo,"sma20_vs_sma50,sma20_slope_5d,volume_spike_1d",1,15,100.0000,100.0000,93.3333,3.8414,57.6216,INF
swing-curto-5d-4-5,asset_long_open_tp4_sl8_cap5__3f__sma20_vs_sma50=far_dn__sma20_slope_5d=dn_1_5__volume_spike_1d=very_low,"Discovery Acao: compra no open, alvo +4% / stop -8% / cap 5D | MM20 vs MM50: muito abaixo; Inclinacao da MM20 em 5D: abaixo leve; Spike de volume vs maximo 5D: muito baixo",long,open,4.0,8.0,5,3,MM20 vs MM50: muito abaixo; Inclinacao da MM20 em 5D: abaixo leve; Spike de volume vs maximo 5D: muito baixo,"sma20_vs_sma50,sma20_slope_5d,volume_spike_1d",1,15,93.3333,93.3333,93.3333,3.2000,48.0000,7.0000
swing-curto-5d-4-5,asset_long_open_tp4_sl8_cap5__3f__prev_ret_10d=shock_up__compression_3v20=normal__rsi_14=neutral_high,"Discovery Acao: compra no open, alvo +4% / stop -8% / cap 5D | Retorno acumulado 10D: choque de alta; Compressao 3D vs 20D: normal; RSI 14 periodos: RSI neutro alto",long,open,4.0,8.0,5,3,Retorno acumulado 10D: choque de alta; Compressao 3D vs 20D: normal; RSI 14 periodos: RSI neutro alto,"prev_ret_10d,compression_3v20,rsi_14",1,13,100.0000,100.0000,92.3077,3.8095,49.5233,INF
swing-curto-5d-4-5,asset_long_open_tp4_sl8_cap5__3f__prev_ret_10d=shock_up__close_vs_ema9=up_1_5__close_vs_ema21=up_1_5,"Discovery Acao: compra no open, alvo +4% / stop -8% / cap 5D | Retorno acumulado 10D: choque de alta; Fechamento vs EMA9: acima leve; Fechamento vs EMA21: acima leve",long,open,4.0,8.0,5,3,Retorno acumulado 10D: choque de alta; Fechamento vs EMA9: acima leve; Fechamento vs EMA21: acima leve,"prev_ret_10d,close_vs_ema9,close_vs_ema21",1,12,100.0000,100.0000,100.0000,4.0000,48.0000,INF
swing-curto-5d-4-5,asset_long_open_tp4_sl8_cap5__3f__prev_ret_10d=shock_up__sma20_slope_5d=near__rsi_14=neutral_high,"Discovery Acao: compra no open, alvo +4% / stop -8% / cap 5D | Retorno acumulado 10D: choque de alta; Inclinacao da MM20 em 5D: perto do equilibrio; RSI 14 periodos: RSI neutro alto",long,open,4.0,8.0,5,3,Retorno acumulado 10D: choque de alta; Inclinacao da MM20 em 5D: perto do equilibrio; RSI 14 periodos: RSI neutro alto,"prev_ret_10d,sma20_slope_5d,rsi_14",1,12,100.0000,100.0000,91.6667,3.7435,44.9223,INF
swing-curto-5d-4-5,asset_long_open_tp4_sl8_cap5__3f__prev_ret_5d=up_3_5__range_position_10d=middle__positive_days_5d=soft_strong,"Discovery Acao: compra no open, alvo +4% / stop -8% / cap 5D | Retorno acumulado 5D: alta de 3% a 5%; Posicao no range 10D: fechou no meio; Dias positivos nos ultimos 5 pregoes: 3 dias positivos em 5D",long,open,4.0,8.0,5,3,Retorno acumulado 5D: alta de 3% a 5%; Posicao no range 10D: fechou no meio; Dias positivos nos ultimos 5 pregoes: 3 dias positivos em 5D,"prev_ret_5d,range_position_10d,positive_days_5d",1,12,100.0000,100.0000,91.6667,3.8695,46.4336,INF
swing-curto-5d-4-5,asset_long_open_tp4_sl8_cap5__3f__sma20_vs_sma50=dn_5_10__sma20_slope_5d=dn_1_5__atr_return_5d=rel_soft_up,"Discovery Acao: compra no open, alvo +4% / stop -8% / cap 5D | MM20 vs MM50: abaixo forte; Inclinacao da MM20 em 5D: abaixo leve; Retorno 5D normalizado por ATR: levemente acima",long,open,4.0,8.0,5,3,MM20 vs MM50: abaixo forte; Inclinacao da MM20 em 5D: abaixo leve; Retorno 5D normalizado por ATR: levemente acima,"sma20_vs_sma50,sma20_slope_5d,atr_return_5d",1,12,91.6667,91.6667,91.6667,3.5980,43.1755,53.3657
swing-curto-5d-4-5,asset_long_open_tp4_sl8_cap5__2f__prev_ret_10d=shock_up__close_vs_sma20=up_1_5,"Discovery Acao: compra no open, alvo +4% / stop -8% / cap 5D | Retorno acumulado 10D: choque de alta; Fechamento vs MM20: acima leve",long,open,4.0,8.0,5,2,Retorno acumulado 10D: choque de alta; Fechamento vs MM20: acima leve,"prev_ret_10d,close_vs_sma20",1,11,90.9091,90.9091,90.9091,3.2204,35.4248,8.7428
swing-curto-5d-4-5,asset_long_open_tp4_sl8_cap5__2f__prev_ret_5d=up_3_5__atr_return_5d=rel_soft_up,"Discovery Acao: compra no open, alvo +4% / stop -8% / cap 5D | Retorno acumulado 5D: alta de 3% a 5%; Retorno 5D normalizado por ATR: levemente acima",long,open,4.0,8.0,5,2,Retorno acumulado 5D: alta de 3% a 5%; Retorno 5D normalizado por ATR: levemente acima,"prev_ret_5d,atr_return_5d",1,11,100.0000,100.0000,90.9091,3.7464,41.2101,INF
swing-curto-5d-4-5,asset_long_open_tp4_sl8_cap5__3f__sma20_vs_sma50=far_dn__positive_days_5d=strong__positive_days_10d=strong,"Discovery Acao: compra no open, alvo +4% / stop -8% / cap 5D | MM20 vs MM50: muito abaixo; Dias positivos nos ultimos 5 pregoes: 4 a 5 dias positivos em 5D; Dias positivos nos ultimos 10 pregoes: 6 a 7 dias positivos em 10D",long,open,4.0,8.0,5,3,MM20 vs MM50: muito abaixo; Dias positivos nos ultimos 5 pregoes: 4 a 5 dias positivos em 5D; Dias positivos nos ultimos 10 pregoes: 6 a 7 dias positivos em 10D,"sma20_vs_sma50,positive_days_5d,positive_days_10d",1,11,100.0000,100.0000,90.9091,3.8505,42.3560,INF
swing-curto-5d-4-5,asset_long_open_tp4_sl8_cap5__2f__sma20_vs_sma50=dn_5_10__volume_ratio_20d=very_high,"Discovery Acao: compra no open, alvo +4% / stop -8% / cap 5D | MM20 vs MM50: abaixo forte; Volume vs media 20D: muito alto",long,open,4.0,8.0,5,2,MM20 vs MM50: abaixo forte; Volume vs media 20D: muito alto,"sma20_vs_sma50,volume_ratio_20d",1,10,90.0000,90.0000,90.0000,2.9271,29.2707,5.3497
swing-curto-5d-4-5,asset_long_open_tp4_sl8_cap5__3f__gap_vs_range20=rel_near__prev_ret_5d=up_3_5__sma20_vs_sma50=dn_1_5,"Discovery Acao: compra no open, alvo +4% / stop -8% / cap 5D | Gap vs range medio 20D: perto do normal; Retorno acumulado 5D: alta de 3% a 5%; MM20 vs MM50: abaixo leve",long,open,4.0,8.0,5,3,Gap vs range medio 20D: perto do normal; Retorno acumulado 5D: alta de 3% a 5%; MM20 vs MM50: abaixo leve,"gap_vs_range20,prev_ret_5d,sma20_vs_sma50",1,10,100.0000,100.0000,100.0000,4.0000,40.0000,INF
swing-curto-5d-4-5,asset_long_open_tp4_sl8_cap5__3f__gap_pct=up_1_3__sma20_vs_sma50=dn_1_5__sma50_slope_10d=near,"Discovery Acao: compra no open, alvo +4% / stop -8% / cap 5D | Gap da abertura: alta de 1% a 3%; MM20 vs MM50: abaixo leve; Inclinacao da MM50 em 10D: perto do equilibrio",long,open,4.0,8.0,5,3,Gap da abertura: alta de 1% a 3%; MM20 vs MM50: abaixo leve; Inclinacao da MM50 em 10D: perto do equilibrio,"gap_pct,sma20_vs_sma50,sma50_slope_10d",1,9,100.0000,100.0000,100.0000,4.0000,36.0000,INF
swing-curto-5d-4-5,asset_long_open_tp4_sl8_cap5__3f__prev_ret_10d=shock_up__sma20_vs_sma50=dn_1_5__rsi_14=neutral_high,"Discovery Acao: compra no open, alvo +4% / stop -8% / cap 5D | Retorno acumulado 10D: choque de alta; MM20 vs MM50: abaixo leve; RSI 14 periodos: RSI neutro alto",long,open,4.0,8.0,5,3,Retorno acumulado 10D: choque de alta; MM20 vs MM50: abaixo leve; RSI 14 periodos: RSI neutro alto,"prev_ret_10d,sma20_vs_sma50,rsi_14",1,9,100.0000,100.0000,100.0000,4.0000,36.0000,INF
swing-curto-5d-4-5,asset_long_open_tp4_sl8_cap5__3f__sma20_vs_sma50=dn_5_10__volume_ratio_20d=very_low__rsi_14=neutral_low,"Discovery Acao: compra no open, alvo +4% / stop -8% / cap 5D | MM20 vs MM50: abaixo forte; Volume vs media 20D: muito baixo; RSI 14 periodos: RSI neutro baixo",long,open,4.0,8.0,5,3,MM20 vs MM50: abaixo forte; Volume vs media 20D: muito baixo; RSI 14 periodos: RSI neutro baixo,"sma20_vs_sma50,volume_ratio_20d,rsi_14",1,9,100.0000,100.0000,100.0000,4.0000,36.0000,INF
swing-curto-5d-4-5,asset_long_open_tp4_sl8_cap5__3f__prev_ret_3d=up_3_5__drawdown_10d=dd_3_6__atr_return_1d=rel_near,"Discovery Acao: compra no open, alvo +4% / stop -8% / cap 5D | Retorno acumulado 3D: alta de 3% a 5%; Queda desde maxima 10D: 3% a 6% abaixo da maxima; Retorno 1D normalizado por ATR: perto do normal",long,open,4.0,8.0,5,3,Retorno acumulado 3D: alta de 3% a 5%; Queda desde maxima 10D: 3% a 6% abaixo da maxima; Retorno 1D normalizado por ATR: perto do normal,"prev_ret_3d,drawdown_10d,atr_return_1d",1,8,100.0000,100.0000,100.0000,4.0000,32.0000,INF
swing-principal-7d-5,asset_long_open_tp5_sl10_cap7__3f__positive_days_10d=neutral__rsi_14=neutral_high__close_vs_ema21=up_5_10,"Discovery Acao: compra no open, alvo +5% / stop -10% / cap 7D | Dias positivos nos ultimos 10 pregoes: 4 a 5 dias positivos em 10D; RSI 14 periodos: RSI neutro alto; Fechamento vs EMA21: acima forte",long,open,5.0,10.0,7,3,Dias positivos nos ultimos 10 pregoes: 4 a 5 dias positivos em 10D; RSI 14 periodos: RSI neutro alto; Fechamento vs EMA21: acima forte,"positive_days_10d,rsi_14,close_vs_ema21",1,24,95.8333,95.8333,95.8333,4.3750,105.0000,11.5000
swing-principal-7d-5,asset_long_open_tp5_sl10_cap7__3f__prev_ret_10d=shock_up__sma20_vs_sma50=dn_1_5__rsi_14=neutral_high,"Discovery Acao: compra no open, alvo +5% / stop -10% / cap 7D | Retorno acumulado 10D: choque de alta; MM20 vs MM50: abaixo leve; RSI 14 periodos: RSI neutro alto",long,open,5.0,10.0,7,3,Retorno acumulado 10D: choque de alta; MM20 vs MM50: abaixo leve; RSI 14 periodos: RSI neutro alto,"prev_ret_10d,sma20_vs_sma50,rsi_14",2,22,100.0000,100.0000,100.0000,5.0000,110.0000,INF
swing-principal-7d-5,asset_long_open_tp5_sl10_cap7__3f__sma20_slope_5d=dn_1_5__range_position_20d=middle__rsi_14=neutral_low,"Discovery Acao: compra no open, alvo +5% / stop -10% / cap 7D | Inclinacao da MM20 em 5D: abaixo leve; Posicao no range 20D: fechou no meio; RSI 14 periodos: RSI neutro baixo",long,open,5.0,10.0,7,3,Inclinacao da MM20 em 5D: abaixo leve; Posicao no range 20D: fechou no meio; RSI 14 periodos: RSI neutro baixo,"sma20_slope_5d,range_position_20d,rsi_14",1,21,90.4762,90.4762,90.4762,3.5714,75.0000,4.7500
swing-principal-7d-5,asset_long_open_tp5_sl10_cap7__3f__close_vs_sma50=far_dn__rsi_14=neutral_low__atr_return_5d=rel_dn,"Discovery Acao: compra no open, alvo +5% / stop -10% / cap 7D | Fechamento vs MM50: muito abaixo; RSI 14 periodos: RSI neutro baixo; Retorno 5D normalizado por ATR: abaixo do normal",long,open,5.0,10.0,7,3,Fechamento vs MM50: muito abaixo; RSI 14 periodos: RSI neutro baixo; Retorno 5D normalizado por ATR: abaixo do normal,"close_vs_sma50,rsi_14,atr_return_5d",1,15,100.0000,100.0000,100.0000,5.0000,75.0000,INF
swing-principal-7d-5,asset_long_open_tp5_sl10_cap7__3f__close_vs_sma50=far_dn__sma20_vs_sma50=dn_5_10__volume_ratio_20d=very_low,"Discovery Acao: compra no open, alvo +5% / stop -10% / cap 7D | Fechamento vs MM50: muito abaixo; MM20 vs MM50: abaixo forte; Volume vs media 20D: muito baixo",long,open,5.0,10.0,7,3,Fechamento vs MM50: muito abaixo; MM20 vs MM50: abaixo forte; Volume vs media 20D: muito baixo,"close_vs_sma50,sma20_vs_sma50,volume_ratio_20d",1,15,93.3333,93.3333,93.3333,4.5278,67.9172,33.6086
swing-principal-7d-5,asset_long_open_tp5_sl10_cap7__3f__sma20_vs_sma50=dn_5_10__rsi_14=neutral_low__volume_spike_1d=very_low,"Discovery Acao: compra no open, alvo +5% / stop -10% / cap 7D | MM20 vs MM50: abaixo forte; RSI 14 periodos: RSI neutro baixo; Spike de volume vs maximo 5D: muito baixo",long,open,5.0,10.0,7,3,MM20 vs MM50: abaixo forte; RSI 14 periodos: RSI neutro baixo; Spike de volume vs maximo 5D: muito baixo,"sma20_vs_sma50,rsi_14,volume_spike_1d",1,15,100.0000,100.0000,100.0000,5.0000,75.0000,INF
swing-principal-7d-5,asset_long_open_tp5_sl10_cap7__2f__prev_ret_20d=shock_dn__range_position_20d=middle,"Discovery Acao: compra no open, alvo +5% / stop -10% / cap 7D | Retorno acumulado 20D: choque de baixa; Posicao no range 20D: fechou no meio",long,open,5.0,10.0,7,2,Retorno acumulado 20D: choque de baixa; Posicao no range 20D: fechou no meio,"prev_ret_20d,range_position_20d",1,13,92.3077,92.3077,92.3077,3.8462,50.0000,6.0000
swing-principal-7d-5,asset_long_open_tp5_sl10_cap7__3f__prev_ret_10d=shock_up__sma20_slope_5d=near__rsi_14=neutral_high,"Discovery Acao: compra no open, alvo +5% / stop -10% / cap 7D | Retorno acumulado 10D: choque de alta; Inclinacao da MM20 em 5D: perto do equilibrio; RSI 14 periodos: RSI neutro alto",long,open,5.0,10.0,7,3,Retorno acumulado 10D: choque de alta; Inclinacao da MM20 em 5D: perto do equilibrio; RSI 14 periodos: RSI neutro alto,"prev_ret_10d,sma20_slope_5d,rsi_14",1,12,100.0000,100.0000,100.0000,5.0000,60.0000,INF
swing-principal-7d-5,asset_long_open_tp5_sl10_cap7__3f__prev_ret_1d=up_1_3__sma50_slope_10d=dn_5_10__atr_return_1d=rel_soft_up,"Discovery Acao: compra no open, alvo +5% / stop -10% / cap 7D | Retorno acumulado 1D: alta de 1% a 3%; Inclinacao da MM50 em 10D: abaixo forte; Retorno 1D normalizado por ATR: levemente acima",long,open,5.0,10.0,7,3,Retorno acumulado 1D: alta de 1% a 3%; Inclinacao da MM50 em 10D: abaixo forte; Retorno 1D normalizado por ATR: levemente acima,"prev_ret_1d,sma50_slope_10d,atr_return_1d",1,12,91.6667,91.6667,91.6667,4.2381,50.8569,13.2751
swing-principal-7d-5,asset_long_open_tp5_sl10_cap7__2f__prev_ret_5d=up_3_5__atr_return_5d=rel_soft_up,"Discovery Acao: compra no open, alvo +5% / stop -10% / cap 7D | Retorno acumulado 5D: alta de 3% a 5%; Retorno 5D normalizado por ATR: levemente acima",long,open,5.0,10.0,7,2,Retorno acumulado 5D: alta de 3% a 5%; Retorno 5D normalizado por ATR: levemente acima,"prev_ret_5d,atr_return_5d",1,11,90.9091,90.9091,90.9091,3.6364,40.0000,5.0000
swing-principal-7d-5,asset_long_open_tp5_sl10_cap7__2f__sma20_slope_5d=dn_1_5__close_vs_ema9=up_1_5,"Discovery Acao: compra no open, alvo +5% / stop -10% / cap 7D | Inclinacao da MM20 em 5D: abaixo leve; Fechamento vs EMA9: acima leve",long,open,5.0,10.0,7,2,Inclinacao da MM20 em 5D: abaixo leve; Fechamento vs EMA9: acima leve,"sma20_slope_5d,close_vs_ema9",1,11,90.9091,90.9091,90.9091,3.6364,40.0000,5.0000
swing-principal-7d-5,asset_long_open_tp5_sl10_cap7__3f__sma20_vs_sma50=far_dn__range_position_5d=middle__positive_days_5d=soft_strong,"Discovery Acao: compra no open, alvo +5% / stop -10% / cap 7D | MM20 vs MM50: muito abaixo; Posicao no range 5D: fechou no meio; Dias positivos nos ultimos 5 pregoes: 3 dias positivos em 5D",long,open,5.0,10.0,7,3,MM20 vs MM50: muito abaixo; Posicao no range 5D: fechou no meio; Dias positivos nos ultimos 5 pregoes: 3 dias positivos em 5D,"sma20_vs_sma50,range_position_5d,positive_days_5d",1,11,90.9091,90.9091,90.9091,3.6364,40.0000,5.0000
swing-principal-7d-5,asset_long_open_tp5_sl10_cap7__3f__intraday_return_prev=up_3_5__streak_direction=up_1__positive_days_5d=soft_weak,"Discovery Acao: compra no open, alvo +5% / stop -10% / cap 7D | Retorno intraday do candle de referencia: alta de 3% a 5%; Sequencia de altas/quedas: alta no ultimo pregao; Dias positivos nos ultimos 5 pregoes: 2 dias positivos em 5D",long,open,5.0,10.0,7,3,Retorno intraday do candle de referencia: alta de 3% a 5%; Sequencia de altas/quedas: alta no ultimo pregao; Dias positivos nos ultimos 5 pregoes: 2 dias positivos em 5D,"intraday_return_prev,streak_direction,positive_days_5d",1,10,90.0000,90.0000,90.0000,3.5000,35.0000,4.5000
swing-principal-7d-5,asset_long_open_tp5_sl10_cap7__2f__sma20_slope_5d=dn_1_5__rsi_14=neutral_high,"Discovery Acao: compra no open, alvo +5% / stop -10% / cap 7D | Inclinacao da MM20 em 5D: abaixo leve; RSI 14 periodos: RSI neutro alto",long,open,5.0,10.0,7,2,Inclinacao da MM20 em 5D: abaixo leve; RSI 14 periodos: RSI neutro alto,"sma20_slope_5d,rsi_14",1,9,100.0000,100.0000,100.0000,5.0000,45.0000,INF
swing-raro-7d-7,asset_long_open_tp7_sl10_cap7__3f__sma50_slope_10d=dn_5_10__range_position_20d=middle__drawdown_5d=dd_1_3,"Discovery Acao: compra no open, alvo +7% / stop -10% / cap 7D | Inclinacao da MM50 em 10D: abaixo forte; Posicao no range 20D: fechou no meio; Queda desde maxima 5D: 1% a 3% abaixo da maxima",long,open,7.0,10.0,7,3,Inclinacao da MM50 em 10D: abaixo forte; Posicao no range 20D: fechou no meio; Queda desde maxima 5D: 1% a 3% abaixo da maxima,"sma50_slope_10d,range_position_20d,drawdown_5d",1,10,90.0000,90.0000,90.0000,5.7162,57.1620,10.7914
swing-raro-7d-7,asset_long_open_tp7_sl10_cap7__3f__positive_days_5d=soft_strong__rsi_14=neutral_high__close_vs_ema9=up_5_10,"Discovery Acao: compra no open, alvo +7% / stop -10% / cap 7D | Dias positivos nos ultimos 5 pregoes: 3 dias positivos em 5D; RSI 14 periodos: RSI neutro alto; Fechamento vs EMA9: acima forte",long,open,7.0,10.0,7,3,Dias positivos nos ultimos 5 pregoes: 3 dias positivos em 5D; RSI 14 periodos: RSI neutro alto; Fechamento vs EMA9: acima forte,"positive_days_5d,rsi_14,close_vs_ema9",1,9,100.0000,100.0000,100.0000,7.0000,63.0000,INF
