rank,ticker,strategy_code,template_code,template_label,entry_rule,exit_mode,target_pct,stop_pct,holding_days,state_size,state_signature,feature_keys,m_trades,m_win_pct,m_avg_return_pct,m_profit_factor,m_take_profit,m_stop_loss,m1_trades,m1_win_pct,m1_avg_return_pct,m2_trades,m2_win_pct,m2_avg_return_pct,m3_trades,m3_win_pct,m3_avg_return_pct,v_trades,v_win_pct,v_avg_return_pct,v_profit_factor,o_trades,o_win_pct,o_avg_return_pct,o_profit_factor,wilson_ci95_lower_pct,binomial_p_mining,binomial_p_val,bootstrap_avg_return_lower_pct,bootstrap_avg_return_upper_pct,walk_forward_status,fdr_q_value,final_score,first_trade_date,last_trade_date
1,ABEV3,r11_day_r11day_ABEV3_open_tp1_0_sl2_0_cap1__3f__positive_days_5d=weak__rsi_14=low__sma20_vs_sma50=near,open_tp1_0_sl2_0_cap1,open -> alvo 1% / stop 2% em ate 1 pregao,open,target_stop_swing,1.0000,2.0000,1,3,Dias positivos nos ultimos 5 pregoes: 0 a 1 dia positivo em 5D; RSI 14 periodos: RSI baixo; MM20 vs MM50: perto do equilibrio,"positive_days_5d,rsi_14,sma20_vs_sma50",36,94.4444,0.8966,19.7200,34,0,16,87.5000,0.7672,6,100.0000,1.0000,14,100.0000,1.0000,10,100.0000,1.0000,INF,4,50.0000,0.3632,3.6550,81.8550,4.83165e-08,0.000782767,0.7414,1.0000,PASSOU 3/3 (87%/100%/100%),1.90094e-05,673.4857,2018-05-08,2026-04-28
2,ABEV3,r11_day_r11day_ABEV3_open_tp1_0_sl2_0_cap1__3f__drawdown_10d=dd_3_6__gap_vs_atr14=rel_soft_dn__sma5_vs_sma20=near,open_tp1_0_sl2_0_cap1,open -> alvo 1% / stop 2% em ate 1 pregao,open,target_stop_swing,1.0000,2.0000,1,3,Queda desde maxima 10D: 3% a 6% abaixo da maxima; Gap vs ATR14: levemente abaixo; MM5 vs MM20: perto do equilibrio,"drawdown_10d,gap_vs_atr14,sma5_vs_sma20",50,92.0000,0.7600,5.7500,46,4,18,88.8889,0.6667,16,87.5000,0.6250,16,100.0000,1.0000,10,100.0000,1.0000,INF,0,0.0000,0.0000,0.0000,81.1615,1.43265e-09,0.000782767,0.5200,0.9400,PASSOU 3/3 (88%/87%/100%),2.24191e-06,669.6340,2018-02-06,2025-12-09
3,ABEV3,r11_day_r11day_ABEV3_open_tp1_0_sl2_0_cap1__3f__gap_filled_prev=gap_dn_filled__prev_ret_20d=dn_3_5__sma20_slope_5d=near,open_tp1_0_sl2_0_cap1,open -> alvo 1% / stop 2% em ate 1 pregao,open,target_stop_swing,1.0000,2.0000,1,3,Gap do candle de referencia preenchido: gap de baixa preenchido; Retorno acumulado 20D: queda de 3% a 5%; Inclinacao da MM20 em 5D: perto do equilibrio,"gap_filled_prev,prev_ret_20d,sma20_slope_5d",48,91.6667,0.7934,7.4339,44,2,10,100.0000,1.0000,18,100.0000,1.0000,20,80.0000,0.5041,10,100.0000,1.0000,INF,2,0.0000,-1.1842,0.0000,80.4464,3.89385e-09,0.000782767,0.5842,0.9592,PASSOU 3/3 (100%/100%/80%),4.297e-06,668.0023,2018-09-26,2026-03-16
1,ALOS3,r11_day_r11day_ALOS3_open_tp1_0_sl2_0_cap1__3f__close_vs_ema200=near__days_since_options_expiry=far__sma20_vs_sma50=up_1_5,open_tp1_0_sl2_0_cap1,open -> alvo 1% / stop 2% em ate 1 pregao,open,target_stop_swing,1.0000,2.0000,1,3,Fechamento vs EMA200: perto do equilibrio; Dias desde vencimento de opcoes B3: muito apos vencimento; MM20 vs MM50: acima leve,"close_vs_ema200,days_since_options_expiry,sma20_vs_sma50",32,87.5000,0.6250,3.5000,28,4,0,0.0000,0.0000,20,80.0000,0.4000,12,100.0000,1.0000,12,100.0000,1.0000,INF,0,0.0000,0.0000,0.0000,71.9314,1.10526e-05,0.00026605,0.2500,0.9062,PASSOU 2/2 (—/80%/100%),0.000526325,640.6189,2021-05-10,2025-04-17
2,ALOS3,r11_day_r11day_ALOS3_open_tp1_0_sl2_0_cap1__3f__close_vs_ema200=near__rsi_14=neutral_high__sma20_vs_sma50=up_1_5,open_tp1_0_sl2_0_cap1,open -> alvo 1% / stop 2% em ate 1 pregao,open,target_stop_swing,1.0000,2.0000,1,3,Fechamento vs EMA200: perto do equilibrio; RSI 14 periodos: RSI neutro alto; MM20 vs MM50: acima leve,"close_vs_ema200,rsi_14,sma20_vs_sma50",32,81.2500,0.4819,2.4579,26,4,0,0.0000,0.0000,16,87.5000,0.6250,16,75.0000,0.3389,12,100.0000,1.0000,INF,0,0.0000,0.0000,0.0000,64.6905,0.000203518,0.00026605,0.1020,0.8347,PASSOU 2/2 (—/87%/75%),0.00280542,617.7122,2021-04-20,2025-04-17
3,ALOS3,r11_day_r11day_ALOS3_open_tp1_0_sl2_0_cap1__3f__close_vs_ema200=near__days_since_options_expiry=far__rsi_14=neutral_high,open_tp1_0_sl2_0_cap1,open -> alvo 1% / stop 2% em ate 1 pregao,open,target_stop_swing,1.0000,2.0000,1,3,Fechamento vs EMA200: perto do equilibrio; Dias desde vencimento de opcoes B3: muito apos vencimento; RSI 14 periodos: RSI neutro alto,"close_vs_ema200,days_since_options_expiry,rsi_14",70,74.2857,0.3403,1.8455,52,14,0,0.0000,0.0000,30,80.0000,0.4000,40,70.0000,0.2956,12,100.0000,1.0000,INF,0,0.0000,0.0000,0.0000,62.9736,2.41549e-05,0.00026605,0.0403,0.6000,PASSOU 2/2 (—/80%/70%),0.000891939,612.0679,2021-02-04,2025-04-17
1,ASAI3,r11_day_r11mini_ASAI3_open_tp2_0_sl2_0_cap3__3f__close_vs_ema21=near__prev_ret_5d_z20=rel_soft_up__range_position_5d=middle,open_tp2_0_sl2_0_cap3,open -> alvo 2% / stop 2% em ate 3 pregoes,open,target_stop_swing,2.0000,2.0000,3,3,Fechamento vs EMA21: perto do equilibrio; Retorno 5D em z-score 20D: levemente acima; Posicao no range 5D: fechou no meio,"close_vs_ema21,prev_ret_5d_z20,range_position_5d",42,85.7143,1.5320,9.0429,36,4,0,0.0000,0.0000,28,92.8571,1.8694,14,71.4286,0.8571,10,100.0000,2.0000,INF,0,0.0000,0.0000,0.0000,72.1586,1.83825e-06,0.000782767,1.1510,1.8612,PASSOU 2/2 (—/92%/71%),0.000173117,657.6733,2021-07-12,2025-11-04
2,ASAI3,r11_day_r11mini_ASAI3_open_tp2_0_sl2_0_cap3__3f__drawdown_20d=dd_3_6__range_position_10d=middle__sma20_vs_sma50=near,open_tp2_0_sl2_0_cap3,open -> alvo 2% / stop 2% em ate 3 pregoes,open,target_stop_swing,2.0000,2.0000,3,3,Queda desde maxima 20D: 3% a 6% abaixo da maxima; Posicao no range 10D: fechou no meio; MM20 vs MM50: perto do equilibrio,"drawdown_20d,range_position_10d,sma20_vs_sma50",54,81.4815,1.2593,4.4000,44,10,0,0.0000,0.0000,30,86.6667,1.4667,24,75.0000,1.0000,10,100.0000,2.0000,INF,0,0.0000,0.0000,0.0000,69.1638,1.85865e-06,0.000782767,0.8148,1.6296,PASSOU 2/2 (—/86%/75%),0.000173117,645.9993,2021-07-21,2025-11-26
3,ASAI3,r11_day_r11mini_ASAI3_open_tp2_0_sl2_0_cap3__3f__drawdown_20d=dd_3_6__intraday_return_prev=flat__range_position_10d=middle,open_tp2_0_sl2_0_cap3,open -> alvo 2% / stop 2% em ate 3 pregoes,open,target_stop_swing,2.0000,2.0000,3,3,Queda desde maxima 20D: 3% a 6% abaixo da maxima; Retorno intraday do candle de referencia: neutro; Posicao no range 10D: fechou no meio,"drawdown_20d,intraday_return_prev,range_position_10d",64,78.1250,1.1250,3.5714,50,14,0,0.0000,0.0000,40,75.0000,1.0000,24,83.3333,1.3333,22,100.0000,2.0000,INF,4,100.0000,2.0000,INF,66.5670,3.4008e-06,1.36482e-06,0.6875,1.5000,PASSOU 2/2 (—/75%/83%),0.000276206,640.8785,2021-04-28,2026-02-10
1,AURE3,r11_day_r11mini_AURE3_open_tp2_0_sl2_0_cap3__3f__days_since_options_expiry=settled__range_position_5d=upper_band__sma5_vs_sma20=up_1_5,open_tp2_0_sl2_0_cap3,open -> alvo 2% / stop 2% em ate 3 pregoes,open,target_stop_swing,2.0000,2.0000,3,3,Dias desde vencimento de opcoes B3: ja distante do vencimento; Posicao no range 5D: fechou na metade superior; MM5 vs MM20: acima leve,"days_since_options_expiry,range_position_5d,sma5_vs_sma20",30,80.0000,1.2000,4.0000,24,6,0,0.0000,0.0000,12,66.6667,0.6667,18,88.8889,1.5556,14,100.0000,2.0000,INF,2,0.0000,-2.0000,0.0000,62.6940,0.00050756,9.14331e-05,0.6667,1.7333,PASSOU 2/2 (—/66%/88%),0.00473361,626.9559,2022-10-28,2026-02-25
2,AURE3,r11_day_r11day_AURE3_open_tp1_0_sl2_0_cap1__3f__month_of_year=q2__prev_ret_3d=flat__prev_ret_3d_z20=rel_near,open_tp1_0_sl2_0_cap1,open -> alvo 1% / stop 2% em ate 1 pregao,open,target_stop_swing,1.0000,2.0000,1,3,Mes do ano (trimestre): segundo trimestre; Retorno acumulado 3D: neutro; Retorno 3D em z-score 20D: perto do normal,"month_of_year,prev_ret_3d,prev_ret_3d_z20",54,74.0741,0.4031,2.1936,40,6,0,0.0000,0.0000,14,71.4286,0.1429,40,75.0000,0.4941,12,100.0000,1.0000,INF,12,100.0000,1.0000,INF,61.0689,0.000201511,0.00026605,0.1105,0.6710,PASSOU 2/2 (—/71%/75%),0.00280542,606.9154,2022-05-12,2026-05-21
3,AURE3,r11_day_r11day_AURE3_open_tp1_0_sl2_0_cap1__3f__atr_return_1d=rel_near__days_since_options_expiry=settled__rebound_5d=reb_3_6,open_tp1_0_sl2_0_cap1,open -> alvo 1% / stop 2% em ate 1 pregao,open,target_stop_swing,1.0000,2.0000,1,3,Retorno 1D normalizado por ATR: perto do normal; Dias desde vencimento de opcoes B3: ja distante do vencimento; Distancia desde minima 5D: 3% a 6% acima da minima,"atr_return_1d,days_since_options_expiry,rebound_5d",34,76.4706,0.4956,2.8419,26,4,0,0.0000,0.0000,14,71.4286,0.1429,20,80.0000,0.7426,12,100.0000,1.0000,INF,4,50.0000,-0.5000,0.5000,60.0035,0.00101109,0.00026605,0.1309,0.7985,PASSOU 2/2 (—/71%/80%),0.0072246,603.8824,2022-05-24,2026-05-22
1,AXIA3,r11_day_r11mini_AXIA3_close_tp2_0_sl2_0_cap3__3f__close_vs_ema21=up_1_5__prev_ret_20d=up_3_5__upper_wick_ratio_prev=low,close_tp2_0_sl2_0_cap3,close -> alvo 2% / stop 2% em ate 3 pregoes,close,target_stop_swing,2.0000,2.0000,3,3,Fechamento vs EMA21: acima leve; Retorno acumulado 20D: alta de 3% a 5%; Pavio superior do candle: baixo,"close_vs_ema21,prev_ret_20d,upper_wick_ratio_prev",36,83.3333,1.3333,5.0000,30,6,12,100.0000,2.0000,14,71.4286,0.8571,10,80.0000,1.2000,10,100.0000,2.0000,INF,0,0.0000,0.0000,0.0000,68.1089,3.1686e-05,0.000782767,0.7778,1.7778,PASSOU 3/3 (100%/71%/80%),0.000891939,642.5386,2018-11-14,2025-10-29
2,AXIA3,r11_day_r11mini_AXIA3_close_tp2_0_sl2_0_cap3__3f__close_vs_ema200=up_1_5__close_vs_sma50=up_5_10__sma20_slope_5d=near,close_tp2_0_sl2_0_cap3,close -> alvo 2% / stop 2% em ate 3 pregoes,close,target_stop_swing,2.0000,2.0000,3,3,Fechamento vs EMA200: acima leve; Fechamento vs MM50: acima forte; Inclinacao da MM20 em 5D: perto do equilibrio,"close_vs_ema200,close_vs_sma50,sma20_slope_5d",34,82.3529,1.2941,4.6667,28,6,0,0.0000,0.0000,10,100.0000,2.0000,24,75.0000,1.0000,12,100.0000,2.0000,INF,0,0.0000,0.0000,0.0000,66.4859,8.06842e-05,0.00026605,0.8235,1.7647,PASSOU 2/2 (—/100%/75%),0.0016369,638.8704,2022-03-22,2025-03-05
3,AXIA3,r11_day_r11day_AXIA3_close_tp1_0_sl2_0_cap1__3f__close_vs_ema200=dn_1_5__close_vs_ema21=dn_1_5__range_position_10d=lower_band,close_tp1_0_sl2_0_cap1,close -> alvo 1% / stop 2% em ate 1 pregao,close,target_stop_swing,1.0000,2.0000,1,3,Fechamento vs EMA200: abaixo leve; Fechamento vs EMA21: abaixo leve; Posicao no range 10D: fechou na metade inferior,"close_vs_ema200,close_vs_ema21,range_position_10d",44,81.8182,0.4899,2.4927,36,6,6,100.0000,1.0000,8,75.0000,0.2500,30,80.0000,0.4519,10,100.0000,1.0000,INF,0,0.0000,0.0000,0.0000,68.0392,1.21603e-05,0.000782767,0.1667,0.7627,PASSOU 3/3 (100%/75%/80%),0.000529781,627.4407,2018-05-16,2025-08-05
1,AXIA6,r11_day_r11mini_AXIA6_open_tp2_0_sl2_0_cap3__3f__day_of_week=wed__prev_ret_3d_z20=rel_up__rebound_5d=reb_3_6,open_tp2_0_sl2_0_cap3,open -> alvo 2% / stop 2% em ate 3 pregoes,open,target_stop_swing,2.0000,2.0000,3,3,Dia da semana: quarta-feira; Retorno 3D em z-score 20D: acima do normal; Distancia desde minima 5D: 3% a 6% acima da minima,"day_of_week,prev_ret_3d_z20,rebound_5d",38,84.2105,1.3684,5.3333,32,6,12,66.6667,0.6667,16,87.5000,1.5000,10,100.0000,2.0000,10,100.0000,2.0000,INF,4,50.0000,0.0000,1.0000,69.5829,1.23451e-05,0.000782767,0.8421,1.7895,PASSOU 3/3 (66%/87%/100%),0.000529781,647.4750,2018-01-24,2026-04-01
2,AXIA6,r11_day_r11mini_AXIA6_open_tp2_0_sl2_0_cap3__3f__bb_position_20=near_high__rebound_10d=reb_6_10__volume_ratio_20d=normal,open_tp2_0_sl2_0_cap3,open -> alvo 2% / stop 2% em ate 3 pregoes,open,target_stop_swing,2.0000,2.0000,3,3,Posicao nas Bandas de Bollinger 20D: fechou perto da maxima; Distancia desde minima 10D: 6% a 10% acima da minima; Volume vs media 20D: normal,"bb_position_20,rebound_10d,volume_ratio_20d",44,81.8182,1.4258,6.2281,36,6,14,71.4286,0.8571,14,71.4286,1.3384,16,100.0000,2.0000,10,100.0000,2.0000,INF,4,100.0000,2.0000,INF,68.0392,1.21603e-05,0.000782767,1.0335,1.7895,PASSOU 3/3 (71%/71%/100%),0.000529781,644.3751,2019-06-04,2026-01-28
3,AXIA6,r11_day_r11mini_AXIA6_close_tp2_0_sl1_5_cap3__3f__days_since_options_expiry=settled__dollar_volume_ratio_20d=low__sma20_vs_sma50=up_1_5,close_tp2_0_sl1_5_cap3,close -> alvo 2% / stop 1.5% em ate 3 pregoes,close,target_stop_swing,2.0000,1.5000,3,3,Dias desde vencimento de opcoes B3: ja distante do vencimento; Volume financeiro vs media 20D: baixo; MM20 vs MM50: acima leve,"days_since_options_expiry,dollar_volume_ratio_20d,sma20_vs_sma50",54,77.7778,1.2222,4.6667,42,12,20,70.0000,0.9500,16,75.0000,1.1250,18,88.8889,1.6111,10,100.0000,2.0000,INF,2,0.0000,-0.7807,0.0000,65.0611,2.22903e-05,0.000782767,0.8333,1.5463,PASSOU 3/3 (70%/75%/88%),0.000836118,633.8392,2018-07-27,2026-04-22
1,AZZA3,r11_day_r11mini_AZZA3_close_tp2_0_sl2_0_cap3__3f__close_vs_ema9=dn_5_10__intraday_return_prev=dn_1_3__prev_ret_1d_z20=rel_soft_dn,close_tp2_0_sl2_0_cap3,close -> alvo 2% / stop 2% em ate 3 pregoes,close,target_stop_swing,2.0000,2.0000,3,3,Fechamento vs EMA9: abaixo forte; Retorno intraday do candle de referencia: queda de 1% a 3%; Retorno 1D em z-score 20D: levemente abaixo,"close_vs_ema9,intraday_return_prev,prev_ret_1d_z20",50,76.0000,1.0400,3.1667,38,12,8,75.0000,1.0000,12,66.6667,0.6667,30,80.0000,1.2000,14,85.7143,1.4286,6.0000,4,50.0000,0.0000,1.0000,62.5871,0.000118049,0.0037632,0.5600,1.5200,PASSOU 3/3 (75%/66%/80%),0.00216685,562.9248,2018-03-21,2026-05-11
2,AZZA3,r11_day_r11mini_AZZA3_close_tp2_0_sl2_0_cap2__3f__bb_position_20=upper_band__close_vs_sma200=far_dn__upper_wick_ratio_prev=mid,close_tp2_0_sl2_0_cap2,close -> alvo 2% / stop 2% em ate 2 pregoes,close,target_stop_swing,2.0000,2.0000,2,3,Posicao nas Bandas de Bollinger 20D: fechou na metade superior; Fechamento vs MM200: muito abaixo; Pavio superior do candle: medio,"bb_position_20,close_vs_sma200,upper_wick_ratio_prev",30,73.3333,0.9333,2.7500,22,8,10,80.0000,1.2000,0,0.0000,0.0000,20,70.0000,0.8000,14,85.7143,1.4286,6.0000,2,100.0000,2.0000,INF,55.5517,0.00529359,0.0037632,0.2667,1.6000,PASSOU 2/2 (80%/—/70%),0.0195822,539.4722,2018-07-10,2026-01-05
3,AZZA3,r11_day_r11mini_AZZA3_close_tp2_0_sl2_0_cap3__3f__bb_position_20=upper_band__close_vs_sma200=far_dn__upper_wick_ratio_prev=mid,close_tp2_0_sl2_0_cap3,close -> alvo 2% / stop 2% em ate 3 pregoes,close,target_stop_swing,2.0000,2.0000,3,3,Posicao nas Bandas de Bollinger 20D: fechou na metade superior; Fechamento vs MM200: muito abaixo; Pavio superior do candle: medio,"bb_position_20,close_vs_sma200,upper_wick_ratio_prev",30,73.3333,0.9333,2.7500,22,8,10,80.0000,1.2000,0,0.0000,0.0000,20,70.0000,0.8000,14,85.7143,1.4286,6.0000,2,100.0000,2.0000,INF,55.5517,0.00529359,0.0037632,0.2667,1.6000,PASSOU 2/2 (80%/—/70%),0.0195822,539.4722,2018-07-10,2026-01-05
1,B3SA3,r11_day_r11day_B3SA3_open_tp1_0_sl2_0_cap1__3f__days_since_options_expiry=settled__prev_ret_5d=dn_3_5__prev_ret_5d_z20=rel_shock_dn,open_tp1_0_sl2_0_cap1,open -> alvo 1% / stop 2% em ate 1 pregao,open,target_stop_swing,1.0000,2.0000,1,3,Dias desde vencimento de opcoes B3: ja distante do vencimento; Retorno acumulado 5D: queda de 3% a 5%; Retorno 5D em z-score 20D: muito abaixo do normal,"days_since_options_expiry,prev_ret_5d,prev_ret_5d_z20",40,85.0000,0.6409,4.0647,34,4,14,85.7143,0.5714,8,100.0000,1.0000,18,77.7778,0.5353,12,100.0000,1.0000,INF,2,0.0000,-2.0000,0.0000,70.9274,4.77748e-06,0.00026605,0.3272,0.8954,PASSOU 3/3 (85%/100%/77%),0.000307505,638.2245,2018-04-26,2026-05-19
2,B3SA3,r11_day_r11mini_B3SA3_close_tp2_0_sl2_0_cap3__3f__drawdown_10d=dd_6_10__positive_days_10d=strong__upper_wick_ratio_prev=low,close_tp2_0_sl2_0_cap3,close -> alvo 2% / stop 2% em ate 3 pregoes,close,target_stop_swing,2.0000,2.0000,3,3,Queda desde maxima 10D: 6% a 10% abaixo da maxima; Dias positivos nos ultimos 10 pregoes: 6 a 7 dias positivos em 10D; Pavio superior do candle: baixo,"drawdown_10d,positive_days_10d,upper_wick_ratio_prev",30,80.0000,1.2000,4.0000,24,6,16,75.0000,1.0000,4,100.0000,2.0000,10,80.0000,1.2000,10,100.0000,2.0000,INF,2,100.0000,2.0000,INF,62.6940,0.00050756,0.000782767,0.6667,1.7333,PASSOU 3/3 (75%/100%/80%),0.00473361,625.4051,2018-06-12,2026-02-04
3,B3SA3,r11_day_r11mini_B3SA3_open_tp2_0_sl2_0_cap2__3f__drawdown_20d=dd_10_15__gap_filled_prev=gap_dn_filled__prev_ret_1d=flat,open_tp2_0_sl2_0_cap2,open -> alvo 2% / stop 2% em ate 2 pregoes,open,target_stop_swing,2.0000,2.0000,2,3,Queda desde maxima 20D: 10% a 15% abaixo da maxima; Gap do candle de referencia preenchido: gap de baixa preenchido; Retorno acumulado 1D: neutro,"drawdown_20d,gap_filled_prev,prev_ret_1d",42,76.1905,1.0476,3.2000,32,10,8,100.0000,2.0000,22,72.7273,0.9091,12,66.6667,0.6667,10,100.0000,2.0000,INF,0,0.0000,0.0000,0.0000,61.4722,0.000343604,0.000782767,0.5714,1.5238,PASSOU 3/3 (100%/72%/66%),0.00396721,620.9773,2018-05-21,2025-12-22
1,BBAS3,r11_day_r11day_BBAS3_open_tp1_0_sl2_0_cap1__3f__day_of_week=fri__prev_ret_2d=up_1_3__prev_ret_3d=flat,open_tp1_0_sl2_0_cap1,open -> alvo 1% / stop 2% em ate 1 pregao,open,target_stop_swing,1.0000,2.0000,1,3,Dia da semana: sexta-feira; Retorno acumulado 2D: alta de 1% a 3%; Retorno acumulado 3D: neutro,"day_of_week,prev_ret_2d,prev_ret_3d",32,93.7500,0.9738,INF,30,0,12,100.0000,1.0000,6,100.0000,1.0000,14,85.7143,0.9401,10,100.0000,1.0000,INF,0,0.0000,0.0000,0.0000,79.8525,3.72109e-07,0.000782767,0.9344,1.0000,PASSOU 3/3 (100%/100%/85%),6.75617e-05,669.0222,2018-01-12,2025-12-26
2,BBAS3,r11_day_r11mini_BBAS3_close_tp2_0_sl2_0_cap3__3f__bb_position_20=near_high__close_vs_sma50=up_1_5__prev_ret_5d=up_5_8,close_tp2_0_sl2_0_cap3,close -> alvo 2% / stop 2% em ate 3 pregoes,close,target_stop_swing,2.0000,2.0000,3,3,Posicao nas Bandas de Bollinger 20D: fechou perto da maxima; Fechamento vs MM50: acima leve; Retorno acumulado 5D: alta de 5% a 8%,"bb_position_20,close_vs_sma50,prev_ret_5d",34,88.2353,1.8450,INF,30,0,16,75.0000,1.6706,16,100.0000,2.0000,2,100.0000,2.0000,10,100.0000,2.0000,INF,0,0.0000,0.0000,0.0000,73.3788,4.12146e-06,0.000782767,1.6831,1.9765,PASSOU 2/2 (75%/100%/—),0.000297677,665.5907,2018-01-02,2025-11-04
3,BBAS3,r11_day_r11day_BBAS3_open_tp1_0_sl2_0_cap1__3f__close_vs_sma50=up_1_5__month_of_year=q4__prev_ret_5d_z20=rel_shock_up,open_tp1_0_sl2_0_cap1,open -> alvo 1% / stop 2% em ate 1 pregao,open,target_stop_swing,1.0000,2.0000,1,3,Fechamento vs MM50: acima leve; Mes do ano (trimestre): quarto trimestre; Retorno 5D em z-score 20D: muito acima do normal,"close_vs_sma50,month_of_year,prev_ret_5d_z20",56,85.7143,0.5714,3.0000,48,8,20,90.0000,0.7000,26,76.9231,0.3077,10,100.0000,1.0000,10,100.0000,1.0000,INF,0,0.0000,0.0000,0.0000,74.2638,4.52503e-08,0.000782767,0.2500,0.7857,PASSOU 3/3 (90%/76%/100%),1.90094e-05,646.7809,2019-10-23,2025-12-03
1,BBDC3,r11_day_r11day_BBDC3_open_tp1_0_sl2_0_cap1__3f__close_vs_ema200=up_1_5__close_vs_sma50=up_1_5__sma20_vs_sma50=up_1_5,open_tp1_0_sl2_0_cap1,open -> alvo 1% / stop 2% em ate 1 pregao,open,target_stop_swing,1.0000,2.0000,1,3,Fechamento vs EMA200: acima leve; Fechamento vs MM50: acima leve; MM20 vs MM50: acima leve,"close_vs_ema200,close_vs_sma50,sma20_vs_sma50",40,95.0000,0.8500,9.5000,38,2,6,100.0000,1.0000,34,94.1176,0.8235,0,0.0000,0.0000,10,100.0000,1.0000,INF,0,0.0000,0.0000,0.0000,83.4958,6.29232e-09,0.000782767,0.6250,1.0000,PASSOU 2/2 (100%/94%/—),5.97565e-06,677.4769,2019-10-10,2025-04-23
2,BBDC3,r11_day_r11mini_BBDC3_open_tp2_0_sl2_0_cap3__3f__close_vs_ema200=up_1_5__close_vs_sma50=up_1_5__sma20_vs_sma50=up_1_5,open_tp2_0_sl2_0_cap3,open -> alvo 2% / stop 2% em ate 3 pregoes,open,target_stop_swing,2.0000,2.0000,3,3,Fechamento vs EMA200: acima leve; Fechamento vs MM50: acima leve; MM20 vs MM50: acima leve,"close_vs_ema200,close_vs_sma50,sma20_vs_sma50",40,90.0000,1.7536,18.5360,36,2,6,100.0000,2.0000,34,88.2353,1.7101,0,0.0000,0.0000,10,100.0000,2.0000,INF,0,0.0000,0.0000,0.0000,76.9479,2.10372e-07,0.000782767,1.4304,1.9768,PASSOU 2/2 (100%/88%/—),5.10116e-05,674.2764,2019-10-10,2025-04-23
3,BBDC3,r11_day_r11mini_BBDC3_open_tp2_0_sl2_0_cap3__3f__close_vs_ema200=up_1_5__close_vs_sma50=up_1_5__sma20_slope_5d=near,open_tp2_0_sl2_0_cap3,open -> alvo 2% / stop 2% em ate 3 pregoes,open,target_stop_swing,2.0000,2.0000,3,3,Fechamento vs EMA200: acima leve; Fechamento vs MM50: acima leve; Inclinacao da MM20 em 5D: perto do equilibrio,"close_vs_ema200,close_vs_sma50,sma20_slope_5d",52,84.6154,1.4199,6.2122,44,6,6,100.0000,2.0000,46,82.6087,1.3442,0,0.0000,0.0000,10,100.0000,2.0000,INF,0,0.0000,0.0000,0.0000,72.4757,2.98788e-07,0.000782767,1.0176,1.7692,PASSOU 2/2 (100%/82%/—),6.01093e-05,657.5574,2019-10-10,2025-04-23
1,BBDC4,r11_day_r11day_BBDC4_open_tp1_0_sl2_0_cap1__3f__drawdown_20d=near_high__prev_ret_1d=up_1_3__prev_ret_20d=up_5_8,open_tp1_0_sl2_0_cap1,open -> alvo 1% / stop 2% em ate 1 pregao,open,target_stop_swing,1.0000,2.0000,1,3,Queda desde maxima 20D: perto da maxima; Retorno acumulado 1D: alta de 1% a 3%; Retorno acumulado 20D: alta de 5% a 8%,"drawdown_20d,prev_ret_1d,prev_ret_20d",36,88.8889,0.8023,8.2210,32,2,12,100.0000,1.0000,20,80.0000,0.6442,4,100.0000,1.0000,10,100.0000,1.0000,INF,0,0.0000,0.0000,0.0000,74.6849,1.53234e-06,0.000782767,0.5678,0.9845,PASSOU 3/3 (100%/80%/100%),0.000160066,650.5866,2018-01-03,2025-09-05
2,BBDC4,r11_day_r11mini_BBDC4_open_tp2_0_sl2_0_cap3__3f__close_vs_sma50=up_5_10__drawdown_10d=near_high__prev_ret_3d_z20=rel_up,open_tp2_0_sl2_0_cap3,open -> alvo 2% / stop 2% em ate 3 pregoes,open,target_stop_swing,2.0000,2.0000,3,3,Fechamento vs MM50: acima forte; Queda desde maxima 10D: perto da maxima; Retorno 3D em z-score 20D: acima do normal,"close_vs_sma50,drawdown_10d,prev_ret_3d_z20",40,80.0000,1.3897,6.8043,32,4,12,83.3333,1.7638,24,75.0000,1.1010,4,100.0000,2.0000,16,100.0000,2.0000,INF,0,0.0000,0.0000,0.0000,65.2424,7.39258e-05,3.1686e-05,0.9554,1.7594,PASSOU 3/3 (83%/75%/100%),0.00162727,637.5365,2018-01-17,2025-11-11
3,BBDC4,r11_day_r11mini_BBDC4_open_tp2_0_sl2_0_cap3__3f__close_vs_sma50=up_5_10__drawdown_20d=near_high__prev_ret_3d_z20=rel_up,open_tp2_0_sl2_0_cap3,open -> alvo 2% / stop 2% em ate 3 pregoes,open,target_stop_swing,2.0000,2.0000,3,3,Fechamento vs MM50: acima forte; Queda desde maxima 20D: perto da maxima; Retorno 3D em z-score 20D: acima do normal,"close_vs_sma50,drawdown_20d,prev_ret_3d_z20",40,80.0000,1.3897,6.8043,32,4,12,83.3333,1.7638,24,75.0000,1.1010,4,100.0000,2.0000,16,100.0000,2.0000,INF,0,0.0000,0.0000,0.0000,65.2424,7.39258e-05,3.1686e-05,0.9554,1.7594,PASSOU 3/3 (83%/75%/100%),0.00162727,637.5365,2018-01-17,2025-11-11
1,BBSE3,r11_day_r11day_BBSE3_open_tp1_0_sl2_0_cap1__3f__close_vs_sma50=up_5_10__day_of_week=wed__prev_ret_10d=up_1_3,open_tp1_0_sl2_0_cap1,open -> alvo 1% / stop 2% em ate 1 pregao,open,target_stop_swing,1.0000,2.0000,1,3,Fechamento vs MM50: acima forte; Dia da semana: quarta-feira; Retorno acumulado 10D: alta de 1% a 3%,"close_vs_sma50,day_of_week,prev_ret_10d",32,100.0000,1.0000,INF,32,0,14,100.0000,1.0000,6,100.0000,1.0000,12,100.0000,1.0000,10,100.0000,1.0000,INF,0,0.0000,0.0000,0.0000,89.2817,7.73015e-09,0.000782767,1.0000,1.0000,PASSOU 3/3 (100%/100%/100%),6.26165e-06,697.8346,2018-12-12,2025-12-03
2,BBSE3,r11_day_r11day_BBSE3_open_tp1_0_sl1_5_cap1__3f__close_vs_sma50=up_5_10__day_of_week=wed__prev_ret_10d=up_1_3,open_tp1_0_sl1_5_cap1,open -> alvo 1% / stop 1.5% em ate 1 pregao,open,target_stop_swing,1.0000,1.5000,1,3,Fechamento vs MM50: acima forte; Dia da semana: quarta-feira; Retorno acumulado 10D: alta de 1% a 3%,"close_vs_sma50,day_of_week,prev_ret_10d",32,93.7500,0.8438,10.0000,30,2,14,100.0000,1.0000,6,66.6667,0.1667,12,100.0000,1.0000,10,100.0000,1.0000,INF,0,0.0000,0.0000,0.0000,79.8525,3.72109e-07,0.000782767,0.6094,1.0000,PASSOU 3/3 (100%/66%/100%),6.75617e-05,666.4222,2018-12-12,2025-12-03
3,BBSE3,r11_day_r11day_BBSE3_open_tp1_0_sl1_5_cap1__3f__atr_return_5d=rel_up__drawdown_20d=dd_1_3__prev_ret_10d=up_3_5,open_tp1_0_sl1_5_cap1,open -> alvo 1% / stop 1.5% em ate 1 pregao,open,target_stop_swing,1.0000,1.5000,1,3,Retorno 5D normalizado por ATR: acima do normal; Queda desde maxima 20D: 1% a 3% abaixo da maxima; Retorno acumulado 10D: alta de 3% a 5%,"atr_return_5d,drawdown_20d,prev_ret_10d",60,83.3333,0.6132,3.7862,50,8,30,100.0000,1.0000,10,80.0000,0.5000,20,60.0000,0.0897,12,100.0000,1.0000,INF,6,33.3333,-0.6667,0.3333,71.9681,1.21101e-07,0.00026605,0.3900,0.8216,PASSOU 3/3 (100%/80%/60%),3.50277e-05,641.8490,2018-07-16,2026-04-10
1,BEEF3,r11_day_r11mini_BEEF3_close_tp2_0_sl2_0_cap3__3f__close_vs_ema200=up_5_10__close_vs_sma200=far_up__positive_days_5d=strong,close_tp2_0_sl2_0_cap3,close -> alvo 2% / stop 2% em ate 3 pregoes,close,target_stop_swing,2.0000,2.0000,3,3,Fechamento vs EMA200: acima forte; Fechamento vs MM200: muito acima; Dias positivos nos ultimos 5 pregoes: 4 a 5 dias positivos em 5D,"close_vs_ema200,close_vs_sma200,positive_days_5d",30,93.3333,1.7333,14.0000,28,2,20,100.0000,2.0000,2,100.0000,2.0000,8,75.0000,1.0000,10,100.0000,2.0000,INF,2,0.0000,-2.0000,0.0000,78.6762,1.0339e-06,0.000782767,1.3333,2.0000,PASSOU 2/2 (100%/—/75%),0.000123929,678.6845,2019-03-11,2026-02-03
2,BEEF3,r11_day_r11mini_BEEF3_close_tp2_0_sl2_0_cap2__3f__close_vs_ema200=up_5_10__close_vs_sma5=up_1_5__prev_ret_20d=shock_up,close_tp2_0_sl2_0_cap2,close -> alvo 2% / stop 2% em ate 2 pregoes,close,target_stop_swing,2.0000,2.0000,2,3,Fechamento vs EMA200: acima forte; Fechamento vs MM5: acima leve; Retorno acumulado 20D: choque de alta,"close_vs_ema200,close_vs_sma5,prev_ret_20d",32,87.5000,1.5097,7.2831,28,2,8,100.0000,2.0000,14,85.7143,1.4286,10,80.0000,1.2311,10,100.0000,2.0000,INF,6,33.3333,-0.6667,0.5000,71.9314,1.10526e-05,0.000782767,1.0146,1.8799,PASSOU 3/3 (100%/85%/80%),0.000526325,655.9005,2019-03-11,2026-02-03
3,BEEF3,r11_day_r11mini_BEEF3_close_tp2_0_sl2_0_cap3__3f__close_vs_ema200=up_5_10__close_vs_sma5=up_1_5__prev_ret_20d=shock_up,close_tp2_0_sl2_0_cap3,close -> alvo 2% / stop 2% em ate 3 pregoes,close,target_stop_swing,2.0000,2.0000,3,3,Fechamento vs EMA200: acima forte; Fechamento vs MM5: acima leve; Retorno acumulado 20D: choque de alta,"close_vs_ema200,close_vs_sma5,prev_ret_20d",32,87.5000,1.5000,7.0000,28,4,8,100.0000,2.0000,14,85.7143,1.4286,10,80.0000,1.2000,10,100.0000,2.0000,INF,6,33.3333,-0.6667,0.5000,71.9314,1.10526e-05,0.000782767,1.0000,1.8750,PASSOU 3/3 (100%/85%/80%),0.000526325,655.7837,2019-03-11,2026-02-03
1,BPAC11,r11_day_r11mini_BPAC11_open_tp3_0_sl2_5_cap3__3f__positive_days_5d=weak__range_position_5d=lower_band__volume_ratio_5v20=normal,open_tp3_0_sl2_5_cap3,open -> alvo 3% / stop 2.5% em ate 3 pregoes,open,target_stop_swing,3.0000,2.5000,3,3,Dias positivos nos ultimos 5 pregoes: 0 a 1 dia positivo em 5D; Posicao no range 5D: fechou na metade inferior; Volume 5D vs 20D: normal,"positive_days_5d,range_position_5d,volume_ratio_5v20",48,70.8333,1.4715,3.2520,34,10,8,75.0000,1.6250,18,66.6667,1.1667,22,72.7273,1.6652,10,100.0000,3.0000,INF,0,0.0000,0.0000,0.0000,56.8205,0.00194627,0.000782767,0.7462,2.1590,PASSOU 3/3 (75%/66%/72%),0.0109773,618.4206,2018-06-11,2025-12-23
2,BPAC11,r11_day_r11mini_BPAC11_open_tp2_0_sl2_0_cap3__3f__dollar_volume_ratio_20d=low__positive_days_5d=soft_weak__rebound_10d=reb_3_6,open_tp2_0_sl2_0_cap3,open -> alvo 2% / stop 2% em ate 3 pregoes,open,target_stop_swing,2.0000,2.0000,3,3,Volume financeiro vs media 20D: baixo; Dias positivos nos ultimos 5 pregoes: 2 dias positivos em 5D; Distancia desde minima 10D: 3% a 6% acima da minima,"dollar_volume_ratio_20d,positive_days_5d,rebound_10d",46,73.9130,1.0128,3.1176,34,11,8,75.0000,1.0000,17,76.4706,1.0588,21,71.4286,0.9803,10,100.0000,2.0000,INF,0,0.0000,0.0000,0.0000,59.7406,0.000589954,0.000782767,0.4910,1.4475,PASSOU 3/3 (75%/76%/71%),0.00525746,615.1393,2018-03-15,2025-12-22
3,BPAC11,r11_day_r11mini_BPAC11_open_tp2_0_sl2_0_cap2__3f__dollar_volume_ratio_20d=low__positive_days_5d=soft_weak__rebound_10d=reb_3_6,open_tp2_0_sl2_0_cap2,open -> alvo 2% / stop 2% em ate 2 pregoes,open,target_stop_swing,2.0000,2.0000,2,3,Volume financeiro vs media 20D: baixo; Dias positivos nos ultimos 5 pregoes: 2 dias positivos em 5D; Distancia desde minima 10D: 3% a 6% acima da minima,"dollar_volume_ratio_20d,positive_days_5d,rebound_10d",46,71.7391,0.9913,3.0728,33,11,8,75.0000,1.0000,17,76.4706,1.0588,21,66.6667,0.9334,10,100.0000,2.0000,INF,0,0.0000,0.0000,0.0000,57.4512,0.00159492,0.000782767,0.4937,1.4261,PASSOU 3/3 (75%/76%/66%),0.0100094,608.2927,2018-03-15,2025-12-22
1,BRAP4,r11_day_r11mini_BRAP4_close_tp2_0_sl2_0_cap3__3f__gap_filled_prev=gap_up_filled__range_position_10d=middle__rebound_5d=reb_1_3,close_tp2_0_sl2_0_cap3,close -> alvo 2% / stop 2% em ate 3 pregoes,close,target_stop_swing,2.0000,2.0000,3,3,Gap do candle de referencia preenchido: gap de alta preenchido; Posicao no range 10D: fechou no meio; Distancia desde minima 5D: 1% a 3% acima da minima,"gap_filled_prev,range_position_10d,rebound_5d",50,84.0000,1.3600,5.2500,42,8,36,83.3333,1.3333,10,80.0000,1.2000,4,100.0000,2.0000,10,100.0000,2.0000,INF,2,100.0000,2.0000,INF,71.4855,7.61988e-07,0.000782767,0.9600,1.7600,PASSOU 3/3 (83%/80%/100%),0.000103217,654.1260,2018-05-21,2026-02-09
2,BRAP4,r11_day_r11day_BRAP4_open_tp1_0_sl2_0_cap1__3f__atr14_pct=low__range_position_10d=near_high__sma20_vs_sma50=up_5_10,open_tp1_0_sl2_0_cap1,open -> alvo 1% / stop 2% em ate 1 pregao,open,target_stop_swing,1.0000,2.0000,1,3,ATR14 em % do preco: baixo; Posicao no range 10D: fechou perto da maxima; MM20 vs MM50: acima forte,"atr14_pct,range_position_10d,sma20_vs_sma50",34,88.2353,0.6471,3.7500,30,4,24,83.3333,0.5000,4,100.0000,1.0000,6,100.0000,1.0000,12,100.0000,1.0000,INF,6,100.0000,1.0000,INF,73.3788,4.12146e-06,0.00026605,0.2941,0.9118,PASSOU 3/3 (83%/100%/100%),0.000297677,645.3139,2018-01-03,2026-01-28
3,BRAP4,r11_day_r11mini_BRAP4_close_tp2_0_sl2_0_cap3__3f__atr14_pct=low__close_vs_sma50=far_up__prev_ret_3d_z20=rel_shock_up,close_tp2_0_sl2_0_cap3,close -> alvo 2% / stop 2% em ate 3 pregoes,close,target_stop_swing,2.0000,2.0000,3,3,ATR14 em % do preco: baixo; Fechamento vs MM50: muito acima; Retorno 3D em z-score 20D: muito acima do normal,"atr14_pct,close_vs_sma50,prev_ret_3d_z20",58,79.3103,1.4758,8.1332,46,6,34,76.4706,1.4056,18,88.8889,1.5556,6,66.6667,1.6348,12,100.0000,2.0000,INF,10,80.0000,1.2000,4.0000,67.2305,4.01786e-06,0.00026605,1.1658,1.7665,PASSOU 3/3 (76%/88%/66%),0.000297677,643.8426,2018-01-02,2026-01-29
1,BRAV3,r11_day_r11mini_BRAV3_close_tp3_0_sl2_5_cap3__3f__close_vs_ema9=up_5_10__drawdown_20d=dd_3_6__rebound_5d=reb_15p,close_tp3_0_sl2_5_cap3,close -> alvo 3% / stop 2.5% em ate 3 pregoes,close,target_stop_swing,3.0000,2.5000,3,3,Fechamento vs EMA9: acima forte; Queda desde maxima 20D: 3% a 6% abaixo da maxima; Distancia desde minima 5D: 15%+ acima da minima,"close_vs_ema9,drawdown_20d,rebound_5d",30,93.3333,2.6333,16.8000,28,2,4,100.0000,3.0000,14,100.0000,3.0000,12,83.3333,2.0833,10,100.0000,3.0000,INF,2,100.0000,3.0000,INF,78.6762,1.0339e-06,0.000782767,2.0833,3.0000,PASSOU 3/3 (100%/100%/83%),0.000123929,694.6845,2020-12-09,2026-03-30
2,BRAV3,r11_day_r11mini_BRAV3_close_tp3_0_sl2_5_cap3__3f__close_vs_ema9=up_5_10__range_position_5d=upper_band__rebound_5d=reb_15p,close_tp3_0_sl2_5_cap3,close -> alvo 3% / stop 2.5% em ate 3 pregoes,close,target_stop_swing,3.0000,2.5000,3,3,Fechamento vs EMA9: acima forte; Posicao no range 5D: fechou na metade superior; Distancia desde minima 5D: 15%+ acima da minima,"close_vs_ema9,range_position_5d,rebound_5d",30,86.6667,2.2667,7.8000,26,4,6,100.0000,3.0000,12,66.6667,1.1667,12,100.0000,3.0000,10,100.0000,3.0000,INF,2,100.0000,3.0000,INF,70.3183,2.9532e-05,0.000782767,1.5333,2.8167,PASSOU 3/3 (100%/66%/100%),0.000891939,665.2108,2020-12-09,2026-03-30
3,BRAV3,r11_day_r11mini_BRAV3_close_tp3_0_sl2_5_cap3__3f__close_vs_ema9=up_5_10__range_position_20d=upper_band__rebound_5d=reb_15p,close_tp3_0_sl2_5_cap3,close -> alvo 3% / stop 2.5% em ate 3 pregoes,close,target_stop_swing,3.0000,2.5000,3,3,Fechamento vs EMA9: acima forte; Posicao no range 20D: fechou na metade superior; Distancia desde minima 5D: 15%+ acima da minima,"close_vs_ema9,range_position_20d,rebound_5d",30,86.6667,2.2667,7.8000,26,4,2,100.0000,3.0000,16,87.5000,2.3125,12,83.3333,2.0833,10,100.0000,3.0000,INF,2,100.0000,3.0000,INF,70.3183,2.9532e-05,0.000782767,1.5333,2.8167,PASSOU 2/2 (—/87%/83%),0.000891939,665.2108,2020-12-17,2026-03-30
1,BRKM5,r11_day_r11day_BRKM5_close_tp1_0_sl2_0_cap1__3f__day_of_week=mon__drawdown_10d=dd_15p__rsi_14=low,close_tp1_0_sl2_0_cap1,close -> alvo 1% / stop 2% em ate 1 pregao,close,target_stop_swing,1.0000,2.0000,1,3,Dia da semana: segunda-feira; Queda desde maxima 10D: 15%+ abaixo da maxima; RSI 14 periodos: RSI baixo,"day_of_week,drawdown_10d,rsi_14",36,88.8889,0.6667,4.0000,32,4,10,100.0000,1.0000,12,100.0000,1.0000,14,71.4286,0.1429,12,83.3333,0.5000,2.5000,0,0.0000,0.0000,0.0000,74.6849,1.53234e-06,0.0104606,0.3333,0.9167,PASSOU 3/3 (100%/100%/71%),0.000160066,577.8790,2019-06-10,2025-10-06
2,BRKM5,r11_day_r11mini_BRKM5_open_tp3_0_sl2_5_cap3__3f__month_of_year=q2__rsi_14=low__volume_ratio_5v20=high,open_tp3_0_sl2_5_cap3,open -> alvo 3% / stop 2.5% em ate 3 pregoes,open,target_stop_swing,3.0000,2.5000,3,3,Mes do ano (trimestre): segundo trimestre; RSI 14 periodos: RSI baixo; Volume 5D vs 20D: alto,"month_of_year,rsi_14,volume_ratio_5v20",30,86.6667,2.2667,7.8000,26,4,10,80.0000,1.9000,10,80.0000,1.9000,10,100.0000,3.0000,10,80.0000,1.9000,4.8000,0,0.0000,0.0000,0.0000,70.3183,2.9532e-05,0.0288897,1.5333,2.8167,PASSOU 3/3 (80%/80%/100%),0.000891939,574.2108,2019-04-08,2025-06-30
3,BRKM5,r11_day_r11mini_BRKM5_close_tp2_0_sl2_0_cap2__3f__day_of_week=mon__drawdown_10d=dd_15p__prev_ret_5d=shock_dn,close_tp2_0_sl2_0_cap2,close -> alvo 2% / stop 2% em ate 2 pregoes,close,target_stop_swing,2.0000,2.0000,2,3,Dia da semana: segunda-feira; Queda desde maxima 10D: 15%+ abaixo da maxima; Retorno acumulado 5D: choque de baixa,"day_of_week,drawdown_10d,prev_ret_5d",36,83.3333,1.3333,5.0000,30,6,16,75.0000,1.0000,8,100.0000,2.0000,12,83.3333,1.3333,10,80.0000,1.2000,4.0000,6,33.3333,-0.6667,0.5000,68.1089,3.1686e-05,0.0288897,0.8889,1.7778,PASSOU 3/3 (75%/100%/83%),0.000891939,555.4274,2019-05-13,2026-04-20
1,CEAB3,r11_day_r11mini_CEAB3_close_tp3_0_sl2_5_cap3__3f__month_of_year=q2__positive_days_5d=strong__sma20_slope_5d=up_1_5,close_tp3_0_sl2_5_cap3,close -> alvo 3% / stop 2.5% em ate 3 pregoes,close,target_stop_swing,3.0000,2.5000,3,3,Mes do ano (trimestre): segundo trimestre; Dias positivos nos ultimos 5 pregoes: 4 a 5 dias positivos em 5D; Inclinacao da MM20 em 5D: acima leve,"month_of_year,positive_days_5d,sma20_slope_5d",42,71.4286,1.4286,3.0000,30,12,4,100.0000,3.0000,22,63.6364,1.0000,16,75.0000,1.6250,12,100.0000,3.0000,INF,0,0.0000,0.0000,0.0000,56.4325,0.00273933,0.00026605,0.6429,2.0833,PASSOU 3/3 (100%/63%/75%),0.0133754,617.2654,2020-06-03,2025-06-30
2,CEAB3,r11_day_r11mini_CEAB3_close_tp3_0_sl2_5_cap2__3f__close_vs_ema9=up_1_5__days_to_options_expiry=far__volume_ratio_20d=high,close_tp3_0_sl2_5_cap2,close -> alvo 3% / stop 2.5% em ate 2 pregoes,close,target_stop_swing,3.0000,2.5000,2,3,Fechamento vs EMA9: acima leve; Dias ate vencimento de opcoes B3: vencimento distante; Volume vs media 20D: alto,"close_vs_ema9,days_to_options_expiry,volume_ratio_20d",36,72.2222,1.5756,3.6655,26,8,6,66.6667,1.7868,14,85.7143,2.2143,16,62.5000,0.9375,10,100.0000,3.0000,INF,2,0.0000,-2.5000,0.0000,56.0072,0.00383043,0.000782767,0.8117,2.2878,PASSOU 3/3 (66%/85%/62%),0.0164269,616.5047,2020-04-28,2026-04-01
3,CEAB3,r11_day_r11mini_CEAB3_close_tp3_0_sl2_5_cap3__3f__close_vs_ema9=up_1_5__days_to_options_expiry=far__volume_ratio_20d=high,close_tp3_0_sl2_5_cap3,close -> alvo 3% / stop 2.5% em ate 3 pregoes,close,target_stop_swing,3.0000,2.5000,3,3,Fechamento vs EMA9: acima leve; Dias ate vencimento de opcoes B3: vencimento distante; Volume vs media 20D: alto,"close_vs_ema9,days_to_options_expiry,volume_ratio_20d",36,72.2222,1.5400,3.4577,26,8,6,66.6667,1.5736,14,85.7143,2.2143,16,62.5000,0.9375,10,100.0000,3.0000,INF,2,0.0000,-2.5000,0.0000,56.0072,0.00383043,0.000782767,0.7422,2.2700,PASSOU 3/3 (66%/85%/62%),0.0164269,615.9487,2020-04-28,2026-04-01
1,CMIG4,r11_day_r11mini_CMIG4_close_tp2_0_sl1_5_cap3__3f__day_of_month_bucket=end__dollar_volume_ratio_20d=very_low__positive_days_10d=strong,close_tp2_0_sl1_5_cap3,close -> alvo 2% / stop 1.5% em ate 3 pregoes,close,target_stop_swing,2.0000,1.5000,3,3,Dia do mes (bucket): fim do mes; Volume financeiro vs media 20D: muito baixo; Dias positivos nos ultimos 10 pregoes: 6 a 7 dias positivos em 10D,"day_of_month_bucket,dollar_volume_ratio_20d,positive_days_10d",36,88.8889,1.6111,10.6667,32,4,12,100.0000,2.0000,10,100.0000,2.0000,14,71.4286,1.0000,12,100.0000,2.0000,INF,4,100.0000,2.0000,INF,74.6849,1.53234e-06,0.00026605,1.2222,1.9028,PASSOU 3/3 (100%/100%/71%),0.000160066,666.6570,2018-07-30,2026-03-27
2,CMIG4,r11_day_r11mini_CMIG4_open_tp2_0_sl2_0_cap3__3f__day_of_month_bucket=end__sma20_vs_sma50=dn_1_5__volume_spike_1d=very_low,open_tp2_0_sl2_0_cap3,open -> alvo 2% / stop 2% em ate 3 pregoes,open,target_stop_swing,2.0000,2.0000,3,3,Dia do mes (bucket): fim do mes; MM20 vs MM50: abaixo leve; Spike de volume vs maximo 5D: muito baixo,"day_of_month_bucket,sma20_vs_sma50,volume_spike_1d",60,83.3333,1.3333,5.0000,50,10,16,87.5000,1.5000,26,76.9231,1.0769,18,88.8889,1.5556,12,100.0000,2.0000,INF,0,0.0000,0.0000,0.0000,71.9681,1.21101e-07,0.00026605,0.9333,1.6667,PASSOU 3/3 (87%/76%/88%),3.50277e-05,656.1954,2019-10-29,2025-04-30
3,CMIG4,r11_day_r11mini_CMIG4_close_tp2_0_sl1_5_cap3__3f__day_of_month_bucket=end__positive_days_10d=strong__volume_ratio_20d=very_low,close_tp2_0_sl1_5_cap3,close -> alvo 2% / stop 1.5% em ate 3 pregoes,close,target_stop_swing,2.0000,1.5000,3,3,Dia do mes (bucket): fim do mes; Dias positivos nos ultimos 10 pregoes: 6 a 7 dias positivos em 10D; Volume vs media 20D: muito baixo,"day_of_month_bucket,positive_days_10d,volume_ratio_20d",40,85.0000,1.4750,7.5556,34,6,14,85.7143,1.5000,12,100.0000,2.0000,14,71.4286,1.0000,12,100.0000,2.0000,INF,4,100.0000,2.0000,INF,70.9274,4.77748e-06,0.00026605,1.0375,1.8250,PASSOU 3/3 (85%/100%/71%),0.000307505,653.9069,2018-07-30,2026-03-27
1,CMIN3,r11_day_r11mini_CMIN3_close_tp3_0_sl2_5_cap3__3f__range_position_10d=upper_band__volume_ratio_20d=normal__volume_ratio_5v20=normal,close_tp3_0_sl2_5_cap3,close -> alvo 3% / stop 2.5% em ate 3 pregoes,close,target_stop_swing,3.0000,2.5000,3,3,Posicao no range 10D: fechou na metade superior; Volume vs media 20D: normal; Volume 5D vs 20D: normal,"range_position_10d,volume_ratio_20d,volume_ratio_5v20",34,88.2353,2.3529,9.0000,30,4,0,0.0000,0.0000,10,80.0000,1.9000,24,91.6667,2.5417,10,100.0000,3.0000,INF,2,0.0000,-2.5000,0.0000,73.3788,4.12146e-06,0.000782767,1.7059,2.8382,PASSOU 2/2 (—/80%/91%),0.000297677,675.7731,2021-09-29,2026-01-15
2,CMIN3,r11_day_r11mini_CMIN3_close_tp2_0_sl2_0_cap3__3f__days_since_options_expiry=settled__drawdown_5d=dd_1_3__prev_ret_3d=up_1_3,close_tp2_0_sl2_0_cap3,close -> alvo 2% / stop 2% em ate 3 pregoes,close,target_stop_swing,2.0000,2.0000,3,3,Dias desde vencimento de opcoes B3: ja distante do vencimento; Queda desde maxima 5D: 1% a 3% abaixo da maxima; Retorno acumulado 3D: alta de 1% a 3%,"days_since_options_expiry,drawdown_5d,prev_ret_3d",34,88.2353,1.5294,7.5000,30,4,0,0.0000,0.0000,12,100.0000,2.0000,22,81.8182,1.2727,14,100.0000,2.0000,INF,4,0.0000,-2.0000,0.0000,73.3788,4.12146e-06,9.14331e-05,1.0588,1.8824,PASSOU 2/2 (—/100%/81%),0.000297677,662.1471,2021-04-26,2026-04-22
3,CMIN3,r11_day_r11mini_CMIN3_close_tp2_0_sl1_5_cap3__3f__days_since_options_expiry=settled__drawdown_5d=dd_1_3__prev_ret_3d=up_1_3,close_tp2_0_sl1_5_cap3,close -> alvo 2% / stop 1.5% em ate 3 pregoes,close,target_stop_swing,2.0000,1.5000,3,3,Dias desde vencimento de opcoes B3: ja distante do vencimento; Queda desde maxima 5D: 1% a 3% abaixo da maxima; Retorno acumulado 3D: alta de 1% a 3%,"days_since_options_expiry,drawdown_5d,prev_ret_3d",34,82.3529,1.3824,6.2222,28,6,0,0.0000,0.0000,12,83.3333,1.4167,22,81.8182,1.3636,14,100.0000,2.0000,INF,4,0.0000,-1.5000,0.0000,66.4859,8.06842e-05,9.14331e-05,0.8676,1.7941,PASSOU 2/2 (—/83%/81%),0.0016369,639.9388,2021-04-26,2026-04-22
1,COGN3,r11_day_r11mini_COGN3_open_tp3_0_sl2_5_cap3__3f__day_of_month_bucket=start__range_ratio_20d=very_low__upper_wick_ratio_prev=mid,open_tp3_0_sl2_5_cap3,open -> alvo 3% / stop 2.5% em ate 3 pregoes,open,target_stop_swing,3.0000,2.5000,3,3,Dia do mes (bucket): inicio do mes; Range vs media 20D: muito baixo; Pavio superior do candle: medio,"day_of_month_bucket,range_ratio_20d,upper_wick_ratio_prev",38,78.9474,2.1338,7.6377,30,4,24,83.3333,2.5451,8,75.0000,1.6250,6,66.6667,1.1667,10,100.0000,3.0000,INF,2,0.0000,-2.5000,0.0000,63.6539,0.000179301,0.000782767,1.4478,2.6761,PASSOU 3/3 (83%/75%/66%),0.0027424,644.5336,2018-03-02,2026-02-03
2,COGN3,r11_day_r11mini_COGN3_close_tp3_0_sl2_5_cap3__3f__rebound_10d=reb_10_15__upper_wick_ratio_prev=mid__volume_ratio_20d=very_low,close_tp3_0_sl2_5_cap3,close -> alvo 3% / stop 2.5% em ate 3 pregoes,close,target_stop_swing,3.0000,2.5000,3,3,Distancia desde minima 10D: 10% a 15% acima da minima; Pavio superior do candle: medio; Volume vs media 20D: muito baixo,"rebound_10d,upper_wick_ratio_prev,volume_ratio_20d",30,86.6667,2.2667,7.8000,26,4,6,100.0000,3.0000,8,75.0000,1.6250,16,87.5000,2.3125,14,85.7143,2.2143,7.2000,0,0.0000,0.0000,0.0000,70.3183,2.9532e-05,0.0037632,1.5333,2.8167,PASSOU 3/3 (100%/75%/87%),0.000891939,601.7618,2019-01-10,2025-08-25
3,COGN3,r11_day_r11mini_COGN3_open_tp3_0_sl2_5_cap2__3f__atr_return_1d=rel_near__atr_return_5d=rel_up__prev_ret_5d=shock_up,open_tp3_0_sl2_5_cap2,open -> alvo 3% / stop 2.5% em ate 2 pregoes,open,target_stop_swing,3.0000,2.5000,2,3,Retorno 1D normalizado por ATR: perto do normal; Retorno 5D normalizado por ATR: acima do normal; Retorno acumulado 5D: choque de alta,"atr_return_1d,atr_return_5d,prev_ret_5d",50,80.0000,1.9000,4.8000,40,10,24,75.0000,1.6250,10,60.0000,0.8000,16,100.0000,3.0000,14,85.7143,2.2143,7.2000,0,0.0000,0.0000,0.0000,66.9626,1.10526e-05,0.0037632,1.2400,2.4500,PASSOU 3/3 (75%/60%/100%),0.000526325,589.3483,2018-10-02,2025-11-25
1,CPFE3,r11_day_r11day_CPFE3_open_tp1_0_sl1_5_cap1__3f__gap_vs_atr14=rel_soft_dn__inside_bar_prev=outside__prev_ret_1d=up_1_3,open_tp1_0_sl1_5_cap1,open -> alvo 1% / stop 1.5% em ate 1 pregao,open,target_stop_swing,1.0000,1.5000,1,3,Gap vs ATR14: levemente abaixo; Candle de referencia em inside bar: candle nao interno; Retorno acumulado 1D: alta de 1% a 3%,"gap_vs_atr14,inside_bar_prev,prev_ret_1d",60,83.3333,0.6766,5.1444,50,6,22,81.8182,0.6996,26,92.3077,0.8077,12,66.6667,0.3504,12,100.0000,1.0000,INF,2,0.0000,-1.5000,0.0000,71.9681,1.21101e-07,0.00026605,0.4499,0.8616,PASSOU 3/3 (81%/92%/66%),3.50277e-05,642.3282,2018-01-29,2026-02-27
2,CPFE3,r11_day_r11day_CPFE3_open_tp1_0_sl2_0_cap1__3f__gap_vs_atr14=rel_soft_dn__inside_bar_prev=outside__prev_ret_1d=up_1_3,open_tp1_0_sl2_0_cap1,open -> alvo 1% / stop 2% em ate 1 pregao,open,target_stop_swing,1.0000,2.0000,1,3,Gap vs ATR14: levemente abaixo; Candle de referencia em inside bar: candle nao interno; Retorno acumulado 1D: alta de 1% a 3%,"gap_vs_atr14,inside_bar_prev,prev_ret_1d",60,83.3333,0.6266,3.9382,50,6,22,81.8182,0.6541,26,92.3077,0.7692,12,66.6667,0.2671,12,100.0000,1.0000,INF,2,0.0000,-2.0000,0.0000,71.9681,1.21101e-07,0.00026605,0.3633,0.8500,PASSOU 3/3 (81%/92%/66%),3.50277e-05,641.6354,2018-01-29,2026-02-27
3,CPFE3,r11_day_r11day_CPFE3_open_tp1_0_sl2_0_cap1__3f__close_vs_sma200=up_1_5__drawdown_20d=dd_6_10__sma5_vs_sma20=dn_1_5,open_tp1_0_sl2_0_cap1,open -> alvo 1% / stop 2% em ate 1 pregao,open,target_stop_swing,1.0000,2.0000,1,3,Fechamento vs MM200: acima leve; Queda desde maxima 20D: 6% a 10% abaixo da maxima; MM5 vs MM20: abaixo leve,"close_vs_sma200,drawdown_20d,sma5_vs_sma20",38,84.2105,0.5997,3.4740,32,4,6,100.0000,1.0000,16,75.0000,0.2500,16,87.5000,0.7993,14,100.0000,1.0000,INF,0,0.0000,0.0000,0.0000,69.5829,1.23451e-05,9.14331e-05,0.2472,0.8788,PASSOU 3/3 (100%/75%/87%),0.000529781,634.2666,2019-06-12,2025-09-11
1,CPLE3,r11_day_r11day_CPLE3_open_tp1_0_sl2_0_cap1__3f__day_of_month_bucket=end__drawdown_20d=dd_1_3__prev_ret_20d=shock_up,open_tp1_0_sl2_0_cap1,open -> alvo 1% / stop 2% em ate 1 pregao,open,target_stop_swing,1.0000,2.0000,1,3,Dia do mes (bucket): fim do mes; Queda desde maxima 20D: 1% a 3% abaixo da maxima; Retorno acumulado 20D: choque de alta,"day_of_month_bucket,drawdown_20d,prev_ret_20d",78,76.9231,0.5630,3.4096,60,8,36,83.3333,0.5838,26,76.9231,0.6318,16,62.5000,0.4045,10,100.0000,1.0000,INF,8,50.0000,-0.5000,0.5000,66.4440,9.90687e-07,0.000782767,0.3475,0.7570,PASSOU 3/3 (83%/76%/62%),0.000123929,624.1015,2018-10-26,2026-02-26
2,CPLE3,r11_day_r11day_CPLE3_open_tp1_0_sl2_0_cap1__3f__drawdown_10d=near_high__positive_days_5d=strong__volume_ratio_20d=very_low,open_tp1_0_sl2_0_cap1,open -> alvo 1% / stop 2% em ate 1 pregao,open,target_stop_swing,1.0000,2.0000,1,3,Queda desde maxima 10D: perto da maxima; Dias positivos nos ultimos 5 pregoes: 4 a 5 dias positivos em 5D; Volume vs media 20D: muito baixo,"drawdown_10d,positive_days_5d,volume_ratio_20d",45,80.0000,0.4466,2.2634,36,7,26,76.9231,0.3326,10,80.0000,0.4000,9,88.8889,0.8276,10,100.0000,1.0000,INF,1,100.0000,1.0000,INF,66.1767,2.85109e-05,0.000782767,0.0931,0.7477,PASSOU 3/3 (76%/80%/88%),0.000891939,621.2644,2018-01-03,2026-04-06
3,CPLE3,r11_day_r11mini_CPLE3_close_tp2_0_sl2_0_cap3__3f__month_of_year=q4__range_ratio_20d=low__rebound_10d=reb_3_6,close_tp2_0_sl2_0_cap3,close -> alvo 2% / stop 2% em ate 3 pregoes,close,target_stop_swing,2.0000,2.0000,3,3,Mes do ano (trimestre): quarto trimestre; Range vs media 20D: baixo; Distancia desde minima 10D: 3% a 6% acima da minima,"month_of_year,range_ratio_20d,rebound_10d",70,71.4286,1.1448,3.8619,50,14,40,65.0000,0.9318,12,100.0000,2.0000,18,66.6667,1.0478,10,100.0000,2.0000,INF,0,0.0000,0.0000,0.0000,59.9496,0.000168135,0.000782767,0.7724,1.4681,PASSOU 3/3 (65%/100%/66%),0.0027424,618.0175,2018-10-23,2025-12-26
1,CSAN3,r11_day_r11mini_CSAN3_close_tp2_0_sl2_0_cap3__3f__drawdown_20d=dd_1_3__rebound_10d=reb_10_15__volume_ratio_20d=low,close_tp2_0_sl2_0_cap3,close -> alvo 2% / stop 2% em ate 3 pregoes,close,target_stop_swing,2.0000,2.0000,3,3,Queda desde maxima 20D: 1% a 3% abaixo da maxima; Distancia desde minima 10D: 10% a 15% acima da minima; Volume vs media 20D: baixo,"drawdown_20d,rebound_10d,volume_ratio_20d",40,80.0000,1.3541,6.5067,32,4,14,71.4286,1.2974,14,71.4286,0.8571,12,100.0000,2.0000,10,100.0000,2.0000,INF,0,0.0000,0.0000,0.0000,65.2424,7.39258e-05,0.000782767,0.9240,1.7470,PASSOU 3/3 (71%/71%/100%),0.00162727,635.1087,2019-01-08,2025-05-28
2,CSAN3,r11_day_r11day_CSAN3_open_tp1_0_sl2_0_cap1__3f__dollar_volume_ratio_20d=low__positive_days_5d=strong__prev_ret_5d_z20=rel_shock_up,open_tp1_0_sl2_0_cap1,open -> alvo 1% / stop 2% em ate 1 pregao,open,target_stop_swing,1.0000,2.0000,1,3,Volume financeiro vs media 20D: baixo; Dias positivos nos ultimos 5 pregoes: 4 a 5 dias positivos em 5D; Retorno 5D em z-score 20D: muito acima do normal,"dollar_volume_ratio_20d,positive_days_5d,prev_ret_5d_z20",84,71.4286,0.3657,1.9503,60,16,50,68.0000,0.2520,12,66.6667,-0.0000,22,81.8182,0.8234,14,100.0000,1.0000,INF,4,50.0000,-0.5000,0.5000,60.9978,4.28594e-05,9.14331e-05,0.1077,0.6094,PASSOU 3/3 (68%/66%/81%),0.00115237,607.3953,2018-01-03,2026-05-08
3,CSAN3,r11_day_r11mini_CSAN3_close_tp2_0_sl1_5_cap3__3f__close_vs_ema21=up_1_5__prev_ret_2d=up_3_5__sma5_vs_sma20=near,close_tp2_0_sl1_5_cap3,close -> alvo 2% / stop 1.5% em ate 3 pregoes,close,target_stop_swing,2.0000,1.5000,3,3,Fechamento vs EMA21: acima leve; Retorno acumulado 2D: alta de 3% a 5%; MM5 vs MM20: perto do equilibrio,"close_vs_ema21,prev_ret_2d,sma5_vs_sma20",58,68.9655,0.9581,3.2745,40,16,38,73.6842,1.0789,10,60.0000,0.6000,10,60.0000,0.8569,10,100.0000,2.0000,INF,0,0.0000,0.0000,0.0000,56.1967,0.001934,0.000782767,0.5578,1.3584,PASSOU 3/3 (73%/60%/60%),0.0109773,605.0420,2018-01-18,2025-12-02
1,CSMG3,r11_day_r11mini_CSMG3_open_tp2_0_sl2_0_cap3__3f__month_of_year=q1__sma20_vs_sma50=dn_1_5__vol_ratio_5v20=very_low,open_tp2_0_sl2_0_cap3,open -> alvo 2% / stop 2% em ate 3 pregoes,open,target_stop_swing,2.0000,2.0000,3,3,Mes do ano (trimestre): primeiro trimestre; MM20 vs MM50: abaixo leve; Volatilidade 5D vs 20D: muito baixo,"month_of_year,sma20_vs_sma50,vol_ratio_5v20",62,90.3226,1.6129,9.3333,56,6,0,0.0000,0.0000,26,92.3077,1.6923,36,88.8889,1.5556,10,100.0000,2.0000,INF,0,0.0000,0.0000,0.0000,80.4510,1.08137e-10,0.000782767,1.2903,1.8710,PASSOU 2/2 (—/92%/88%),4.29377e-07,683.6649,2021-02-23,2025-02-07
2,CSMG3,r11_day_r11mini_CSMG3_open_tp2_0_sl2_0_cap3__3f__compression_3v20=low__month_of_year=q1__sma20_vs_sma50=dn_1_5,open_tp2_0_sl2_0_cap3,open -> alvo 2% / stop 2% em ate 3 pregoes,open,target_stop_swing,2.0000,2.0000,3,3,Compressao 3D vs 20D: baixo; Mes do ano (trimestre): primeiro trimestre; MM20 vs MM50: abaixo leve,"compression_3v20,month_of_year,sma20_vs_sma50",44,90.9091,1.6364,10.0000,40,4,0,0.0000,0.0000,28,92.8571,1.7143,16,87.5000,1.5000,10,100.0000,2.0000,INF,0,0.0000,0.0000,0.0000,78.8405,2.86883e-08,0.000782767,1.2727,1.9091,PASSOU 2/2 (—/92%/87%),1.47383e-05,678.6926,2021-03-11,2025-02-07
3,CSMG3,r11_day_r11mini_CSMG3_open_tp2_0_sl2_0_cap3__3f__month_of_year=q1__prev_ret_5d_z20=rel_shock_up__sma20_vs_sma50=dn_1_5,open_tp2_0_sl2_0_cap3,open -> alvo 2% / stop 2% em ate 3 pregoes,open,target_stop_swing,2.0000,2.0000,3,3,Mes do ano (trimestre): primeiro trimestre; Retorno 5D em z-score 20D: muito acima do normal; MM20 vs MM50: abaixo leve,"month_of_year,prev_ret_5d_z20,sma20_vs_sma50",42,90.4762,1.6190,9.5000,38,4,0,0.0000,0.0000,26,100.0000,2.0000,16,75.0000,1.0000,12,100.0000,2.0000,INF,0,0.0000,0.0000,0.0000,77.9346,7.77405e-08,0.00026605,1.2381,1.9048,PASSOU 2/2 (—/100%/75%),2.78109e-05,676.5333,2022-01-17,2025-02-07
1,CSNA3,r11_day_r11mini_CSNA3_close_tp2_0_sl2_0_cap3__3f__atr_return_5d=rel_dn__close_vs_sma20=dn_5_10__vol_ratio_5v20=very_low,close_tp2_0_sl2_0_cap3,close -> alvo 2% / stop 2% em ate 3 pregoes,close,target_stop_swing,2.0000,2.0000,3,3,Retorno 5D normalizado por ATR: abaixo do normal; Fechamento vs MM20: abaixo forte; Volatilidade 5D vs 20D: muito baixo,"atr_return_5d,close_vs_sma20,vol_ratio_5v20",64,78.1250,1.1901,4.1735,50,12,28,85.7143,1.4286,16,75.0000,1.0000,20,70.0000,1.0082,10,100.0000,2.0000,INF,2,100.0000,2.0000,INF,66.5670,3.4008e-06,0.000782767,0.7551,1.5351,PASSOU 3/3 (85%/75%/70%),0.000276206,637.7313,2018-03-20,2026-01-02
2,CSNA3,r11_day_r11mini_CSNA3_close_tp2_0_sl2_0_cap3__3f__drawdown_20d=dd_10_15__range_position_10d=lower_band__sma5_vs_sma20=dn_5_10,close_tp2_0_sl2_0_cap3,close -> alvo 2% / stop 2% em ate 3 pregoes,close,target_stop_swing,2.0000,2.0000,3,3,Queda desde maxima 20D: 10% a 15% abaixo da maxima; Posicao no range 10D: fechou na metade inferior; MM5 vs MM20: abaixo forte,"drawdown_20d,range_position_10d,sma5_vs_sma20",40,80.0000,1.3164,5.3879,32,6,14,85.7143,1.4286,2,100.0000,2.0000,24,75.0000,1.1939,14,100.0000,2.0000,INF,0,0.0000,0.0000,0.0000,65.2424,7.39258e-05,9.14331e-05,0.8582,1.7582,PASSOU 2/2 (85%/—/75%),0.00162727,636.1331,2018-08-29,2025-11-24
3,CSNA3,r11_day_r11mini_CSNA3_close_tp2_0_sl2_0_cap3__3f__atr_return_5d=rel_dn__drawdown_20d=dd_10_15__sma5_vs_sma20=dn_5_10,close_tp2_0_sl2_0_cap3,close -> alvo 2% / stop 2% em ate 3 pregoes,close,target_stop_swing,2.0000,2.0000,3,3,Retorno 5D normalizado por ATR: abaixo do normal; Queda desde maxima 20D: 10% a 15% abaixo da maxima; MM5 vs MM20: abaixo forte,"atr_return_5d,drawdown_20d,sma5_vs_sma20",32,81.2500,1.2500,4.3333,26,6,12,66.6667,0.6667,4,100.0000,2.0000,16,87.5000,1.5000,10,100.0000,2.0000,INF,0,0.0000,0.0000,0.0000,64.6905,0.000203518,0.000782767,0.6250,1.7500,PASSOU 3/3 (66%/100%/87%),0.00280542,631.0610,2018-08-29,2025-11-24
1,CURY3,r11_day_r11mini_CURY3_close_tp2_0_sl2_0_cap3__3f__bb_position_20=near_high__range_ratio_20d=very_low__sma50_slope_10d=near,close_tp2_0_sl2_0_cap3,close -> alvo 2% / stop 2% em ate 3 pregoes,close,target_stop_swing,2.0000,2.0000,3,3,Posicao nas Bandas de Bollinger 20D: fechou perto da maxima; Range vs media 20D: muito baixo; Inclinacao da MM50 em 10D: perto do equilibrio,"bb_position_20,range_ratio_20d,sma50_slope_10d",38,78.9474,1.2911,5.0886,30,6,0,0.0000,0.0000,20,90.0000,1.6000,18,66.6667,0.9480,10,100.0000,2.0000,INF,2,100.0000,2.0000,INF,63.6539,0.000179301,0.000782767,0.7648,1.7122,PASSOU 2/2 (—/90%/66%),0.0027424,629.0696,2021-01-12,2026-01-22
2,CURY3,r11_day_r11mini_CURY3_open_tp3_0_sl2_5_cap3__3f__positive_days_5d=soft_strong__range_position_20d=lower_band__sma5_vs_sma20=dn_1_5,open_tp3_0_sl2_5_cap3,open -> alvo 3% / stop 2.5% em ate 3 pregoes,open,target_stop_swing,3.0000,2.5000,3,3,Dias positivos nos ultimos 5 pregoes: 3 dias positivos em 5D; Posicao no range 20D: fechou na metade inferior; MM5 vs MM20: abaixo leve,"positive_days_5d,range_position_20d,sma5_vs_sma20",48,70.8333,1.3958,2.9143,34,14,4,100.0000,3.0000,24,75.0000,1.6250,20,60.0000,0.8000,16,100.0000,3.0000,INF,4,50.0000,0.2500,1.2000,56.8205,0.00194627,3.1686e-05,0.5938,2.0833,PASSOU 3/3 (100%/75%/60%),0.0109773,619.3780,2020-12-28,2026-05-15
3,CURY3,r11_day_r11mini_CURY3_close_tp2_0_sl2_0_cap2__3f__close_vs_ema21=up_5_10__close_vs_sma200=far_up__gap_pct=up_1_3,close_tp2_0_sl2_0_cap2,close -> alvo 2% / stop 2% em ate 2 pregoes,close,target_stop_swing,2.0000,2.0000,2,3,Fechamento vs EMA21: acima forte; Fechamento vs MM200: muito acima; Gap da abertura: alta de 1% a 3%,"close_vs_ema21,close_vs_sma200,gap_pct",40,75.0000,1.0874,3.6353,30,8,0,0.0000,0.0000,16,75.0000,1.0000,24,75.0000,1.1456,10,100.0000,2.0000,INF,2,0.0000,-2.0000,0.0000,59.8057,0.000782767,0.000782767,0.5311,1.5747,PASSOU 2/2 (—/75%/75%),0.00628626,615.6554,2022-09-09,2026-01-27
1,CXSE3,r11_day_r11day_CXSE3_open_tp1_0_sl2_0_cap1__3f__bb_position_20=near_high__compression_3v20=high__sma20_vs_sma50=near,open_tp1_0_sl2_0_cap1,open -> alvo 1% / stop 2% em ate 1 pregao,open,target_stop_swing,1.0000,2.0000,1,3,Posicao nas Bandas de Bollinger 20D: fechou perto da maxima; Compressao 3D vs 20D: alto; MM20 vs MM50: perto do equilibrio,"bb_position_20,compression_3v20,sma20_vs_sma50",44,95.4545,0.8636,10.5000,42,2,0,0.0000,0.0000,6,100.0000,1.0000,38,94.7368,0.8421,10,100.0000,1.0000,INF,10,100.0000,1.0000,INF,84.8647,8.21642e-10,0.000782767,0.6591,1.0000,PASSOU 2/2 (—/100%/94%),1.69048e-06,681.8564,2022-08-08,2026-04-09
2,CXSE3,r11_day_r11day_CXSE3_open_tp1_0_sl2_0_cap1__3f__close_location_prev=middle__close_vs_ema9=up_1_5__sma20_vs_sma50=near,open_tp1_0_sl2_0_cap1,open -> alvo 1% / stop 2% em ate 1 pregao,open,target_stop_swing,1.0000,2.0000,1,3,Posicao do fechamento no candle: fechou no meio; Fechamento vs EMA9: acima leve; MM20 vs MM50: perto do equilibrio,"close_location_prev,close_vs_ema9,sma20_vs_sma50",40,95.0000,0.8500,9.5000,38,2,0,0.0000,0.0000,14,85.7143,0.5714,26,100.0000,1.0000,10,100.0000,1.0000,INF,4,100.0000,1.0000,INF,83.4958,6.29232e-09,0.000782767,0.6250,1.0000,PASSOU 2/2 (—/85%/100%),5.97565e-06,677.4769,2022-02-07,2026-04-10
3,CXSE3,r11_day_r11day_CXSE3_open_tp1_0_sl2_0_cap1__3f__bb_position_20=near_high__close_location_prev=middle__sma20_vs_sma50=near,open_tp1_0_sl2_0_cap1,open -> alvo 1% / stop 2% em ate 1 pregao,open,target_stop_swing,1.0000,2.0000,1,3,Posicao nas Bandas de Bollinger 20D: fechou perto da maxima; Posicao do fechamento no candle: fechou no meio; MM20 vs MM50: perto do equilibrio,"bb_position_20,close_location_prev,sma20_vs_sma50",40,90.0000,0.7000,4.5000,36,4,0,0.0000,0.0000,10,80.0000,0.4000,30,93.3333,0.8000,12,100.0000,1.0000,INF,4,100.0000,1.0000,INF,76.9479,2.10372e-07,0.00026605,0.4000,0.9250,PASSOU 2/2 (—/80%/93%),5.10116e-05,656.8684,2022-02-07,2026-04-10
1,CYRE3,r11_day_r11mini_CYRE3_close_tp3_0_sl2_5_cap3__3f__close_vs_ema9=up_1_5__day_of_month_bucket=end__sma5_vs_sma20=up_1_5,close_tp3_0_sl2_5_cap3,close -> alvo 3% / stop 2.5% em ate 3 pregoes,close,target_stop_swing,3.0000,2.5000,3,3,Fechamento vs EMA9: acima leve; Dia do mes (bucket): fim do mes; MM5 vs MM20: acima leve,"close_vs_ema9,day_of_month_bucket,sma5_vs_sma20",56,82.1429,2.0788,6.3920,46,8,40,85.0000,2.2603,2,100.0000,3.0000,14,71.4286,1.4286,10,100.0000,3.0000,INF,0,0.0000,0.0000,0.0000,70.1586,7.52986e-07,0.000782767,1.5572,2.5698,PASSOU 2/2 (85%/—/71%),0.000103217,664.9229,2018-01-26,2025-11-28
2,CYRE3,r11_day_r11day_CYRE3_open_tp1_0_sl2_0_cap1__3f__atr14_pct=extreme__drawdown_20d=dd_1_3__sma20_slope_5d=up_1_5,open_tp1_0_sl2_0_cap1,open -> alvo 1% / stop 2% em ate 1 pregao,open,target_stop_swing,1.0000,2.0000,1,3,ATR14 em % do preco: extremo; Queda desde maxima 20D: 1% a 3% abaixo da maxima; Inclinacao da MM20 em 5D: acima leve,"atr14_pct,drawdown_20d,sma20_slope_5d",40,90.0000,0.7000,4.5000,36,4,16,87.5000,0.6250,4,100.0000,1.0000,20,90.0000,0.7000,10,100.0000,1.0000,INF,2,0.0000,-2.0000,0.0000,76.9479,2.10372e-07,0.000782767,0.4000,0.9250,PASSOU 3/3 (87%/100%/90%),5.10116e-05,656.0332,2018-01-10,2026-02-25
3,CYRE3,r11_day_r11mini_CYRE3_close_tp3_0_sl2_5_cap3__3f__drawdown_20d=near_high__rsi_14=neutral_high__sma5_vs_sma20=up_1_5,close_tp3_0_sl2_5_cap3,close -> alvo 3% / stop 2.5% em ate 3 pregoes,close,target_stop_swing,3.0000,2.5000,3,3,Queda desde maxima 20D: perto da maxima; RSI 14 periodos: RSI neutro alto; MM5 vs MM20: acima leve,"drawdown_20d,rsi_14,sma5_vs_sma20",62,77.4194,1.8461,4.8153,48,12,36,77.7778,1.9294,10,60.0000,0.8000,16,87.5000,2.3125,10,100.0000,3.0000,INF,2,0.0000,-2.5000,0.0000,65.5941,7.87809e-06,0.000782767,1.3138,2.3790,PASSOU 3/3 (77%/60%/87%),0.000451311,649.2822,2018-01-02,2026-02-20
1,DIRR3,r11_day_r11mini_DIRR3_close_tp2_0_sl2_0_cap3__3f__close_vs_ema21=up_5_10__dollar_volume_ratio_20d=low__volume_ratio_5v20=low,close_tp2_0_sl2_0_cap3,close -> alvo 2% / stop 2% em ate 3 pregoes,close,target_stop_swing,2.0000,2.0000,3,3,Fechamento vs EMA21: acima forte; Volume financeiro vs media 20D: baixo; Volume 5D vs 20D: baixo,"close_vs_ema21,dollar_volume_ratio_20d,volume_ratio_5v20",38,100.0000,2.0000,INF,38,0,28,100.0000,2.0000,6,100.0000,2.0000,4,100.0000,2.0000,24,83.3333,1.5000,10.0000,0,0.0000,0.0000,0.0000,90.8187,3.55138e-10,0.000545478,2.0000,2.0000,PASSOU 3/3 (100%/100%/100%),9.75019e-07,652.8837,2018-08-03,2025-10-30
2,DIRR3,r11_day_r11day_DIRR3_close_tp1_0_sl2_0_cap1__3f__close_location_prev=near_low__drawdown_20d=dd_3_6__sma5_vs_sma20=up_1_5,close_tp1_0_sl2_0_cap1,close -> alvo 1% / stop 2% em ate 1 pregao,close,target_stop_swing,1.0000,2.0000,1,3,Posicao do fechamento no candle: fechou perto da minima; Queda desde maxima 20D: 3% a 6% abaixo da maxima; MM5 vs MM20: acima leve,"close_location_prev,drawdown_20d,sma5_vs_sma20",46,82.6087,0.4783,2.3750,38,8,26,76.9231,0.3077,10,80.0000,0.4000,10,100.0000,1.0000,10,100.0000,1.0000,INF,4,0.0000,-2.0000,0.0000,69.2764,4.86524e-06,0.000782767,0.1522,0.8043,PASSOU 3/3 (76%/80%/100%),0.000307505,631.0363,2018-01-03,2026-04-22
3,DIRR3,r11_day_r11mini_DIRR3_open_tp2_0_sl2_0_cap2__3f__range_position_10d=near_high__rebound_5d=reb_3_6__sma20_vs_sma50=up_1_5,open_tp2_0_sl2_0_cap2,open -> alvo 2% / stop 2% em ate 2 pregoes,open,target_stop_swing,2.0000,2.0000,2,3,Posicao no range 10D: fechou perto da maxima; Distancia desde minima 5D: 3% a 6% acima da minima; MM20 vs MM50: acima leve,"range_position_10d,rebound_5d,sma20_vs_sma50",64,75.0000,1.0679,3.4715,48,12,38,68.4211,0.8512,0,0.0000,0.0000,26,84.6154,1.3846,18,100.0000,2.0000,INF,0,0.0000,0.0000,0.0000,63.1835,3.1686e-05,1.10526e-05,0.6644,1.4429,PASSOU 2/2 (68%/—/84%),0.000891939,629.5879,2018-01-23,2025-11-14
1,EGIE3,r11_day_r11mini_EGIE3_open_tp2_0_sl2_0_cap3__3f__close_vs_sma20=up_5_10__positive_days_10d=strong__prev_ret_10d=shock_up,open_tp2_0_sl2_0_cap3,open -> alvo 2% / stop 2% em ate 3 pregoes,open,target_stop_swing,2.0000,2.0000,3,3,Fechamento vs MM20: acima forte; Dias positivos nos ultimos 10 pregoes: 6 a 7 dias positivos em 10D; Retorno acumulado 10D: choque de alta,"close_vs_sma20,positive_days_10d,prev_ret_10d",44,81.8182,1.3864,6.0836,36,6,36,77.7778,1.2501,0,0.0000,0.0000,8,100.0000,2.0000,10,100.0000,2.0000,INF,16,12.5000,-1.5000,0.1429,68.0392,1.21603e-05,0.000782767,0.9888,1.7841,PASSOU 2/2 (77%/—/100%),0.000529781,644.0175,2018-11-12,2026-04-24
2,EGIE3,r11_day_r11day_EGIE3_open_tp1_0_sl2_0_cap1__3f__day_of_week=fri__prev_ret_1d_z20=rel_soft_up__range_position_20d=upper_band,open_tp1_0_sl2_0_cap1,open -> alvo 1% / stop 2% em ate 1 pregao,open,target_stop_swing,1.0000,2.0000,1,3,Dia da semana: sexta-feira; Retorno 1D em z-score 20D: levemente acima; Posicao no range 20D: fechou na metade superior,"day_of_week,prev_ret_1d_z20,range_position_20d",40,85.0000,0.7442,7.6103,34,2,18,77.7778,0.5276,6,100.0000,1.0000,16,87.5000,0.8919,10,100.0000,1.0000,INF,4,50.0000,-0.5000,0.5000,70.9274,4.77748e-06,0.000782767,0.5072,0.9471,PASSOU 3/3 (77%/100%/87%),0.000307505,638.8293,2018-01-19,2026-04-24
3,EGIE3,r11_day_r11day_EGIE3_open_tp1_0_sl1_5_cap1__3f__close_vs_sma200=up_1_5__vol_ratio_5v20=very_low__volume_spike_1d=low,open_tp1_0_sl1_5_cap1,open -> alvo 1% / stop 1.5% em ate 1 pregao,open,target_stop_swing,1.0000,1.5000,1,3,Fechamento vs MM200: acima leve; Volatilidade 5D vs 20D: muito baixo; Spike de volume vs maximo 5D: baixo,"close_vs_sma200,vol_ratio_5v20,volume_spike_1d",30,86.6667,0.7828,8.8278,26,2,12,100.0000,1.0000,10,80.0000,0.5000,8,75.0000,0.8104,14,100.0000,1.0000,INF,2,100.0000,1.0000,INF,70.3183,2.9532e-05,9.14331e-05,0.5075,0.9747,PASSOU 3/3 (100%/80%/75%),0.000891939,638.5552,2018-05-09,2026-05-20
1,ENEV3,r11_day_r11mini_ENEV3_close_tp2_0_sl2_0_cap3__3f__gap_filled_prev=gap_dn_filled__gap_vs_range20=rel_soft_dn__sma50_slope_20d=up_1_5,close_tp2_0_sl2_0_cap3,close -> alvo 2% / stop 2% em ate 3 pregoes,close,target_stop_swing,2.0000,2.0000,3,3,Gap do candle de referencia preenchido: gap de baixa preenchido; Gap vs range medio 20D: levemente abaixo; Inclinacao da MM50 em 20D: acima leve,"gap_filled_prev,gap_vs_range20,sma50_slope_20d",56,78.5714,1.3540,6.0145,44,6,16,75.0000,1.6839,28,78.5714,1.1429,12,83.3333,1.4066,12,100.0000,2.0000,INF,6,33.3333,-0.6667,0.5000,66.1803,9.51298e-06,0.00026605,0.9854,1.6927,PASSOU 3/3 (75%/78%/83%),0.000521021,639.2488,2018-01-12,2026-03-11
2,ENEV3,r11_day_r11day_ENEV3_close_tp1_0_sl1_5_cap1__3f__dollar_volume_ratio_20d=extreme__sma50_slope_10d=up_1_5__volume_ratio_5v20=high,close_tp1_0_sl1_5_cap1,close -> alvo 1% / stop 1.5% em ate 1 pregao,close,target_stop_swing,1.0000,1.5000,1,3,Volume financeiro vs media 20D: extremo; Inclinacao da MM50 em 10D: acima leve; Volume 5D vs 20D: alto,"dollar_volume_ratio_20d,sma50_slope_10d,volume_ratio_5v20",30,86.6667,0.6667,4.3333,26,4,20,80.0000,0.5000,4,100.0000,1.0000,6,100.0000,1.0000,12,100.0000,1.0000,INF,2,0.0000,-1.5000,0.0000,70.3183,2.9532e-05,0.00026605,0.3333,0.9167,PASSOU 3/3 (80%/100%/100%),0.000891939,636.4460,2018-12-17,2026-01-22
3,ENEV3,r11_day_r11day_ENEV3_open_tp1_0_sl2_0_cap1__3f__body_ratio_prev=very_high__day_of_month_bucket=second_half__gap_vs_atr14=rel_near,open_tp1_0_sl2_0_cap1,open -> alvo 1% / stop 2% em ate 1 pregao,open,target_stop_swing,1.0000,2.0000,1,3,Corpo do candle de referencia: muito alto; Dia do mes (bucket): segunda metade; Gap vs ATR14: perto do normal,"body_ratio_prev,day_of_month_bucket,gap_vs_atr14",40,85.0000,0.5500,2.8333,34,6,22,90.9091,0.7273,6,100.0000,1.0000,12,66.6667,0.0000,10,100.0000,1.0000,INF,2,100.0000,1.0000,INF,70.9274,4.77748e-06,0.000782767,0.1750,0.8500,PASSOU 3/3 (90%/100%/66%),0.000307505,636.1717,2018-01-24,2026-02-20
1,ENGI11,r11_day_r11day_ENGI11_close_tp1_0_sl2_0_cap1__3f__days_since_options_expiry=settled__positive_days_10d=very_strong__rsi_14=high,close_tp1_0_sl2_0_cap1,close -> alvo 1% / stop 2% em ate 1 pregao,close,target_stop_swing,1.0000,2.0000,1,3,Dias desde vencimento de opcoes B3: ja distante do vencimento; Dias positivos nos ultimos 10 pregoes: 8 a 10 dias positivos em 10D; RSI 14 periodos: RSI alto,"days_since_options_expiry,positive_days_10d,rsi_14",36,83.3333,0.7187,7.2701,30,2,22,81.8182,0.6364,12,83.3333,0.8228,2,100.0000,1.0000,12,83.3333,0.5000,2.5000,0,0.0000,0.0000,0.0000,68.1089,3.1686e-05,0.0104606,0.4670,0.9167,PASSOU 2/2 (81%/83%/—),0.000891939,559.2206,2018-01-23,2025-10-27
2,ENGI11,r11_day_r11day_ENGI11_close_tp1_0_sl1_5_cap1__3f__close_vs_ema200=up_1_5__compression_3v20=normal__vol_ratio_5v20=very_low,close_tp1_0_sl1_5_cap1,close -> alvo 1% / stop 1.5% em ate 1 pregao,close,target_stop_swing,1.0000,1.5000,1,3,Fechamento vs EMA200: acima leve; Compressao 3D vs 20D: normal; Volatilidade 5D vs 20D: muito baixo,"close_vs_ema200,compression_3v20,vol_ratio_5v20",52,76.9231,0.5568,3.2651,40,8,22,81.8182,0.6463,24,75.0000,0.3750,6,66.6667,0.9556,12,83.3333,0.5833,3.3333,0,0.0000,0.0000,0.0000,63.8660,5.16287e-05,0.0104606,0.2951,0.7784,PASSOU 3/3 (81%/75%/66%),0.0013069,545.9497,2018-06-21,2025-07-25
3,ENGI11,r11_day_r11mini_ENGI11_close_tp2_0_sl2_0_cap3__3f__atr_return_5d=rel_up__close_location_prev=middle__prev_ret_3d_z20=rel_soft_up,close_tp2_0_sl2_0_cap3,close -> alvo 2% / stop 2% em ate 3 pregoes,close,target_stop_swing,2.0000,2.0000,3,3,Retorno 5D normalizado por ATR: acima do normal; Posicao do fechamento no candle: fechou no meio; Retorno 3D em z-score 20D: levemente acima,"atr_return_5d,close_location_prev,prev_ret_3d_z20",44,77.2727,1.2088,4.3242,34,8,18,88.8889,1.5556,12,66.6667,0.6667,14,71.4286,1.2277,10,80.0000,1.2000,4.0000,2,0.0000,-2.0000,0.0000,63.0074,0.000148402,0.0288897,0.7543,1.6314,PASSOU 3/3 (88%/66%/71%),0.00250184,539.0461,2018-01-17,2026-04-15
1,EQTL3,r11_day_r11day_EQTL3_open_tp1_0_sl2_0_cap1__3f__gap_vs_atr14=rel_soft_dn__sma20_slope_5d=up_1_5__sma50_slope_10d=up_1_5,open_tp1_0_sl2_0_cap1,open -> alvo 1% / stop 2% em ate 1 pregao,open,target_stop_swing,1.0000,2.0000,1,3,Gap vs ATR14: levemente abaixo; Inclinacao da MM20 em 5D: acima leve; Inclinacao da MM50 em 10D: acima leve,"gap_vs_atr14,sma20_slope_5d,sma50_slope_10d",52,84.6154,0.5385,2.7500,44,8,32,87.5000,0.6250,16,75.0000,0.2500,4,100.0000,1.0000,10,100.0000,1.0000,INF,4,50.0000,-0.5000,0.5000,72.4757,2.98788e-07,0.000782767,0.2500,0.8269,PASSOU 3/3 (87%/75%/100%),6.01093e-05,641.4166,2018-11-06,2026-04-29
2,EQTL3,r11_day_r11day_EQTL3_open_tp1_0_sl2_0_cap1__3f__month_of_year=q1__prev_ret_3d=up_1_3__range_position_20d=middle,open_tp1_0_sl2_0_cap1,open -> alvo 1% / stop 2% em ate 1 pregao,open,target_stop_swing,1.0000,2.0000,1,3,Mes do ano (trimestre): primeiro trimestre; Retorno acumulado 3D: alta de 1% a 3%; Posicao no range 20D: fechou no meio,"month_of_year,prev_ret_3d,range_position_20d",44,81.8182,0.5103,2.6570,36,6,6,66.6667,0.4085,20,80.0000,0.4000,18,88.8889,0.6667,10,100.0000,1.0000,INF,8,50.0000,-0.5000,0.5000,68.0392,1.21603e-05,0.000782767,0.1693,0.7955,PASSOU 3/3 (66%/80%/88%),0.000529781,627.4615,2018-01-02,2026-03-20
3,EQTL3,r11_day_r11day_EQTL3_open_tp1_0_sl1_5_cap1__3f__drawdown_20d=dd_1_3__prev_ret_1d=dn_1_3__prev_ret_1d_z20=rel_dn,open_tp1_0_sl1_5_cap1,open -> alvo 1% / stop 1.5% em ate 1 pregao,open,target_stop_swing,1.0000,1.5000,1,3,Queda desde maxima 20D: 1% a 3% abaixo da maxima; Retorno acumulado 1D: queda de 1% a 3%; Retorno 1D em z-score 20D: abaixo do normal,"drawdown_20d,prev_ret_1d,prev_ret_1d_z20",56,78.5714,0.4643,2.4444,44,12,34,70.5882,0.2647,2,100.0000,1.0000,20,90.0000,0.7500,14,100.0000,1.0000,INF,4,50.0000,-0.2500,0.6667,66.1803,9.51298e-06,9.14331e-05,0.1964,0.7321,PASSOU 2/2 (70%/—/90%),0.000521021,623.6524,2018-01-17,2026-03-02
1,FLRY3,r11_day_r11day_FLRY3_open_tp1_0_sl2_0_cap1__3f__compression_3v20=low__gap_vs_atr14=rel_soft_dn__gap_vs_range20=rel_soft_dn,open_tp1_0_sl2_0_cap1,open -> alvo 1% / stop 2% em ate 1 pregao,open,target_stop_swing,1.0000,2.0000,1,3,Compressao 3D vs 20D: baixo; Gap vs ATR14: levemente abaixo; Gap vs range medio 20D: levemente abaixo,"compression_3v20,gap_vs_atr14,gap_vs_range20",54,81.4815,0.4444,2.2000,44,10,18,77.7778,0.3333,24,75.0000,0.2500,12,100.0000,1.0000,18,88.8889,0.6667,4.0000,12,83.3333,0.7258,7.7500,69.1638,1.85865e-06,0.000483773,0.1111,0.7222,PASSOU 3/3 (77%/75%/100%),0.000173117,585.3250,2018-06-15,2026-05-19
2,FLRY3,r11_day_r11mini_FLRY3_close_tp2_0_sl2_0_cap3__3f__close_vs_ema200=near__close_vs_sma200=dn_1_5__rsi_14=neutral_high,close_tp2_0_sl2_0_cap3,close -> alvo 2% / stop 2% em ate 3 pregoes,close,target_stop_swing,2.0000,2.0000,3,3,Fechamento vs EMA200: perto do equilibrio; Fechamento vs MM200: abaixo leve; RSI 14 periodos: RSI neutro alto,"close_vs_ema200,close_vs_sma200,rsi_14",40,80.0000,1.5230,16.2298,32,2,20,100.0000,2.0000,0,0.0000,0.0000,20,60.0000,1.0460,14,85.7143,1.4286,6.0000,0,0.0000,0.0000,0.0000,65.2424,7.39258e-05,0.0037632,1.1778,1.8115,PASSOU 2/2 (100%/—/60%),0.00162727,575.8331,2018-07-03,2025-05-26
3,FLRY3,r11_day_r11mini_FLRY3_close_tp2_0_sl2_0_cap3__3f__close_vs_ema200=near__positive_days_5d=soft_weak__sma20_slope_5d=near,close_tp2_0_sl2_0_cap3,close -> alvo 2% / stop 2% em ate 3 pregoes,close,target_stop_swing,2.0000,2.0000,3,3,Fechamento vs EMA200: perto do equilibrio; Dias positivos nos ultimos 5 pregoes: 2 dias positivos em 5D; Inclinacao da MM20 em 5D: perto do equilibrio,"close_vs_ema200,positive_days_5d,sma20_slope_5d",92,71.7391,0.9058,2.7124,66,24,22,100.0000,2.0000,34,64.7059,0.5882,36,61.1111,0.5370,18,88.8889,1.5556,8.0000,0,0.0000,0.0000,0.0000,61.8111,1.52199e-05,0.000483773,0.5580,1.2717,PASSOU 3/3 (100%/64%/61%),0.000632372,575.7311,2018-07-31,2025-07-18
1,GGBR4,r11_day_r11mini_GGBR4_open_tp2_0_sl2_0_cap2__3f__close_vs_ema200=up_5_10__prev_ret_3d=flat__rebound_5d=reb_1_3,open_tp2_0_sl2_0_cap2,open -> alvo 2% / stop 2% em ate 2 pregoes,open,target_stop_swing,2.0000,2.0000,2,3,Fechamento vs EMA200: acima forte; Retorno acumulado 3D: neutro; Distancia desde minima 5D: 1% a 3% acima da minima,"close_vs_ema200,prev_ret_3d,rebound_5d",36,88.8889,1.5556,8.0000,32,4,10,60.0000,0.4000,22,100.0000,2.0000,4,100.0000,2.0000,14,100.0000,2.0000,INF,0,0.0000,0.0000,0.0000,74.6849,1.53234e-06,9.14331e-05,1.1111,1.8889,PASSOU 3/3 (60%/100%/100%),0.000160066,666.4838,2018-09-11,2025-11-25
2,GGBR4,r11_day_r11mini_GGBR4_open_tp2_0_sl2_0_cap3__3f__close_vs_ema200=up_5_10__prev_ret_3d=flat__rebound_5d=reb_1_3,open_tp2_0_sl2_0_cap3,open -> alvo 2% / stop 2% em ate 3 pregoes,open,target_stop_swing,2.0000,2.0000,3,3,Fechamento vs EMA200: acima forte; Retorno acumulado 3D: neutro; Distancia desde minima 5D: 1% a 3% acima da minima,"close_vs_ema200,prev_ret_3d,rebound_5d",36,88.8889,1.5556,8.0000,32,4,10,60.0000,0.4000,22,100.0000,2.0000,4,100.0000,2.0000,14,100.0000,2.0000,INF,0,0.0000,0.0000,0.0000,74.6849,1.53234e-06,9.14331e-05,1.1111,1.8889,PASSOU 3/3 (60%/100%/100%),0.000160066,666.4838,2018-09-11,2025-11-25
3,GGBR4,r11_day_r11mini_GGBR4_open_tp2_0_sl2_0_cap3__3f__close_vs_ema200=up_5_10__close_vs_sma20=up_1_5__prev_ret_2d=flat,open_tp2_0_sl2_0_cap3,open -> alvo 2% / stop 2% em ate 3 pregoes,open,target_stop_swing,2.0000,2.0000,3,3,Fechamento vs EMA200: acima forte; Fechamento vs MM20: acima leve; Retorno acumulado 2D: neutro,"close_vs_ema200,close_vs_sma20,prev_ret_2d",48,83.3333,1.3333,5.0000,40,8,12,83.3333,1.3333,20,70.0000,0.8000,16,100.0000,2.0000,12,100.0000,2.0000,INF,0,0.0000,0.0000,0.0000,70.4219,1.93185e-06,0.00026605,0.9167,1.6667,PASSOU 3/3 (83%/70%/100%),0.000173117,651.4240,2018-12-06,2025-10-28
1,GOAU4,r11_day_r11day_GOAU4_open_tp1_0_sl2_0_cap1__3f__day_of_month_bucket=end__prev_ret_5d=flat__sma5_vs_sma20=near,open_tp1_0_sl2_0_cap1,open -> alvo 1% / stop 2% em ate 1 pregao,open,target_stop_swing,1.0000,2.0000,1,3,Dia do mes (bucket): fim do mes; Retorno acumulado 5D: neutro; MM5 vs MM20: perto do equilibrio,"day_of_month_bucket,prev_ret_5d,sma5_vs_sma20",36,88.8889,0.7437,6.1220,32,2,18,77.7778,0.4874,4,100.0000,1.0000,14,100.0000,1.0000,14,100.0000,1.0000,INF,2,100.0000,1.0000,INF,74.6849,1.53234e-06,9.14331e-05,0.4874,0.9552,PASSOU 3/3 (77%/100%/100%),0.000160066,651.4942,2019-01-29,2026-03-31
2,GOAU4,r11_day_r11day_GOAU4_open_tp1_0_sl2_0_cap1__3f__close_vs_sma200=dn_5_10__sma5_vs_sma20=near__vol_ratio_5v20=low,open_tp1_0_sl2_0_cap1,open -> alvo 1% / stop 2% em ate 1 pregao,open,target_stop_swing,1.0000,2.0000,1,3,Fechamento vs MM200: abaixo forte; MM5 vs MM20: perto do equilibrio; Volatilidade 5D vs 20D: baixo,"close_vs_sma200,sma5_vs_sma20,vol_ratio_5v20",30,100.0000,1.0000,INF,30,0,14,100.0000,1.0000,6,100.0000,1.0000,10,100.0000,1.0000,10,80.0000,0.5725,3.5164,0,0.0000,0.0000,0.0000,88.6483,2.16546e-08,0.0288897,1.0000,1.0000,PASSOU 3/3 (100%/100%/100%),1.19077e-05,611.6594,2019-05-29,2025-03-19
3,GOAU4,r11_day_r11mini_GOAU4_open_tp2_0_sl2_0_cap3__3f__bb_position_20=lower_band__upper_wick_ratio_prev=low__vol_ratio_5v20=very_low,open_tp2_0_sl2_0_cap3,open -> alvo 2% / stop 2% em ate 3 pregoes,open,target_stop_swing,2.0000,2.0000,3,3,Posicao nas Bandas de Bollinger 20D: fechou na metade inferior; Pavio superior do candle: baixo; Volatilidade 5D vs 20D: muito baixo,"bb_position_20,upper_wick_ratio_prev,vol_ratio_5v20",72,66.6667,0.7882,2.3784,48,20,18,66.6667,0.6667,14,85.7143,1.4286,40,60.0000,0.6188,14,100.0000,2.0000,INF,2,0.0000,-2.0000,0.0000,55.1794,0.00233893,9.14331e-05,0.3993,1.1842,PASSOU 3/3 (66%/85%/60%),0.0120046,602.2729,2018-05-24,2026-02-23
1,HAPV3,r11_day_r11mini_HAPV3_close_tp2_0_sl2_0_cap2__3f__day_of_week=mon__prev_ret_1d=dn_1_3__range_position_5d=near_low,close_tp2_0_sl2_0_cap2,close -> alvo 2% / stop 2% em ate 2 pregoes,close,target_stop_swing,2.0000,2.0000,2,3,Dia da semana: segunda-feira; Retorno acumulado 1D: queda de 1% a 3%; Posicao no range 5D: fechou perto da minima,"day_of_week,prev_ret_1d,range_position_5d",38,73.6842,0.9474,2.8000,28,10,8,100.0000,2.0000,10,80.0000,1.2000,20,60.0000,0.4000,10,80.0000,1.2000,4.0000,6,100.0000,2.0000,INF,57.9908,0.00175031,0.0288897,0.3158,1.4737,PASSOU 3/3 (100%/80%/60%),0.0103119,520.4883,2018-07-30,2026-03-09
2,HAPV3,r11_day_r11mini_HAPV3_close_tp2_0_sl2_0_cap3__3f__day_of_week=mon__prev_ret_1d=dn_1_3__range_position_5d=near_low,close_tp2_0_sl2_0_cap3,close -> alvo 2% / stop 2% em ate 3 pregoes,close,target_stop_swing,2.0000,2.0000,3,3,Dia da semana: segunda-feira; Retorno acumulado 1D: queda de 1% a 3%; Posicao no range 5D: fechou perto da minima,"day_of_week,prev_ret_1d,range_position_5d",38,73.6842,0.9474,2.8000,28,10,8,100.0000,2.0000,10,80.0000,1.2000,20,60.0000,0.4000,10,80.0000,1.2000,4.0000,6,100.0000,2.0000,INF,57.9908,0.00175031,0.0288897,0.3158,1.4737,PASSOU 3/3 (100%/80%/60%),0.0103119,520.4883,2018-07-30,2026-03-09
1,HYPE3,r11_day_r11day_HYPE3_open_tp1_0_sl2_0_cap1__3f__atr_return_1d=rel_near__gap_pct=dn_1_3__gap_vs_range20=rel_soft_dn,open_tp1_0_sl2_0_cap1,open -> alvo 1% / stop 2% em ate 1 pregao,open,target_stop_swing,1.0000,2.0000,1,3,Retorno 1D normalizado por ATR: perto do normal; Gap da abertura: queda de 1% a 3%; Gap vs range medio 20D: levemente abaixo,"atr_return_1d,gap_pct,gap_vs_range20",120,83.3333,0.5000,2.5000,100,20,46,82.6087,0.4783,48,79.1667,0.3750,26,92.3077,0.7692,12,100.0000,1.0000,INF,10,60.0000,-0.2000,0.7500,75.6546,1.41887e-13,0.00026605,0.3000,0.7000,PASSOU 3/3 (82%/79%/92%),5.88117e-09,652.1885,2018-02-26,2026-05-19
2,HYPE3,r11_day_r11mini_HYPE3_close_tp2_0_sl2_0_cap3__3f__close_vs_ema200=far_dn__days_since_options_expiry=far__vol_ratio_5v20=very_high,close_tp2_0_sl2_0_cap3,close -> alvo 2% / stop 2% em ate 3 pregoes,close,target_stop_swing,2.0000,2.0000,3,3,Fechamento vs EMA200: muito abaixo; Dias desde vencimento de opcoes B3: muito apos vencimento; Volatilidade 5D vs 20D: muito alto,"close_vs_ema200,days_since_options_expiry,vol_ratio_5v20",48,83.3333,1.3909,6.0436,40,6,2,100.0000,2.0000,6,100.0000,2.0000,40,80.0000,1.2691,10,100.0000,2.0000,INF,0,0.0000,0.0000,0.0000,70.4219,1.93185e-06,0.000782767,0.9742,1.7788,PASSOU 2/2 (—/100%/80%),0.000173117,651.0488,2020-11-04,2025-02-03
3,HYPE3,r11_day_r11day_HYPE3_open_tp1_0_sl2_0_cap1__3f__atr_return_1d=rel_near__gap_pct=dn_1_3__gap_vs_atr14=rel_soft_dn,open_tp1_0_sl2_0_cap1,open -> alvo 1% / stop 2% em ate 1 pregao,open,target_stop_swing,1.0000,2.0000,1,3,Retorno 1D normalizado por ATR: perto do normal; Gap da abertura: queda de 1% a 3%; Gap vs ATR14: levemente abaixo,"atr_return_1d,gap_pct,gap_vs_atr14",120,81.6667,0.4768,2.4026,98,20,46,78.2609,0.3478,46,82.6087,0.4783,28,85.7143,0.6861,12,100.0000,1.0000,INF,10,60.0000,-0.2000,0.7500,73.7989,2.00351e-12,0.00026605,0.2768,0.6750,PASSOU 3/3 (78%/82%/85%),3.24013e-08,646.4358,2018-02-26,2026-05-19
1,IGTI11,r11_day_r11mini_IGTI11_close_tp2_0_sl2_0_cap3__3f__dollar_volume_ratio_20d=low__month_of_year=q1__range_ratio_20d=low,close_tp2_0_sl2_0_cap3,close -> alvo 2% / stop 2% em ate 3 pregoes,close,target_stop_swing,2.0000,2.0000,3,3,Volume financeiro vs media 20D: baixo; Mes do ano (trimestre): primeiro trimestre; Range vs media 20D: baixo,"dollar_volume_ratio_20d,month_of_year,range_ratio_20d",30,86.6667,1.4667,6.5000,26,4,0,0.0000,0.0000,4,100.0000,2.0000,26,84.6154,1.3846,10,100.0000,2.0000,INF,14,42.8571,0.3933,1.6883,70.3183,2.9532e-05,0.000782767,0.9333,1.8667,PASSOU 2/2 (—/100%/84%),0.000891939,650.4108,2022-01-24,2026-03-27
2,IGTI11,r11_day_r11day_IGTI11_open_tp1_0_sl2_0_cap1__3f__gap_vs_atr14=rel_soft_dn__gap_vs_range20=rel_soft_dn__prev_ret_1d_z20=rel_up,open_tp1_0_sl2_0_cap1,open -> alvo 1% / stop 2% em ate 1 pregao,open,target_stop_swing,1.0000,2.0000,1,3,Gap vs ATR14: levemente abaixo; Gap vs range medio 20D: levemente abaixo; Retorno 1D em z-score 20D: acima do normal,"gap_vs_atr14,gap_vs_range20,prev_ret_1d_z20",32,87.5000,0.6250,3.5000,28,4,0,0.0000,0.0000,6,100.0000,1.0000,26,84.6154,0.5385,14,100.0000,1.0000,INF,6,33.3333,-0.4396,0.4312,71.9314,1.10526e-05,9.14331e-05,0.2500,0.9062,PASSOU 2/2 (—/100%/84%),0.000526325,641.3345,2022-02-25,2026-05-07
3,IGTI11,r11_day_r11day_IGTI11_open_tp1_0_sl2_0_cap1__3f__close_location_prev=upper_band__gap_pct=dn_1_3__gap_vs_range20=rel_soft_dn,open_tp1_0_sl2_0_cap1,open -> alvo 1% / stop 2% em ate 1 pregao,open,target_stop_swing,1.0000,2.0000,1,3,Posicao do fechamento no candle: fechou na metade superior; Gap da abertura: queda de 1% a 3%; Gap vs range medio 20D: levemente abaixo,"close_location_prev,gap_pct,gap_vs_range20",42,85.7143,0.6225,3.6528,36,4,0,0.0000,0.0000,12,83.3333,0.5000,30,86.6667,0.6715,10,100.0000,1.0000,INF,6,66.6667,0.0000,1.0000,72.1586,1.83825e-06,0.000782767,0.3164,0.8827,PASSOU 2/2 (—/83%/86%),0.000173117,640.9965,2022-01-10,2026-05-19
1,IRBR3,r11_day_r11mini_IRBR3_close_tp2_0_sl2_0_cap3__3f__inside_bar_prev=inside__prev_ret_5d_z20=rel_soft_dn__range_ratio_20d=very_low,close_tp2_0_sl2_0_cap3,close -> alvo 2% / stop 2% em ate 3 pregoes,close,target_stop_swing,2.0000,2.0000,3,3,Candle de referencia em inside bar: candle interno; Retorno 5D em z-score 20D: levemente abaixo; Range vs media 20D: muito baixo,"inside_bar_prev,prev_ret_5d_z20,range_ratio_20d",56,82.1429,1.2857,4.6000,46,10,20,70.0000,0.8000,16,100.0000,2.0000,20,80.0000,1.2000,10,100.0000,2.0000,INF,6,66.6667,0.6667,2.0000,70.1586,7.52986e-07,0.000782767,0.8571,1.6429,PASSOU 3/3 (70%/100%/80%),0.000103217,649.3221,2018-01-03,2026-03-17
2,IRBR3,r11_day_r11mini_IRBR3_close_tp2_0_sl2_0_cap3__3f__atr_return_5d=rel_soft_dn__close_location_prev=middle__rebound_5d=reb_1_3,close_tp2_0_sl2_0_cap3,close -> alvo 2% / stop 2% em ate 3 pregoes,close,target_stop_swing,2.0000,2.0000,3,3,Retorno 5D normalizado por ATR: levemente abaixo; Posicao do fechamento no candle: fechou no meio; Distancia desde minima 5D: 1% a 3% acima da minima,"atr_return_5d,close_location_prev,rebound_5d",82,75.6098,1.0878,3.4778,62,18,34,82.3529,1.4471,14,71.4286,0.8571,34,70.5882,0.8235,12,100.0000,2.0000,INF,2,0.0000,-2.0000,0.0000,65.3071,1.75983e-06,0.00026605,0.7464,1.4293,PASSOU 3/3 (82%/71%/70%),0.000173117,634.7172,2018-01-03,2026-03-26
3,IRBR3,r11_day_r11mini_IRBR3_close_tp2_0_sl2_0_cap2__3f__inside_bar_prev=inside__prev_ret_5d_z20=rel_soft_dn__range_ratio_20d=very_low,close_tp2_0_sl2_0_cap2,close -> alvo 2% / stop 2% em ate 2 pregoes,close,target_stop_swing,2.0000,2.0000,2,3,Candle de referencia em inside bar: candle interno; Retorno 5D em z-score 20D: levemente abaixo; Range vs media 20D: muito baixo,"inside_bar_prev,prev_ret_5d_z20,range_ratio_20d",56,75.0000,1.3035,6.3623,42,6,20,70.0000,0.9194,16,87.5000,1.8124,20,70.0000,1.2806,10,100.0000,2.0000,INF,6,66.6667,0.6667,2.0000,62.3071,9.14331e-05,0.000782767,0.9300,1.6448,PASSOU 3/3 (70%/87%/70%),0.00178289,626.3508,2018-01-03,2026-03-17
1,ISAE4,r11_day_r11mini_ISAE4_open_tp2_0_sl2_0_cap3__3f__month_of_year=q4__range_position_20d=near_high__sma50_slope_20d=up_1_5,open_tp2_0_sl2_0_cap3,open -> alvo 2% / stop 2% em ate 3 pregoes,open,target_stop_swing,2.0000,2.0000,3,3,Mes do ano (trimestre): quarto trimestre; Posicao no range 20D: fechou perto da maxima; Inclinacao da MM50 em 20D: acima leve,"month_of_year,range_position_20d,sma50_slope_20d",36,83.3333,1.4613,7.5759,30,4,26,76.9231,1.2541,0,0.0000,0.0000,10,100.0000,2.0000,12,100.0000,2.0000,INF,0,0.0000,0.0000,0.0000,68.1089,3.1686e-05,0.00026605,1.0000,1.8418,PASSOU 2/2 (76%/—/100%),0.000891939,645.1514,2018-11-06,2025-11-10
2,ISAE4,r11_day_r11day_ISAE4_open_tp1_0_sl2_0_cap1__3f__month_of_year=q4__prev_ret_10d=shock_up__prev_ret_3d=up_1_3,open_tp1_0_sl2_0_cap1,open -> alvo 1% / stop 2% em ate 1 pregao,open,target_stop_swing,1.0000,2.0000,1,3,Mes do ano (trimestre): quarto trimestre; Retorno acumulado 10D: choque de alta; Retorno acumulado 3D: alta de 1% a 3%,"month_of_year,prev_ret_10d,prev_ret_3d",32,87.5000,0.7813,7.2505,28,2,20,80.0000,0.6501,2,100.0000,1.0000,10,100.0000,1.0000,10,100.0000,1.0000,INF,0,0.0000,0.0000,0.0000,71.9314,1.10526e-05,0.000782767,0.4845,0.9844,PASSOU 2/2 (80%/—/100%),0.000526325,641.6597,2018-11-07,2025-11-14
3,ISAE4,r11_day_r11day_ISAE4_open_tp1_0_sl2_0_cap1__3f__close_vs_ema21=up_5_10__month_of_year=q4__prev_ret_3d=up_1_3,open_tp1_0_sl2_0_cap1,open -> alvo 1% / stop 2% em ate 1 pregao,open,target_stop_swing,1.0000,2.0000,1,3,Fechamento vs EMA21: acima forte; Mes do ano (trimestre): quarto trimestre; Retorno acumulado 3D: alta de 1% a 3%,"close_vs_ema21,month_of_year,prev_ret_3d",40,85.0000,0.6004,3.4058,34,4,30,80.0000,0.4672,0,0.0000,0.0000,10,100.0000,1.0000,10,100.0000,1.0000,INF,0,0.0000,0.0000,0.0000,70.9274,4.77748e-06,0.000782767,0.2759,0.8752,PASSOU 2/2 (80%/—/100%),0.000307505,636.9789,2018-11-07,2025-11-14
1,ITSA4,r11_day_r11mini_ITSA4_open_tp2_0_sl2_0_cap3__3f__month_of_year=q4__range_position_20d=middle__vol_ratio_5v20=very_low,open_tp2_0_sl2_0_cap3,open -> alvo 2% / stop 2% em ate 3 pregoes,open,target_stop_swing,2.0000,2.0000,3,3,Mes do ano (trimestre): quarto trimestre; Posicao no range 20D: fechou no meio; Volatilidade 5D vs 20D: muito baixo,"month_of_year,range_position_20d,vol_ratio_5v20",32,81.2500,1.3343,5.5893,26,4,14,100.0000,2.0000,16,75.0000,1.0000,2,0.0000,-0.6517,12,100.0000,2.0000,INF,0,0.0000,0.0000,0.0000,64.6905,0.000203518,0.00026605,0.7921,1.7514,PASSOU 2/2 (100%/75%/—),0.00280542,633.2330,2018-10-25,2025-12-30
2,ITSA4,r11_day_r11day_ITSA4_open_tp1_0_sl2_0_cap1__3f__drawdown_20d=dd_3_6__drawdown_5d=dd_1_3__prev_ret_5d_z20=rel_near,open_tp1_0_sl2_0_cap1,open -> alvo 1% / stop 2% em ate 1 pregao,open,target_stop_swing,1.0000,2.0000,1,3,Queda desde maxima 20D: 3% a 6% abaixo da maxima; Queda desde maxima 5D: 1% a 3% abaixo da maxima; Retorno 5D em z-score 20D: perto do normal,"drawdown_20d,drawdown_5d,prev_ret_5d_z20",58,75.8621,0.4644,2.4721,44,6,20,90.0000,0.7000,16,62.5000,0.4517,22,72.7273,0.2593,12,100.0000,1.0000,INF,0,0.0000,0.0000,0.0000,63.4698,4.08954e-05,0.00026605,0.1535,0.7351,PASSOU 3/3 (90%/62%/72%),0.00111106,614.4621,2018-02-16,2025-10-17
3,ITSA4,r11_day_r11day_ITSA4_open_tp1_0_sl2_0_cap1__3f__close_location_prev=lower_band__gap_filled_prev=no_gap__prev_ret_1d_z20=rel_near,open_tp1_0_sl2_0_cap1,open -> alvo 1% / stop 2% em ate 1 pregao,open,target_stop_swing,1.0000,2.0000,1,3,Posicao do fechamento no candle: fechou na metade inferior; Gap do candle de referencia preenchido: sem gap relevante; Retorno 1D em z-score 20D: perto do normal,"close_location_prev,gap_filled_prev,prev_ret_1d_z20",88,72.7273,0.4458,2.4448,64,12,30,73.3333,0.3536,20,70.0000,0.3698,38,73.6842,0.5585,16,100.0000,1.0000,INF,6,100.0000,1.0000,INF,62.6186,1.00462e-05,3.1686e-05,0.2197,0.6546,PASSOU 3/3 (73%/70%/73%),0.000526325,613.7795,2018-03-26,2026-03-19
1,ITUB4,r11_day_r11mini_ITUB4_open_tp2_0_sl2_0_cap3__3f__bb_position_20=middle__compression_3v20=normal__prev_ret_3d_z20=rel_near,open_tp2_0_sl2_0_cap3,open -> alvo 2% / stop 2% em ate 3 pregoes,open,target_stop_swing,2.0000,2.0000,3,3,Posicao nas Bandas de Bollinger 20D: fechou no meio; Compressao 3D vs 20D: normal; Retorno 3D em z-score 20D: perto do normal,"bb_position_20,compression_3v20,prev_ret_3d_z20",64,81.2500,1.4162,6.9969,52,6,20,80.0000,1.2000,16,100.0000,2.0000,28,71.4286,1.2371,12,100.0000,2.0000,INF,4,0.0000,-2.0000,0.0000,70.0254,2.87105e-07,0.00026605,1.0741,1.7107,PASSOU 3/3 (80%/100%/71%),6.01093e-05,651.4937,2018-04-04,2026-04-29
2,ITUB4,r11_day_r11day_ITUB4_open_tp1_0_sl2_0_cap1__3f__inside_bar_prev=inside__lower_wick_ratio_prev=very_low__rsi_14=neutral_high,open_tp1_0_sl2_0_cap1,open -> alvo 1% / stop 2% em ate 1 pregao,open,target_stop_swing,1.0000,2.0000,1,3,Candle de referencia em inside bar: candle interno; Pavio inferior do candle: muito baixo; RSI 14 periodos: RSI neutro alto,"inside_bar_prev,lower_wick_ratio_prev,rsi_14",44,86.3636,0.8219,13.1296,38,0,18,88.8889,0.9526,8,100.0000,1.0000,18,77.7778,0.6121,10,100.0000,1.0000,INF,2,100.0000,1.0000,INF,73.2903,7.03828e-07,0.000782767,0.6667,0.9586,PASSOU 3/3 (88%/100%/77%),0.000101521,647.1940,2018-02-08,2026-01-20
3,ITUB4,r11_day_r11mini_ITUB4_open_tp2_0_sl2_0_cap3__3f__atr_return_5d=rel_dn__days_to_options_expiry=far__sma5_vs_sma20=up_1_5,open_tp2_0_sl2_0_cap3,open -> alvo 2% / stop 2% em ate 3 pregoes,open,target_stop_swing,2.0000,2.0000,3,3,Retorno 5D normalizado por ATR: abaixo do normal; Dias ate vencimento de opcoes B3: vencimento distante; MM5 vs MM20: acima leve,"atr_return_5d,days_to_options_expiry,sma5_vs_sma20",46,82.6087,1.3043,4.7500,38,8,20,90.0000,1.6000,14,71.4286,0.8571,12,83.3333,1.3333,10,100.0000,2.0000,INF,2,0.0000,-2.0000,0.0000,69.2764,4.86524e-06,0.000782767,0.8696,1.7391,PASSOU 3/3 (90%/71%/83%),0.000307505,646.7755,2018-03-01,2026-04-23
1,KLBN11,r11_day_r11day_KLBN11_close_tp1_0_sl2_0_cap1__3f__close_location_prev=near_low__prev_ret_1d=flat__prev_ret_3d_z20=rel_dn,close_tp1_0_sl2_0_cap1,close -> alvo 1% / stop 2% em ate 1 pregao,close,target_stop_swing,1.0000,2.0000,1,3,Posicao do fechamento no candle: fechou perto da minima; Retorno acumulado 1D: neutro; Retorno 3D em z-score 20D: abaixo do normal,"close_location_prev,prev_ret_1d,prev_ret_3d_z20",36,94.4444,0.9541,INF,34,0,14,85.7143,0.8820,8,100.0000,1.0000,14,100.0000,1.0000,12,100.0000,1.0000,INF,4,100.0000,1.0000,INF,81.8550,4.83165e-08,0.00026605,0.8853,1.0000,PASSOU 3/3 (85%/100%/100%),1.90094e-05,675.4721,2018-01-05,2026-05-07
2,KLBN11,r11_day_r11mini_KLBN11_close_tp2_0_sl2_0_cap3__3f__close_vs_ema200=dn_5_10__drawdown_20d=dd_1_3__sma20_vs_sma50=dn_1_5,close_tp2_0_sl2_0_cap3,close -> alvo 2% / stop 2% em ate 3 pregoes,close,target_stop_swing,2.0000,2.0000,3,3,Fechamento vs EMA200: abaixo forte; Queda desde maxima 20D: 1% a 3% abaixo da maxima; MM20 vs MM50: abaixo leve,"close_vs_ema200,drawdown_20d,sma20_vs_sma50",36,88.8889,1.8548,660.7779,32,0,8,75.0000,1.8592,26,92.3077,1.8423,2,100.0000,2.0000,10,100.0000,2.0000,INF,0,0.0000,0.0000,0.0000,74.6849,1.53234e-06,0.000782767,1.6839,1.9844,PASSOU 2/2 (75%/92%/—),0.000160066,669.5154,2019-09-11,2025-07-01
3,KLBN11,r11_day_r11day_KLBN11_close_tp1_0_sl2_0_cap1__3f__close_location_prev=near_low__prev_ret_1d_z20=rel_soft_dn__range_ratio_20d=very_low,close_tp1_0_sl2_0_cap1,close -> alvo 1% / stop 2% em ate 1 pregao,close,target_stop_swing,1.0000,2.0000,1,3,Posicao do fechamento no candle: fechou perto da minima; Retorno 1D em z-score 20D: levemente abaixo; Range vs media 20D: muito baixo,"close_location_prev,prev_ret_1d_z20,range_ratio_20d",48,91.6667,0.7949,7.5263,44,2,12,100.0000,1.0000,16,100.0000,1.0000,20,80.0000,0.5077,12,100.0000,1.0000,INF,4,50.0000,-0.1135,0.8150,80.4464,3.89385e-09,0.00026605,0.5673,0.9599,PASSOU 3/3 (100%/100%/80%),4.297e-06,668.7023,2018-01-05,2026-05-18
1,LREN3,r11_day_r11mini_LREN3_close_tp2_0_sl2_0_cap3__3f__drawdown_10d=dd_6_10__range_position_20d=middle__range_position_5d=lower_band,close_tp2_0_sl2_0_cap3,close -> alvo 2% / stop 2% em ate 3 pregoes,close,target_stop_swing,2.0000,2.0000,3,3,Queda desde maxima 10D: 6% a 10% abaixo da maxima; Posicao no range 20D: fechou no meio; Posicao no range 5D: fechou na metade inferior,"drawdown_10d,range_position_20d,range_position_5d",98,77.5510,1.1020,3.4545,76,22,30,86.6667,1.4667,34,70.5882,0.8235,34,76.4706,1.0588,14,85.7143,1.4286,6.0000,2,0.0000,-2.0000,0.0000,68.3417,2.4569e-08,0.0037632,0.7755,1.4286,PASSOU 3/3 (86%/70%/76%),1.33569e-05,581.9126,2018-06-14,2026-03-27
2,LREN3,r11_day_r11mini_LREN3_close_tp2_0_sl2_0_cap3__3f__close_location_prev=near_low__days_since_options_expiry=settled__sma5_vs_sma20=up_1_5,close_tp2_0_sl2_0_cap3,close -> alvo 2% / stop 2% em ate 3 pregoes,close,target_stop_swing,2.0000,2.0000,3,3,Posicao do fechamento no candle: fechou perto da minima; Dias desde vencimento de opcoes B3: ja distante do vencimento; MM5 vs MM20: acima leve,"close_location_prev,days_since_options_expiry,sma5_vs_sma20",30,86.6667,1.4667,6.5000,26,4,26,84.6154,1.3846,4,100.0000,2.0000,0,0.0000,0.0000,12,83.3333,1.3333,5.0000,2,0.0000,-2.0000,0.0000,70.3183,2.9532e-05,0.0104606,0.9333,1.8667,PASSOU 2/2 (84%/100%/—),0.000891939,577.9122,2018-07-27,2026-02-27
3,LREN3,r11_day_r11mini_LREN3_close_tp2_0_sl2_0_cap2__3f__drawdown_10d=dd_6_10__range_position_20d=middle__range_position_5d=lower_band,close_tp2_0_sl2_0_cap2,close -> alvo 2% / stop 2% em ate 2 pregoes,close,target_stop_swing,2.0000,2.0000,2,3,Queda desde maxima 10D: 6% a 10% abaixo da maxima; Posicao no range 20D: fechou no meio; Posicao no range 5D: fechou na metade inferior,"drawdown_10d,range_position_20d,range_position_5d",98,71.4286,1.0202,3.1917,70,22,30,73.3333,1.2683,34,64.7059,0.7626,34,76.4706,1.0588,14,85.7143,1.4286,6.0000,2,0.0000,-2.0000,0.0000,61.8091,1.10526e-05,0.0037632,0.6806,1.3469,PASSOU 3/3 (73%/64%/76%),0.000526325,561.5556,2018-06-14,2026-03-27
1,MBRF3,r11_day_r11mini_MBRF3_open_tp3_0_sl2_5_cap3__3f__drawdown_10d=near_high__positive_days_10d=strong__volume_ratio_5v20=normal,open_tp3_0_sl2_5_cap3,open -> alvo 3% / stop 2.5% em ate 3 pregoes,open,target_stop_swing,3.0000,2.5000,3,3,Queda desde maxima 10D: perto da maxima; Dias positivos nos ultimos 10 pregoes: 6 a 7 dias positivos em 10D; Volume 5D vs 20D: normal,"drawdown_10d,positive_days_10d,volume_ratio_5v20",30,80.0000,1.9000,4.8000,24,6,8,75.0000,1.6250,16,87.5000,2.3125,6,66.6667,1.1667,10,100.0000,3.0000,INF,2,100.0000,3.0000,INF,62.6940,0.00050756,0.000782767,1.1667,2.6333,PASSOU 3/3 (75%/87%/66%),0.00473361,639.4051,2019-01-15,2026-03-30
2,MBRF3,r11_day_r11day_MBRF3_close_tp1_0_sl2_0_cap1__3f__close_vs_sma50=dn_1_5__prev_ret_5d=dn_1_3__prev_ret_5d_z20=rel_soft_dn,close_tp1_0_sl2_0_cap1,close -> alvo 1% / stop 2% em ate 1 pregao,close,target_stop_swing,1.0000,2.0000,1,3,Fechamento vs MM50: abaixo leve; Retorno acumulado 5D: queda de 1% a 3%; Retorno 5D em z-score 20D: levemente abaixo,"close_vs_sma50,prev_ret_5d,prev_ret_5d_z20",70,80.0000,0.4802,2.5016,56,8,36,77.7778,0.4255,16,87.5000,0.6250,18,77.7778,0.4609,10,100.0000,1.0000,INF,2,100.0000,1.0000,INF,69.1831,2.58828e-07,0.000782767,0.2376,0.7419,PASSOU 3/3 (77%/87%/77%),5.90807e-05,631.4396,2018-02-01,2026-02-20
3,MBRF3,r11_day_r11day_MBRF3_close_tp1_0_sl1_5_cap1__3f__close_vs_sma50=dn_1_5__prev_ret_5d=dn_1_3__prev_ret_5d_z20=rel_soft_dn,close_tp1_0_sl1_5_cap1,close -> alvo 1% / stop 1.5% em ate 1 pregao,close,target_stop_swing,1.0000,1.5000,1,3,Fechamento vs MM50: abaixo leve; Retorno acumulado 5D: queda de 1% a 3%; Retorno 5D em z-score 20D: levemente abaixo,"close_vs_sma50,prev_ret_5d,prev_ret_5d_z20",70,74.2857,0.3612,1.9462,52,16,36,66.6667,0.1745,16,87.5000,0.6875,18,77.7778,0.4444,10,100.0000,1.0000,INF,2,0.0000,-1.5000,0.0000,62.9736,2.41549e-05,0.000782767,0.0795,0.6132,PASSOU 3/3 (66%/87%/77%),0.000891939,611.5463,2018-02-01,2026-02-20
1,MGLU3,r11_day_r11fix_MGLU3_open_next_close__3f__drawdown_20d=dd_6_10__gap_vs_atr14=rel_soft_dn__gap_vs_range20=rel_soft_dn,open_next_close,open -> close D+1,open,fixed_next_close,0.0000,0.0000,1,3,Queda desde maxima 20D: 6% a 10% abaixo da maxima; Gap vs ATR14: levemente abaixo; Gap vs range medio 20D: levemente abaixo,"drawdown_20d,gap_vs_atr14,gap_vs_range20",48,79.1667,2.9222,8.6697,0,0,32,75.0000,2.8038,10,100.0000,2.5817,6,66.6667,4.1212,10,80.0000,1.3523,1.4318,2,100.0000,3.9434,INF,65.7408,2.65739e-05,0.0288897,1.9428,3.8582,PASSOU 3/3 (75%/100%/66%),0.000891939,558.2773,2018-02-06,2026-02-13
2,MGLU3,r11_day_r11mini_MGLU3_close_tp3_0_sl2_5_cap2__3f__bb_position_20=near_low__gap_filled_prev=gap_up_filled__intraday_return_prev=dn_3_5,close_tp3_0_sl2_5_cap2,close -> alvo 3% / stop 2.5% em ate 2 pregoes,close,target_stop_swing,3.0000,2.5000,2,3,Posicao nas Bandas de Bollinger 20D: fechou perto da minima; Gap do candle de referencia preenchido: gap de alta preenchido; Retorno intraday do candle de referencia: queda de 3% a 5%,"bb_position_20,gap_filled_prev,intraday_return_prev",54,77.7778,1.7778,4.2000,42,12,10,80.0000,1.9000,20,60.0000,0.8000,24,91.6667,2.5417,10,80.0000,1.9000,4.8000,6,33.3333,-0.6667,0.6000,65.0611,2.22903e-05,0.0288897,1.1667,2.3889,PASSOU 3/3 (80%/60%/91%),0.000836118,555.5064,2018-02-09,2026-05-18
3,MGLU3,r11_day_r11mini_MGLU3_close_tp3_0_sl2_5_cap3__3f__bb_position_20=near_low__gap_filled_prev=gap_up_filled__intraday_return_prev=dn_3_5,close_tp3_0_sl2_5_cap3,close -> alvo 3% / stop 2.5% em ate 3 pregoes,close,target_stop_swing,3.0000,2.5000,3,3,Posicao nas Bandas de Bollinger 20D: fechou perto da minima; Gap do candle de referencia preenchido: gap de alta preenchido; Retorno intraday do candle de referencia: queda de 3% a 5%,"bb_position_20,gap_filled_prev,intraday_return_prev",54,77.7778,1.7778,4.2000,42,12,10,80.0000,1.9000,20,60.0000,0.8000,24,91.6667,2.5417,10,80.0000,1.9000,4.8000,6,33.3333,-0.6667,0.6000,65.0611,2.22903e-05,0.0288897,1.1667,2.3889,PASSOU 3/3 (80%/60%/91%),0.000836118,555.5064,2018-02-09,2026-05-18
1,MRVE3,r11_day_r11day_MRVE3_close_tp1_0_sl2_0_cap1__3f__atr14_pct=very_high__prev_ret_3d=dn_3_5__prev_ret_3d_z20=rel_dn,close_tp1_0_sl2_0_cap1,close -> alvo 1% / stop 2% em ate 1 pregao,close,target_stop_swing,1.0000,2.0000,1,3,ATR14 em % do preco: muito alto; Retorno acumulado 3D: queda de 3% a 5%; Retorno 3D em z-score 20D: abaixo do normal,"atr14_pct,prev_ret_3d,prev_ret_3d_z20",30,93.3333,0.8000,7.0000,28,2,12,100.0000,1.0000,6,66.6667,0.0000,12,100.0000,1.0000,10,100.0000,1.0000,INF,2,0.0000,-2.0000,0.0000,78.6762,1.0339e-06,0.000782767,0.5000,1.0000,PASSOU 3/3 (100%/66%/100%),0.000123929,662.0181,2018-04-17,2026-01-19
2,MRVE3,r11_day_r11mini_MRVE3_close_tp2_0_sl2_0_cap3__3f__dollar_volume_ratio_20d=low__sma20_vs_sma50=up_5_10__sma5_vs_sma20=up_5_10,close_tp2_0_sl2_0_cap3,close -> alvo 2% / stop 2% em ate 3 pregoes,close,target_stop_swing,2.0000,2.0000,3,3,Volume financeiro vs media 20D: baixo; MM20 vs MM50: acima forte; MM5 vs MM20: acima forte,"dollar_volume_ratio_20d,sma20_vs_sma50,sma5_vs_sma20",42,80.9524,1.2381,4.2500,34,8,30,86.6667,1.4667,6,66.6667,0.6667,6,66.6667,0.6667,12,100.0000,2.0000,INF,0,0.0000,0.0000,0.0000,66.6989,3.0132e-05,0.00026605,0.7619,1.6190,PASSOU 3/3 (86%/66%/66%),0.000891939,639.0166,2019-06-12,2025-11-27
3,MRVE3,r11_day_r11mini_MRVE3_close_tp2_0_sl1_5_cap2__3f__dollar_volume_ratio_20d=low__sma20_vs_sma50=up_5_10__sma5_vs_sma20=up_5_10,close_tp2_0_sl1_5_cap2,close -> alvo 2% / stop 1.5% em ate 2 pregoes,close,target_stop_swing,2.0000,1.5000,2,3,Volume financeiro vs media 20D: baixo; MM20 vs MM50: acima forte; MM5 vs MM20: acima forte,"dollar_volume_ratio_20d,sma20_vs_sma50,sma5_vs_sma20",42,76.1905,1.1667,4.2667,32,10,30,80.0000,1.3000,6,66.6667,0.8333,6,66.6667,0.8333,12,100.0000,2.0000,INF,0,0.0000,0.0000,0.0000,61.4722,0.000343604,0.00026605,0.7500,1.5833,PASSOU 3/3 (80%/66%/66%),0.00396721,623.2413,2019-06-12,2025-11-27
1,MULT3,r11_day_r11day_MULT3_open_tp1_0_sl2_0_cap1__3f__gap_vs_atr14=rel_soft_dn__range_position_10d=upper_band__sma5_vs_sma20=up_1_5,open_tp1_0_sl2_0_cap1,open -> alvo 1% / stop 2% em ate 1 pregao,open,target_stop_swing,1.0000,2.0000,1,3,Gap vs ATR14: levemente abaixo; Posicao no range 10D: fechou na metade superior; MM5 vs MM20: acima leve,"gap_vs_atr14,range_position_10d,sma5_vs_sma20",32,93.7500,0.8784,15.8687,30,0,18,100.0000,1.0000,2,100.0000,1.0000,12,83.3333,0.6758,12,100.0000,1.0000,INF,2,100.0000,1.0000,INF,79.8525,3.72109e-07,0.00026605,0.6961,1.0000,PASSOU 2/2 (100%/—/83%),6.75617e-05,667.9510,2018-01-09,2026-03-02
2,MULT3,r11_day_r11mini_MULT3_open_tp2_0_sl2_0_cap3__3f__close_vs_ema200=up_5_10__close_vs_sma20=up_1_5__sma20_vs_sma50=up_1_5,open_tp2_0_sl2_0_cap3,open -> alvo 2% / stop 2% em ate 3 pregoes,open,target_stop_swing,2.0000,2.0000,3,3,Fechamento vs EMA200: acima forte; Fechamento vs MM20: acima leve; MM20 vs MM50: acima leve,"close_vs_ema200,close_vs_sma20,sma20_vs_sma50",44,72.7273,1.0101,3.2221,32,10,0,0.0000,0.0000,10,60.0000,0.4000,34,76.4706,1.1895,12,100.0000,2.0000,INF,0,0.0000,0.0000,0.0000,58.1508,0.00128448,0.00026605,0.5050,1.4747,PASSOU 2/2 (—/60%/76%),0.00856399,611.3171,2021-05-10,2025-09-04
3,MULT3,r11_day_r11day_MULT3_close_tp1_0_sl2_0_cap1__3f__close_location_prev=near_low__prev_ret_10d=dn_3_5__sma5_vs_sma20=dn_1_5,close_tp1_0_sl2_0_cap1,close -> alvo 1% / stop 2% em ate 1 pregao,close,target_stop_swing,1.0000,2.0000,1,3,Posicao do fechamento no candle: fechou perto da minima; Retorno acumulado 10D: queda de 3% a 5%; MM5 vs MM20: abaixo leve,"close_location_prev,prev_ret_10d,sma5_vs_sma20",48,75.0000,0.6644,6.0743,36,2,22,72.7273,0.4874,8,100.0000,1.0000,18,66.6667,0.7316,12,100.0000,1.0000,INF,2,100.0000,1.0000,INF,61.2154,0.00026605,0.00026605,0.4366,0.8532,PASSOU 3/3 (72%/100%/66%),0.00342294,609.9637,2018-03-21,2026-01-02
1,PETR3,r11_day_r11day_PETR3_open_tp1_0_sl2_0_cap1__3f__close_vs_ema21=near__prev_ret_5d_z20=rel_shock_up__range_position_10d=upper_band,open_tp1_0_sl2_0_cap1,open -> alvo 1% / stop 2% em ate 1 pregao,open,target_stop_swing,1.0000,2.0000,1,3,Fechamento vs EMA21: perto do equilibrio; Retorno 5D em z-score 20D: muito acima do normal; Posicao no range 10D: fechou na metade superior,"close_vs_ema21,prev_ret_5d_z20,range_position_10d",36,94.4444,0.9758,INF,34,0,16,100.0000,1.0000,6,100.0000,1.0000,14,85.7143,0.9378,10,100.0000,1.0000,INF,0,0.0000,0.0000,0.0000,81.8550,4.83165e-08,0.000782767,0.9395,1.0000,PASSOU 3/3 (100%/100%/85%),1.90094e-05,675.0705,2019-09-03,2025-07-29
2,PETR3,r11_day_r11day_PETR3_open_tp1_0_sl2_0_cap1__3f__close_vs_ema9=up_1_5__prev_ret_2d=flat__sma20_vs_sma50=dn_1_5,open_tp1_0_sl2_0_cap1,open -> alvo 1% / stop 2% em ate 1 pregao,open,target_stop_swing,1.0000,2.0000,1,3,Fechamento vs EMA9: acima leve; Retorno acumulado 2D: neutro; MM20 vs MM50: abaixo leve,"close_vs_ema9,prev_ret_2d,sma20_vs_sma50",36,94.4444,0.8333,8.5000,34,2,18,100.0000,1.0000,10,80.0000,0.4000,8,100.0000,1.0000,12,100.0000,1.0000,INF,0,0.0000,0.0000,0.0000,81.8550,4.83165e-08,0.00026605,0.5833,1.0000,PASSOU 3/3 (100%/80%/100%),1.90094e-05,673.0561,2018-01-02,2025-11-13
3,PETR3,r11_day_r11mini_PETR3_close_tp2_0_sl1_5_cap3__3f__bb_position_20=middle__day_of_week=fri__prev_ret_1d=dn_1_3,close_tp2_0_sl1_5_cap3,close -> alvo 2% / stop 1.5% em ate 3 pregoes,close,target_stop_swing,2.0000,1.5000,3,3,Posicao nas Bandas de Bollinger 20D: fechou no meio; Dia da semana: sexta-feira; Retorno acumulado 1D: queda de 1% a 3%,"bb_position_20,day_of_week,prev_ret_1d",40,85.0000,1.4750,7.5556,34,6,18,88.8889,1.6111,8,100.0000,2.0000,14,71.4286,1.0000,10,100.0000,2.0000,INF,0,0.0000,0.0000,0.0000,70.9274,4.77748e-06,0.000782767,1.1250,1.8250,PASSOU 3/3 (88%/100%/71%),0.000307505,653.7717,2018-02-09,2025-11-28
1,PETR4,r11_day_r11day_PETR4_open_tp1_0_sl1_5_cap1__3f__close_vs_ema200=up_5_10__close_vs_ema9=up_1_5__prev_ret_5d=up_1_3,open_tp1_0_sl1_5_cap1,open -> alvo 1% / stop 1.5% em ate 1 pregao,open,target_stop_swing,1.0000,1.5000,1,3,Fechamento vs EMA200: acima forte; Fechamento vs EMA9: acima leve; Retorno acumulado 5D: alta de 1% a 3%,"close_vs_ema200,close_vs_ema9,prev_ret_5d",40,85.0000,0.6250,3.7778,34,6,16,87.5000,0.6875,8,75.0000,0.3750,16,87.5000,0.6875,12,100.0000,1.0000,INF,0,0.0000,0.0000,0.0000,70.9274,4.77748e-06,0.00026605,0.3750,0.8750,PASSOU 3/3 (87%/75%/87%),0.000307505,638.6069,2018-09-27,2025-11-18
2,PETR4,r11_day_r11mini_PETR4_close_tp2_0_sl2_0_cap3__3f__gap_vs_atr14=rel_near__rebound_5d=near_low__sma20_slope_5d=dn_1_5,close_tp2_0_sl2_0_cap3,close -> alvo 2% / stop 2% em ate 3 pregoes,close,target_stop_swing,2.0000,2.0000,3,3,Gap vs ATR14: perto do normal; Distancia desde minima 5D: perto da minima; Inclinacao da MM20 em 5D: abaixo leve,"gap_vs_atr14,rebound_5d,sma20_slope_5d",48,79.1667,1.1667,3.8000,38,10,22,81.8182,1.2727,10,60.0000,0.4000,16,87.5000,1.5000,12,100.0000,2.0000,INF,0,0.0000,0.0000,0.0000,65.7408,2.65739e-05,0.00026605,0.6667,1.5833,PASSOU 3/3 (81%/60%/87%),0.000891939,635.3807,2018-12-10,2025-05-05
3,PETR4,r11_day_r11mini_PETR4_close_tp2_0_sl2_0_cap3__3f__drawdown_20d=dd_10_15__drawdown_5d=dd_1_3__gap_pct=flat,close_tp2_0_sl2_0_cap3,close -> alvo 2% / stop 2% em ate 3 pregoes,close,target_stop_swing,2.0000,2.0000,3,3,Queda desde maxima 20D: 10% a 15% abaixo da maxima; Queda desde maxima 5D: 1% a 3% abaixo da maxima; Gap da abertura: neutro,"drawdown_20d,drawdown_5d,gap_pct",40,80.0000,1.2000,4.0000,32,8,6,66.6667,0.6667,20,80.0000,1.2000,14,85.7143,1.4286,10,100.0000,2.0000,INF,0,0.0000,0.0000,0.0000,65.2424,7.39258e-05,0.000782767,0.7000,1.7000,PASSOU 3/3 (66%/80%/85%),0.00162727,633.3167,2018-08-28,2025-10-21
1,POMO4,r11_day_r11day_POMO4_open_tp1_0_sl2_0_cap1__3f__close_vs_sma200=dn_1_5__month_of_year=q2__range_position_20d=upper_band,open_tp1_0_sl2_0_cap1,open -> alvo 1% / stop 2% em ate 1 pregao,open,target_stop_swing,1.0000,2.0000,1,3,Fechamento vs MM200: abaixo leve; Mes do ano (trimestre): segundo trimestre; Posicao no range 20D: fechou na metade superior,"close_vs_sma200,month_of_year,range_position_20d",36,88.8889,0.7778,8.0000,32,2,10,100.0000,1.0000,26,84.6154,0.6923,0,0.0000,0.0000,14,100.0000,1.0000,INF,2,100.0000,1.0000,INF,74.6849,1.53234e-06,9.14331e-05,0.5278,0.9722,PASSOU 2/2 (100%/84%/—),0.000160066,651.8174,2019-05-31,2026-04-07
2,POMO4,r11_day_r11mini_POMO4_close_tp2_0_sl2_0_cap3__3f__month_of_year=q4__rebound_5d=reb_1_3__sma50_slope_10d=dn_1_5,close_tp2_0_sl2_0_cap3,close -> alvo 2% / stop 2% em ate 3 pregoes,close,target_stop_swing,2.0000,2.0000,3,3,Mes do ano (trimestre): quarto trimestre; Distancia desde minima 5D: 1% a 3% acima da minima; Inclinacao da MM50 em 10D: abaixo leve,"month_of_year,rebound_5d,sma50_slope_10d",32,100.0000,2.0000,INF,32,0,20,100.0000,2.0000,10,100.0000,2.0000,2,100.0000,2.0000,12,83.3333,1.3333,5.0000,0,0.0000,0.0000,0.0000,89.2817,7.73015e-09,0.0104606,2.0000,2.0000,PASSOU 2/2 (100%/100%/—),6.26165e-06,643.3360,2018-10-10,2025-12-19
3,POMO4,r11_day_r11mini_POMO4_close_tp3_0_sl2_5_cap3__3f__close_vs_sma200=far_dn__month_of_year=q4__sma50_slope_10d=dn_1_5,close_tp3_0_sl2_5_cap3,close -> alvo 3% / stop 2.5% em ate 3 pregoes,close,target_stop_swing,3.0000,2.5000,3,3,Fechamento vs MM200: muito abaixo; Mes do ano (trimestre): quarto trimestre; Inclinacao da MM50 em 10D: abaixo leve,"close_vs_sma200,month_of_year,sma50_slope_10d",56,75.0000,1.6250,3.6000,42,14,40,80.0000,1.9000,16,62.5000,0.9375,0,0.0000,0.0000,10,100.0000,3.0000,INF,0,0.0000,0.0000,0.0000,62.3071,9.14331e-05,0.000782767,1.0357,2.2143,PASSOU 2/2 (80%/62%/—),0.00178289,637.1964,2018-10-01,2025-12-19
1,PRIO3,r11_day_r11mini_PRIO3_close_tp2_0_sl2_0_cap3__3f__day_of_month_bucket=end__positive_days_5d=weak__volume_ratio_5v20=low,close_tp2_0_sl2_0_cap3,close -> alvo 2% / stop 2% em ate 3 pregoes,close,target_stop_swing,2.0000,2.0000,3,3,Dia do mes (bucket): fim do mes; Dias positivos nos ultimos 5 pregoes: 0 a 1 dia positivo em 5D; Volume 5D vs 20D: baixo,"day_of_month_bucket,positive_days_5d,volume_ratio_5v20",58,72.4138,0.8966,2.6250,42,16,16,62.5000,0.5000,18,88.8889,1.5556,24,66.6667,0.6667,10,100.0000,2.0000,INF,0,0.0000,0.0000,0.0000,59.7951,0.000320172,0.000782767,0.4138,1.3793,PASSOU 3/3 (62%/88%/66%),0.00392388,614.6852,2019-01-29,2025-11-28
2,PRIO3,r11_day_r11mini_PRIO3_close_tp2_0_sl2_0_cap2__3f__days_to_options_expiry=far__rebound_10d=reb_1_3__sma20_vs_sma50=up_5_10,close_tp2_0_sl2_0_cap2,close -> alvo 2% / stop 2% em ate 2 pregoes,close,target_stop_swing,2.0000,2.0000,2,3,Dias ate vencimento de opcoes B3: vencimento distante; Distancia desde minima 10D: 1% a 3% acima da minima; MM20 vs MM50: acima forte,"days_to_options_expiry,rebound_10d,sma20_vs_sma50",32,75.0000,1.0000,3.0000,24,8,2,100.0000,2.0000,18,77.7778,1.1111,12,66.6667,0.6667,10,100.0000,2.0000,INF,0,0.0000,0.0000,0.0000,57.8931,0.00233893,0.000782767,0.3750,1.6250,PASSOU 2/2 (—/77%/66%),0.0120046,608.6688,2020-08-04,2025-07-07
3,PRIO3,r11_day_r11day_PRIO3_open_tp1_0_sl1_5_cap1__3f__drawdown_20d=near_high__prev_ret_1d_z20=rel_soft_up__prev_ret_2d=up_1_3,open_tp1_0_sl1_5_cap1,open -> alvo 1% / stop 1.5% em ate 1 pregao,open,target_stop_swing,1.0000,1.5000,1,3,Queda desde maxima 20D: perto da maxima; Retorno 1D em z-score 20D: levemente acima; Retorno acumulado 2D: alta de 1% a 3%,"drawdown_20d,prev_ret_1d_z20,prev_ret_2d",36,77.7778,0.4444,2.3333,28,8,14,85.7143,0.6429,6,100.0000,1.0000,16,62.5000,0.0625,10,100.0000,1.0000,INF,8,75.0000,0.3750,2.0000,61.9150,0.000429117,0.000782767,0.0972,0.7222,PASSOU 3/3 (85%/100%/62%),0.00458611,608.5121,2018-09-04,2026-03-27
1,PSSA3,r11_day_r11day_PSSA3_close_tp1_0_sl2_0_cap1__3f__close_vs_ema21=dn_1_5__compression_3v20=high__upper_wick_ratio_prev=low,close_tp1_0_sl2_0_cap1,close -> alvo 1% / stop 2% em ate 1 pregao,close,target_stop_swing,1.0000,2.0000,1,3,Fechamento vs EMA21: abaixo leve; Compressao 3D vs 20D: alto; Pavio superior do candle: baixo,"close_vs_ema21,compression_3v20,upper_wick_ratio_prev",40,95.0000,0.8500,9.5000,38,2,12,100.0000,1.0000,14,100.0000,1.0000,14,85.7143,0.5714,10,100.0000,1.0000,INF,0,0.0000,0.0000,0.0000,83.4958,6.29232e-09,0.000782767,0.6250,1.0000,PASSOU 3/3 (100%/100%/85%),5.97565e-06,677.4769,2018-05-29,2025-12-17
2,PSSA3,r11_day_r11day_PSSA3_open_tp1_0_sl2_0_cap1__3f__atr_return_5d=rel_near__close_vs_ema9=up_1_5__range_position_20d=near_high,open_tp1_0_sl2_0_cap1,open -> alvo 1% / stop 2% em ate 1 pregao,open,target_stop_swing,1.0000,2.0000,1,3,Retorno 5D normalizado por ATR: perto do normal; Fechamento vs EMA9: acima leve; Posicao no range 20D: fechou perto da maxima,"atr_return_5d,close_vs_ema9,range_position_20d",38,89.4737,0.8857,51.4810,34,0,18,88.8889,0.8518,6,100.0000,1.0000,14,85.7143,0.8803,10,100.0000,1.0000,INF,0,0.0000,0.0000,0.0000,75.8692,5.68336e-07,0.000782767,0.7624,0.9779,PASSOU 3/3 (88%/100%/85%),9.1269e-05,655.6963,2018-01-24,2025-05-28
3,PSSA3,r11_day_r11mini_PSSA3_close_tp2_0_sl2_0_cap3__3f__close_vs_sma200=up_1_5__engulfing_prev=none__prev_ret_3d_z20=rel_near,close_tp2_0_sl2_0_cap3,close -> alvo 2% / stop 2% em ate 3 pregoes,close,target_stop_swing,2.0000,2.0000,3,3,Fechamento vs MM200: acima leve; Engolfo do candle de referencia: sem engolfo; Retorno 3D em z-score 20D: perto do normal,"close_vs_sma200,engulfing_prev,prev_ret_3d_z20",40,85.0000,1.5515,8.7577,34,4,18,88.8889,1.5556,2,100.0000,2.0000,20,80.0000,1.5031,10,100.0000,2.0000,INF,4,50.0000,0.0000,1.0000,70.9274,4.77748e-06,0.000782767,1.1515,1.8758,PASSOU 2/2 (88%/—/80%),0.000307505,653.9837,2019-01-08,2026-05-12
1,RADL3,r11_day_r11day_RADL3_open_tp1_0_sl2_0_cap1__3f__atr_return_5d=rel_up__compression_3v20=low__drawdown_5d=dd_1_3,open_tp1_0_sl2_0_cap1,open -> alvo 1% / stop 2% em ate 1 pregao,open,target_stop_swing,1.0000,2.0000,1,3,Retorno 5D normalizado por ATR: acima do normal; Compressao 3D vs 20D: baixo; Queda desde maxima 5D: 1% a 3% abaixo da maxima,"atr_return_5d,compression_3v20,drawdown_5d",78,79.4872,0.5478,3.2170,62,8,24,75.0000,0.4612,34,70.5882,0.3429,20,100.0000,1.0000,10,100.0000,1.0000,INF,6,66.6667,0.0000,1.0000,69.2458,9.53829e-08,0.000782767,0.3347,0.7442,PASSOU 3/3 (75%/70%/100%),3.26382e-05,632.4045,2018-02-21,2026-02-12
2,RADL3,r11_day_r11day_RADL3_open_tp1_0_sl2_0_cap1__3f__day_of_week=fri__prev_ret_3d_z20=rel_near__rsi_14=neutral_high,open_tp1_0_sl2_0_cap1,open -> alvo 1% / stop 2% em ate 1 pregao,open,target_stop_swing,1.0000,2.0000,1,3,Dia da semana: sexta-feira; Retorno 3D em z-score 20D: perto do normal; RSI 14 periodos: RSI neutro alto,"day_of_week,prev_ret_3d_z20,rsi_14",66,78.7879,0.5303,3.0056,52,6,36,77.7778,0.5493,14,85.7143,0.5714,16,75.0000,0.4515,10,100.0000,1.0000,INF,8,25.0000,-1.2500,0.1667,67.4867,1.45378e-06,0.000782767,0.2906,0.7457,PASSOU 3/3 (77%/85%/75%),0.000160066,626.7744,2018-08-10,2026-02-20
3,RADL3,r11_day_r11day_RADL3_open_tp1_0_sl2_0_cap1__3f__atr_return_5d=rel_up__compression_3v20=low__drawdown_10d=dd_1_3,open_tp1_0_sl2_0_cap1,open -> alvo 1% / stop 2% em ate 1 pregao,open,target_stop_swing,1.0000,2.0000,1,3,Retorno 5D normalizado por ATR: acima do normal; Compressao 3D vs 20D: baixo; Queda desde maxima 10D: 1% a 3% abaixo da maxima,"atr_return_5d,compression_3v20,drawdown_10d",86,76.7442,0.4611,2.5053,66,10,26,69.2308,0.3076,38,73.6842,0.4121,22,90.9091,0.7273,10,100.0000,1.0000,INF,6,66.6667,0.0000,1.0000,66.7902,3.52444e-07,0.000782767,0.2290,0.6739,PASSOU 3/3 (69%/73%/90%),6.75617e-05,624.1921,2018-02-21,2026-02-12
1,RAIL3,r11_day_r11mini_RAIL3_open_tp3_0_sl2_0_cap3__3f__close_vs_ema200=far_dn__close_vs_ema21=near__volume_spike_1d=very_low,open_tp3_0_sl2_0_cap3,open -> alvo 3% / stop 2% em ate 3 pregoes,open,target_stop_swing,3.0000,2.0000,3,3,Fechamento vs EMA200: muito abaixo; Fechamento vs EMA21: perto do equilibrio; Spike de volume vs maximo 5D: muito baixo,"close_vs_ema200,close_vs_ema21,volume_spike_1d",30,86.6667,2.3333,9.7500,26,4,8,75.0000,1.7500,22,90.9091,2.5455,0,0.0000,0.0000,12,100.0000,3.0000,INF,2,100.0000,3.0000,INF,70.3183,2.9532e-05,0.00026605,1.6667,2.8333,PASSOU 2/2 (75%/90%/—),0.000891939,667.1132,2020-03-25,2026-01-23
2,RAIL3,r11_day_r11mini_RAIL3_open_tp3_0_sl2_5_cap3__3f__close_vs_ema200=far_dn__close_vs_ema21=near__volume_spike_1d=very_low,open_tp3_0_sl2_5_cap3,open -> alvo 3% / stop 2.5% em ate 3 pregoes,open,target_stop_swing,3.0000,2.5000,3,3,Fechamento vs EMA200: muito abaixo; Fechamento vs EMA21: perto do equilibrio; Spike de volume vs maximo 5D: muito baixo,"close_vs_ema200,close_vs_ema21,volume_spike_1d",30,86.6667,2.2667,7.8000,26,4,8,75.0000,1.6250,22,90.9091,2.5000,0,0.0000,0.0000,12,100.0000,3.0000,INF,2,100.0000,3.0000,INF,70.3183,2.9532e-05,0.00026605,1.5333,2.8167,PASSOU 2/2 (75%/90%/—),0.000891939,666.0460,2020-03-25,2026-01-23
3,RAIL3,r11_day_r11day_RAIL3_close_tp1_0_sl2_0_cap1__3f__dollar_volume_ratio_20d=high__sma20_slope_5d=dn_1_5__sma5_vs_sma20=dn_1_5,close_tp1_0_sl2_0_cap1,close -> alvo 1% / stop 2% em ate 1 pregao,close,target_stop_swing,1.0000,2.0000,1,3,Volume financeiro vs media 20D: alto; Inclinacao da MM20 em 5D: abaixo leve; MM5 vs MM20: abaixo leve,"dollar_volume_ratio_20d,sma20_slope_5d,sma5_vs_sma20",48,87.5000,0.8217,16.4085,42,0,16,100.0000,1.0000,20,90.0000,0.8752,12,66.6667,0.4947,14,100.0000,1.0000,INF,0,0.0000,0.0000,0.0000,75.2993,1.01921e-07,9.14331e-05,0.6825,0.9368,PASSOU 3/3 (100%/90%/66%),3.2892e-05,654.8982,2018-08-17,2025-09-05
1,RDOR3,r11_day_r11mini_RDOR3_close_tp2_0_sl2_0_cap3__3f__bb_position_20=near_high__prev_ret_3d_z20=rel_up__rebound_10d=reb_10_15,close_tp2_0_sl2_0_cap3,close -> alvo 2% / stop 2% em ate 3 pregoes,close,target_stop_swing,2.0000,2.0000,3,3,Posicao nas Bandas de Bollinger 20D: fechou perto da maxima; Retorno 3D em z-score 20D: acima do normal; Distancia desde minima 10D: 10% a 15% acima da minima,"bb_position_20,prev_ret_3d_z20,rebound_10d",36,94.4444,1.7778,17.0000,34,2,0,0.0000,0.0000,14,100.0000,2.0000,22,90.9091,1.6364,10,100.0000,2.0000,INF,2,100.0000,2.0000,INF,81.8550,4.83165e-08,0.000782767,1.4444,2.0000,PASSOU 2/2 (—/100%/90%),1.90094e-05,689.1097,2021-04-06,2026-04-13
2,RDOR3,r11_day_r11day_RDOR3_open_tp1_0_sl2_0_cap1__3f__atr_return_5d=rel_up__day_of_month_bucket=first_half__upper_wick_ratio_prev=low,open_tp1_0_sl2_0_cap1,open -> alvo 1% / stop 2% em ate 1 pregao,open,target_stop_swing,1.0000,2.0000,1,3,Retorno 5D normalizado por ATR: acima do normal; Dia do mes (bucket): primeira metade; Pavio superior do candle: baixo,"atr_return_5d,day_of_month_bucket,upper_wick_ratio_prev",30,93.3333,0.8000,7.0000,28,2,0,0.0000,0.0000,6,100.0000,1.0000,24,91.6667,0.7500,14,100.0000,1.0000,INF,4,50.0000,-0.5000,0.5000,78.6762,1.0339e-06,9.14331e-05,0.5000,1.0000,PASSOU 2/2 (—/100%/91%),0.000123929,663.5689,2021-04-06,2026-05-07
3,RDOR3,r11_day_r11day_RDOR3_open_tp1_0_sl2_0_cap1__3f__month_of_year=q2__prev_ret_20d=shock_up__vol_ratio_5v20=normal,open_tp1_0_sl2_0_cap1,open -> alvo 1% / stop 2% em ate 1 pregao,open,target_stop_swing,1.0000,2.0000,1,3,Mes do ano (trimestre): segundo trimestre; Retorno acumulado 20D: choque de alta; Volatilidade 5D vs 20D: normal,"month_of_year,prev_ret_20d,vol_ratio_5v20",40,90.0000,0.7914,8.2868,36,2,0,0.0000,0.0000,14,71.4286,0.4040,26,100.0000,1.0000,12,100.0000,1.0000,INF,0,0.0000,0.0000,0.0000,76.9479,2.10372e-07,0.00026605,0.5371,0.9707,PASSOU 2/2 (—/71%/100%),5.10116e-05,657.9652,2021-04-13,2025-05-19
1,RECV3,r11_day_r11day_RECV3_open_tp1_0_sl2_0_cap1__3f__rebound_5d=near_low__streak_direction=down_2_3__volume_ratio_20d=very_low,open_tp1_0_sl2_0_cap1,open -> alvo 1% / stop 2% em ate 1 pregao,open,target_stop_swing,1.0000,2.0000,1,3,Distancia desde minima 5D: perto da minima; Sequencia de altas/quedas: queda em 2 a 3 pregoes seguidos; Volume vs media 20D: muito baixo,"rebound_5d,streak_direction,volume_ratio_20d",32,93.7500,0.8125,7.5000,30,2,0,0.0000,0.0000,12,83.3333,0.5000,20,100.0000,1.0000,10,100.0000,1.0000,INF,4,50.0000,-0.5000,0.5000,79.8525,3.72109e-07,0.000782767,0.5312,1.0000,PASSOU 2/2 (—/83%/100%),6.75617e-05,665.7966,2021-09-03,2026-04-29
2,RECV3,r11_day_r11day_RECV3_open_tp1_0_sl2_0_cap1__3f__close_location_prev=lower_band__prev_ret_5d=dn_5_8__prev_ret_5d_z20=rel_shock_dn,open_tp1_0_sl2_0_cap1,open -> alvo 1% / stop 2% em ate 1 pregao,open,target_stop_swing,1.0000,2.0000,1,3,Posicao do fechamento no candle: fechou na metade inferior; Retorno acumulado 5D: queda de 5% a 8%; Retorno 5D em z-score 20D: muito abaixo do normal,"close_location_prev,prev_ret_5d,prev_ret_5d_z20",38,89.4737,0.6842,4.2500,34,4,0,0.0000,0.0000,18,100.0000,1.0000,20,80.0000,0.4000,10,100.0000,1.0000,INF,4,100.0000,1.0000,INF,75.8692,5.68336e-07,0.000782767,0.3684,0.9211,PASSOU 2/2 (—/100%/80%),9.1269e-05,652.5443,2021-07-14,2026-05-05
3,RECV3,r11_day_r11mini_RECV3_close_tp2_0_sl2_0_cap3__3f__bb_position_20=upper_band__days_to_options_expiry=mid__volume_ratio_5v20=low,close_tp2_0_sl2_0_cap3,close -> alvo 2% / stop 2% em ate 3 pregoes,close,target_stop_swing,2.0000,2.0000,3,3,Posicao nas Bandas de Bollinger 20D: fechou na metade superior; Dias ate vencimento de opcoes B3: vencimento medio; Volume 5D vs 20D: baixo,"bb_position_20,days_to_options_expiry,volume_ratio_5v20",36,83.3333,1.3333,5.0000,30,6,0,0.0000,0.0000,16,87.5000,1.5000,20,80.0000,1.2000,14,100.0000,2.0000,INF,4,50.0000,0.0000,1.0000,68.1089,3.1686e-05,9.14331e-05,0.7778,1.7778,PASSOU 2/2 (—/87%/80%),0.000891939,644.0894,2021-06-09,2026-04-13
1,RENT3,r11_day_r11day_RENT3_open_tp2_0_sl2_0_cap1__3f__close_vs_sma200=far_up__drawdown_5d=dd_6_10__prev_ret_5d=dn_5_8,open_tp2_0_sl2_0_cap1,open -> alvo 2% / stop 2% em ate 1 pregao,open,target_stop_swing,2.0000,2.0000,1,3,Fechamento vs MM200: muito acima; Queda desde maxima 5D: 6% a 10% abaixo da maxima; Retorno acumulado 5D: queda de 5% a 8%,"close_vs_sma200,drawdown_5d,prev_ret_5d",36,83.3333,1.3333,5.0000,30,6,24,83.3333,1.3333,10,80.0000,1.2000,2,100.0000,2.0000,10,100.0000,2.0000,INF,4,0.0000,-2.0000,0.0000,68.1089,3.1686e-05,0.000782767,0.8889,1.7778,PASSOU 2/2 (83%/80%/—),0.000891939,643.4274,2018-05-08,2026-04-28
2,RENT3,r11_day_r11mini_RENT3_open_tp2_0_sl2_0_cap2__3f__close_vs_sma200=far_up__drawdown_5d=dd_6_10__prev_ret_5d=dn_5_8,open_tp2_0_sl2_0_cap2,open -> alvo 2% / stop 2% em ate 2 pregoes,open,target_stop_swing,2.0000,2.0000,2,3,Fechamento vs MM200: muito acima; Queda desde maxima 5D: 6% a 10% abaixo da maxima; Retorno acumulado 5D: queda de 5% a 8%,"close_vs_sma200,drawdown_5d,prev_ret_5d",36,83.3333,1.3333,5.0000,30,6,24,83.3333,1.3333,10,80.0000,1.2000,2,100.0000,2.0000,10,100.0000,2.0000,INF,4,0.0000,-2.0000,0.0000,68.1089,3.1686e-05,0.000782767,0.8889,1.7778,PASSOU 2/2 (83%/80%/—),0.000891939,643.4274,2018-05-08,2026-04-28
3,RENT3,r11_day_r11mini_RENT3_open_tp2_0_sl2_0_cap3__3f__close_vs_sma200=far_up__drawdown_5d=dd_6_10__prev_ret_5d=dn_5_8,open_tp2_0_sl2_0_cap3,open -> alvo 2% / stop 2% em ate 3 pregoes,open,target_stop_swing,2.0000,2.0000,3,3,Fechamento vs MM200: muito acima; Queda desde maxima 5D: 6% a 10% abaixo da maxima; Retorno acumulado 5D: queda de 5% a 8%,"close_vs_sma200,drawdown_5d,prev_ret_5d",36,83.3333,1.3333,5.0000,30,6,24,83.3333,1.3333,10,80.0000,1.2000,2,100.0000,2.0000,10,100.0000,2.0000,INF,4,0.0000,-2.0000,0.0000,68.1089,3.1686e-05,0.000782767,0.8889,1.7778,PASSOU 2/2 (83%/80%/—),0.000891939,643.4274,2018-05-08,2026-04-28
1,SANB11,r11_day_r11day_SANB11_open_tp1_0_sl2_0_cap1__3f__close_vs_sma200=up_1_5__month_of_year=q3__range_position_5d=middle,open_tp1_0_sl2_0_cap1,open -> alvo 1% / stop 2% em ate 1 pregao,open,target_stop_swing,1.0000,2.0000,1,3,Fechamento vs MM200: acima leve; Mes do ano (trimestre): terceiro trimestre; Posicao no range 5D: fechou no meio,"close_vs_sma200,month_of_year,range_position_5d",38,94.7368,0.8421,9.0000,36,2,14,100.0000,1.0000,20,90.0000,0.7000,4,100.0000,1.0000,10,100.0000,1.0000,INF,0,0.0000,0.0000,0.0000,82.7142,1.74301e-08,0.000782767,0.6053,1.0000,PASSOU 3/3 (100%/90%/100%),1.08811e-05,674.9745,2018-07-24,2025-08-18
2,SANB11,r11_day_r11day_SANB11_open_tp1_0_sl2_0_cap1__3f__month_of_year=q1__sma20_vs_sma50=up_1_5__volume_ratio_20d=normal,open_tp1_0_sl2_0_cap1,open -> alvo 1% / stop 2% em ate 1 pregao,open,target_stop_swing,1.0000,2.0000,1,3,Mes do ano (trimestre): primeiro trimestre; MM20 vs MM50: acima leve; Volume vs media 20D: normal,"month_of_year,sma20_vs_sma50,volume_ratio_20d",42,90.4762,0.7143,4.7500,38,4,24,83.3333,0.5000,4,100.0000,1.0000,14,100.0000,1.0000,12,100.0000,1.0000,INF,8,75.0000,0.2500,1.5000,77.9346,7.77405e-08,0.00026605,0.4286,0.9286,PASSOU 3/3 (83%/100%/100%),2.78109e-05,660.0573,2018-01-05,2026-03-04
3,SANB11,r11_day_r11day_SANB11_open_tp1_0_sl2_0_cap1__3f__close_vs_ema21=up_5_10__day_of_week=thu__range_position_10d=near_high,open_tp1_0_sl2_0_cap1,open -> alvo 1% / stop 2% em ate 1 pregao,open,target_stop_swing,1.0000,2.0000,1,3,Fechamento vs EMA21: acima forte; Dia da semana: quinta-feira; Posicao no range 10D: fechou perto da maxima,"close_vs_ema21,day_of_week,range_position_10d",44,86.3636,0.6686,4.4272,38,4,22,81.8182,0.4545,10,80.0000,0.7417,12,100.0000,1.0000,10,100.0000,1.0000,INF,2,0.0000,-2.0000,0.0000,73.2903,7.03828e-07,0.000782767,0.3760,0.9025,PASSOU 3/3 (81%/80%/100%),0.000101521,644.8684,2018-01-25,2026-01-29
1,SBSP3,r11_day_r11day_SBSP3_open_tp1_0_sl2_0_cap1__3f__close_vs_ema200=up_5_10__range_position_10d=middle__upper_wick_ratio_prev=very_low,open_tp1_0_sl2_0_cap1,open -> alvo 1% / stop 2% em ate 1 pregao,open,target_stop_swing,1.0000,2.0000,1,3,Fechamento vs EMA200: acima forte; Posicao no range 10D: fechou no meio; Pavio superior do candle: muito baixo,"close_vs_ema200,range_position_10d,upper_wick_ratio_prev",38,94.7368,0.8421,9.0000,36,2,4,100.0000,1.0000,4,100.0000,1.0000,30,93.3333,0.8000,10,100.0000,1.0000,INF,2,100.0000,1.0000,INF,82.7142,1.74301e-08,0.000782767,0.6053,1.0000,PASSOU 3/3 (100%/100%/93%),1.08811e-05,674.9745,2019-09-27,2026-01-21
2,SBSP3,r11_day_r11mini_SBSP3_close_tp2_0_sl2_0_cap3__3f__close_vs_ema200=up_5_10__close_vs_ema9=near__prev_ret_1d_z20=rel_soft_dn,close_tp2_0_sl2_0_cap3,close -> alvo 2% / stop 2% em ate 3 pregoes,close,target_stop_swing,2.0000,2.0000,3,3,Fechamento vs EMA200: acima forte; Fechamento vs EMA9: perto do equilibrio; Retorno 1D em z-score 20D: levemente abaixo,"close_vs_ema200,close_vs_ema9,prev_ret_1d_z20",46,86.9565,1.4783,6.6667,40,6,8,100.0000,2.0000,4,100.0000,2.0000,34,82.3529,1.2941,12,100.0000,2.0000,INF,0,0.0000,0.0000,0.0000,74.3339,2.68332e-07,0.00026605,1.0435,1.8261,PASSOU 3/3 (100%/100%/82%),5.90807e-05,664.1744,2018-12-17,2025-08-11
3,SBSP3,r11_day_r11mini_SBSP3_close_tp2_0_sl2_0_cap3__3f__close_vs_ema200=up_5_10__close_vs_sma200=up_5_10__dollar_volume_ratio_20d=very_low,close_tp2_0_sl2_0_cap3,close -> alvo 2% / stop 2% em ate 3 pregoes,close,target_stop_swing,2.0000,2.0000,3,3,Fechamento vs EMA200: acima forte; Fechamento vs MM200: acima forte; Volume financeiro vs media 20D: muito baixo,"close_vs_ema200,close_vs_sma200,dollar_volume_ratio_20d",56,78.5714,1.2439,4.4828,44,10,12,83.3333,1.3333,2,100.0000,2.0000,42,76.1905,1.1823,10,100.0000,2.0000,INF,4,50.0000,0.0000,1.0000,66.1803,9.51298e-06,0.000782767,0.8153,1.6097,PASSOU 2/2 (83%/—/76%),0.000521021,637.0528,2018-12-17,2026-05-18
1,SLCE3,r11_day_r11day_SLCE3_open_tp1_0_sl2_0_cap1__3f__close_vs_ema200=dn_5_10__drawdown_10d=dd_1_3__sma5_vs_sma20=near,open_tp1_0_sl2_0_cap1,open -> alvo 1% / stop 2% em ate 1 pregao,open,target_stop_swing,1.0000,2.0000,1,3,Fechamento vs EMA200: abaixo forte; Queda desde maxima 10D: 1% a 3% abaixo da maxima; MM5 vs MM20: perto do equilibrio,"close_vs_ema200,drawdown_10d,sma5_vs_sma20",42,85.7143,0.5714,3.0000,36,6,32,81.2500,0.4375,0,0.0000,0.0000,10,100.0000,1.0000,10,100.0000,1.0000,INF,0,0.0000,0.0000,0.0000,72.1586,1.83825e-06,0.000782767,0.2143,0.8571,PASSOU 2/2 (81%/—/100%),0.000173117,640.1797,2019-04-09,2025-10-31
2,SLCE3,r11_day_r11day_SLCE3_open_tp1_0_sl2_0_cap1__3f__close_vs_sma200=dn_5_10__drawdown_20d=dd_6_10__volume_ratio_20d=normal,open_tp1_0_sl2_0_cap1,open -> alvo 1% / stop 2% em ate 1 pregao,open,target_stop_swing,1.0000,2.0000,1,3,Fechamento vs MM200: abaixo forte; Queda desde maxima 20D: 6% a 10% abaixo da maxima; Volume vs media 20D: normal,"close_vs_sma200,drawdown_20d,volume_ratio_20d",30,86.6667,0.7025,5.2776,26,2,4,100.0000,1.0000,6,66.6667,0.0000,20,90.0000,0.8537,12,100.0000,1.0000,INF,0,0.0000,0.0000,0.0000,70.3183,2.9532e-05,0.00026605,0.4025,0.9512,PASSOU 3/3 (100%/66%/90%),0.000891939,636.9996,2019-10-01,2025-09-26
3,SLCE3,r11_day_r11day_SLCE3_open_tp1_0_sl2_0_cap1__3f__day_of_month_bucket=end__prev_ret_2d=flat__prev_ret_5d_z20=rel_soft_dn,open_tp1_0_sl2_0_cap1,open -> alvo 1% / stop 2% em ate 1 pregao,open,target_stop_swing,1.0000,2.0000,1,3,Dia do mes (bucket): fim do mes; Retorno acumulado 2D: neutro; Retorno 5D em z-score 20D: levemente abaixo,"day_of_month_bucket,prev_ret_2d,prev_ret_5d_z20",36,83.3333,0.5612,3.0625,30,4,8,100.0000,1.0000,4,100.0000,1.0000,24,75.0000,0.3418,10,100.0000,1.0000,INF,0,0.0000,0.0000,0.0000,68.1089,3.1686e-05,0.000782767,0.2143,0.8639,PASSOU 3/3 (100%/100%/75%),0.000891939,628.0306,2019-01-28,2025-10-30
1,SMFT3,r11_day_r11mini_SMFT3_open_tp3_0_sl2_0_cap2__3f__days_to_options_expiry=mid__sma20_slope_5d=dn_1_5__sma50_slope_10d=dn_1_5,open_tp3_0_sl2_0_cap2,open -> alvo 3% / stop 2% em ate 2 pregoes,open,target_stop_swing,3.0000,2.0000,2,3,Dias ate vencimento de opcoes B3: vencimento medio; Inclinacao da MM20 em 5D: abaixo leve; Inclinacao da MM50 em 10D: abaixo leve,"days_to_options_expiry,sma20_slope_5d,sma50_slope_10d",38,84.2105,2.2105,8.0000,32,6,0,0.0000,0.0000,8,100.0000,3.0000,30,80.0000,2.0000,10,100.0000,3.0000,INF,16,75.0000,1.7500,4.5000,69.5829,1.23451e-05,0.000782767,1.5526,2.7368,PASSOU 2/2 (—/100%/80%),0.000529781,663.1590,2021-11-09,2026-05-07
2,SMFT3,r11_day_r11mini_SMFT3_open_tp3_0_sl2_0_cap3__3f__days_to_options_expiry=mid__sma20_slope_5d=dn_1_5__sma50_slope_10d=dn_1_5,open_tp3_0_sl2_0_cap3,open -> alvo 3% / stop 2% em ate 3 pregoes,open,target_stop_swing,3.0000,2.0000,3,3,Dias ate vencimento de opcoes B3: vencimento medio; Inclinacao da MM20 em 5D: abaixo leve; Inclinacao da MM50 em 10D: abaixo leve,"days_to_options_expiry,sma20_slope_5d,sma50_slope_10d",38,84.2105,2.2105,8.0000,32,6,0,0.0000,0.0000,8,100.0000,3.0000,30,80.0000,2.0000,10,100.0000,3.0000,INF,16,75.0000,1.7500,4.5000,69.5829,1.23451e-05,0.000782767,1.5526,2.7368,PASSOU 2/2 (—/100%/80%),0.000529781,663.1590,2021-11-09,2026-05-07
3,SMFT3,r11_day_r11mini_SMFT3_open_tp3_0_sl2_5_cap2__3f__days_to_options_expiry=mid__sma20_slope_5d=dn_1_5__sma50_slope_10d=dn_1_5,open_tp3_0_sl2_5_cap2,open -> alvo 3% / stop 2.5% em ate 2 pregoes,open,target_stop_swing,3.0000,2.5000,2,3,Dias ate vencimento de opcoes B3: vencimento medio; Inclinacao da MM20 em 5D: abaixo leve; Inclinacao da MM50 em 10D: abaixo leve,"days_to_options_expiry,sma20_slope_5d,sma50_slope_10d",38,84.2105,2.1316,6.4000,32,6,0,0.0000,0.0000,8,100.0000,3.0000,30,80.0000,1.9000,10,100.0000,3.0000,INF,16,75.0000,1.6250,3.6000,69.5829,1.23451e-05,0.000782767,1.4079,2.7105,PASSOU 2/2 (—/100%/80%),0.000529781,662.0014,2021-11-09,2026-05-07
1,SUZB3,r11_day_r11mini_SUZB3_open_tp2_0_sl2_0_cap2__3f__day_of_month_bucket=start__drawdown_20d=dd_3_6__positive_days_5d=soft_weak,open_tp2_0_sl2_0_cap2,open -> alvo 2% / stop 2% em ate 2 pregoes,open,target_stop_swing,2.0000,2.0000,2,3,Dia do mes (bucket): inicio do mes; Queda desde maxima 20D: 3% a 6% abaixo da maxima; Dias positivos nos ultimos 5 pregoes: 2 dias positivos em 5D,"day_of_month_bucket,drawdown_20d,positive_days_5d",40,85.0000,1.4508,6.8226,34,4,18,88.8889,1.5556,10,100.0000,2.0000,12,66.6667,0.8361,12,100.0000,2.0000,INF,2,0.0000,-2.0000,0.0000,70.9274,4.77748e-06,0.00026605,1.0508,1.8254,PASSOU 3/3 (88%/100%/66%),0.000307505,654.0133,2018-01-02,2026-03-05
2,SUZB3,r11_day_r11mini_SUZB3_open_tp2_0_sl2_0_cap3__3f__day_of_month_bucket=start__drawdown_20d=dd_3_6__positive_days_5d=soft_weak,open_tp2_0_sl2_0_cap3,open -> alvo 2% / stop 2% em ate 3 pregoes,open,target_stop_swing,2.0000,2.0000,3,3,Dia do mes (bucket): inicio do mes; Queda desde maxima 20D: 3% a 6% abaixo da maxima; Dias positivos nos ultimos 5 pregoes: 2 dias positivos em 5D,"day_of_month_bucket,drawdown_20d,positive_days_5d",40,85.0000,1.4281,6.2515,34,4,18,88.8889,1.5556,10,100.0000,2.0000,12,66.6667,0.7602,12,100.0000,2.0000,INF,2,0.0000,-2.0000,0.0000,70.9274,4.77748e-06,0.00026605,1.0281,1.8140,PASSOU 3/3 (88%/100%/66%),0.000307505,653.8317,2018-01-02,2026-03-05
3,SUZB3,r11_day_r11day_SUZB3_open_tp1_0_sl2_0_cap1__3f__day_of_month_bucket=start__range_position_10d=middle__range_position_20d=middle,open_tp1_0_sl2_0_cap1,open -> alvo 1% / stop 2% em ate 1 pregao,open,target_stop_swing,1.0000,2.0000,1,3,Dia do mes (bucket): inicio do mes; Posicao no range 10D: fechou no meio; Posicao no range 20D: fechou no meio,"day_of_month_bucket,range_position_10d,range_position_20d",50,80.0000,0.4650,2.3884,40,8,24,75.0000,0.3855,14,71.4286,0.1429,12,100.0000,1.0000,10,100.0000,1.0000,INF,0,0.0000,0.0000,0.0000,66.9626,1.10526e-05,0.000782767,0.1426,0.7376,PASSOU 3/3 (75%/71%/100%),0.000526325,624.0181,2018-01-04,2025-12-03
1,TAEE11,r11_day_r11day_TAEE11_open_tp1_0_sl1_5_cap1__3f__body_ratio_prev=very_low__close_vs_ema21=up_1_5__prev_ret_10d=up_3_5,open_tp1_0_sl1_5_cap1,open -> alvo 1% / stop 1.5% em ate 1 pregao,open,target_stop_swing,1.0000,1.5000,1,3,Corpo do candle de referencia: muito baixo; Fechamento vs EMA21: acima leve; Retorno acumulado 10D: alta de 3% a 5%,"body_ratio_prev,close_vs_ema21,prev_ret_10d",54,85.1852,0.7360,6.2542,46,4,26,76.9231,0.5888,10,80.0000,0.6436,18,100.0000,1.0000,10,100.0000,1.0000,INF,2,100.0000,1.0000,INF,73.3996,1.16548e-07,0.000782767,0.5311,0.9074,PASSOU 3/3 (76%/80%/100%),3.49272e-05,646.4371,2018-02-26,2026-02-18
2,TAEE11,r11_day_r11day_TAEE11_open_tp1_0_sl2_0_cap1__3f__body_ratio_prev=very_low__close_vs_ema21=up_1_5__prev_ret_10d=up_3_5,open_tp1_0_sl2_0_cap1,open -> alvo 1% / stop 2% em ate 1 pregao,open,target_stop_swing,1.0000,2.0000,1,3,Corpo do candle de referencia: muito baixo; Fechamento vs EMA21: acima leve; Retorno acumulado 10D: alta de 3% a 5%,"body_ratio_prev,close_vs_ema21,prev_ret_10d",54,85.1852,0.6990,4.9464,46,4,26,76.9231,0.5119,10,80.0000,0.6436,18,100.0000,1.0000,10,100.0000,1.0000,INF,2,100.0000,1.0000,INF,73.3996,1.16548e-07,0.000782767,0.4663,0.8923,PASSOU 3/3 (76%/80%/100%),3.49272e-05,645.9187,2018-02-26,2026-02-18
3,TAEE11,r11_day_r11day_TAEE11_open_tp1_0_sl2_0_cap1__3f__day_of_week=mon__positive_days_5d=soft_strong__prev_ret_3d=up_1_3,open_tp1_0_sl2_0_cap1,open -> alvo 1% / stop 2% em ate 1 pregao,open,target_stop_swing,1.0000,2.0000,1,3,Dia da semana: segunda-feira; Dias positivos nos ultimos 5 pregoes: 3 dias positivos em 5D; Retorno acumulado 3D: alta de 1% a 3%,"day_of_week,positive_days_5d,prev_ret_3d",60,80.0000,0.5862,3.7413,48,4,36,83.3333,0.5655,10,80.0000,0.6402,14,71.4286,0.6007,12,100.0000,1.0000,INF,2,100.0000,1.0000,INF,68.2180,1.6811e-06,0.00026605,0.3448,0.7934,PASSOU 3/3 (83%/80%/71%),0.000170974,630.2371,2018-02-26,2026-04-06
1,TIMS3,r11_day_r11day_TIMS3_open_tp1_0_sl2_0_cap1__3f__gap_vs_atr14=rel_soft_dn__prev_ret_1d=flat__prev_ret_3d=up_1_3,open_tp1_0_sl2_0_cap1,open -> alvo 1% / stop 2% em ate 1 pregao,open,target_stop_swing,1.0000,2.0000,1,3,Gap vs ATR14: levemente abaixo; Retorno acumulado 1D: neutro; Retorno acumulado 3D: alta de 1% a 3%,"gap_vs_atr14,prev_ret_1d,prev_ret_3d",40,90.0000,0.7000,4.5000,36,4,20,80.0000,0.4000,8,100.0000,1.0000,12,100.0000,1.0000,10,100.0000,1.0000,INF,2,0.0000,-2.0000,0.0000,76.9479,2.10372e-07,0.000782767,0.4000,0.9250,PASSOU 3/3 (80%/100%/100%),5.10116e-05,656.0332,2018-01-03,2026-03-18
2,TIMS3,r11_day_r11day_TIMS3_open_tp1_0_sl2_0_cap1__3f__atr14_pct=normal__gap_vs_atr14=rel_soft_dn__gap_vs_range20=rel_soft_dn,open_tp1_0_sl2_0_cap1,open -> alvo 1% / stop 2% em ate 1 pregao,open,target_stop_swing,1.0000,2.0000,1,3,ATR14 em % do preco: normal; Gap vs ATR14: levemente abaixo; Gap vs range medio 20D: levemente abaixo,"atr14_pct,gap_vs_atr14,gap_vs_range20",84,80.9524,0.5815,3.4745,68,8,40,80.0000,0.5883,24,83.3333,0.5303,20,80.0000,0.6291,12,100.0000,1.0000,INF,2,100.0000,1.0000,INF,71.2761,7.00847e-09,0.00026605,0.3677,0.7685,PASSOU 3/3 (80%/83%/80%),6.26165e-06,639.5946,2018-03-23,2026-05-12
3,TIMS3,r11_day_r11day_TIMS3_open_tp1_0_sl2_0_cap1__3f__gap_vs_atr14=rel_soft_dn__positive_days_5d=soft_strong__sma20_slope_5d=up_1_5,open_tp1_0_sl2_0_cap1,open -> alvo 1% / stop 2% em ate 1 pregao,open,target_stop_swing,1.0000,2.0000,1,3,Gap vs ATR14: levemente abaixo; Dias positivos nos ultimos 5 pregoes: 3 dias positivos em 5D; Inclinacao da MM20 em 5D: acima leve,"gap_vs_atr14,positive_days_5d,sma20_slope_5d",30,86.6667,0.7198,5.9004,26,2,18,88.8889,0.6667,2,100.0000,1.0000,10,80.0000,0.7593,16,100.0000,1.0000,INF,4,50.0000,-0.5000,0.5000,70.3183,2.9532e-05,3.1686e-05,0.4396,0.9599,PASSOU 2/2 (88%/—/80%),0.000891939,638.6378,2018-01-10,2026-03-11
1,TOTS3,r11_day_r11mini_TOTS3_close_tp2_0_sl1_5_cap3__3f__days_since_options_expiry=settled__prev_ret_5d_z20=rel_dn__rsi_14=neutral_low,close_tp2_0_sl1_5_cap3,close -> alvo 2% / stop 1.5% em ate 3 pregoes,close,target_stop_swing,2.0000,1.5000,3,3,Dias desde vencimento de opcoes B3: ja distante do vencimento; Retorno 5D em z-score 20D: abaixo do normal; RSI 14 periodos: RSI neutro baixo,"days_since_options_expiry,prev_ret_5d_z20,rsi_14",56,82.1429,1.3750,6.1333,46,10,14,85.7143,1.5000,14,71.4286,1.0000,28,85.7143,1.5000,10,100.0000,2.0000,INF,6,33.3333,-0.3333,0.6667,70.1586,7.52986e-07,0.000782767,1.0000,1.6875,PASSOU 3/3 (85%/71%/85%),0.000103217,650.4653,2018-06-22,2026-04-22
2,TOTS3,r11_day_r11mini_TOTS3_close_tp2_0_sl2_0_cap3__3f__days_since_options_expiry=settled__prev_ret_5d_z20=rel_dn__rsi_14=neutral_low,close_tp2_0_sl2_0_cap3,close -> alvo 2% / stop 2% em ate 3 pregoes,close,target_stop_swing,2.0000,2.0000,3,3,Dias desde vencimento de opcoes B3: ja distante do vencimento; Retorno 5D em z-score 20D: abaixo do normal; RSI 14 periodos: RSI neutro baixo,"days_since_options_expiry,prev_ret_5d_z20,rsi_14",56,82.1429,1.2857,4.6000,46,10,14,85.7143,1.4286,14,71.4286,0.8571,28,85.7143,1.4286,10,100.0000,2.0000,INF,6,33.3333,-0.6667,0.5000,70.1586,7.52986e-07,0.000782767,0.8571,1.6429,PASSOU 3/3 (85%/71%/85%),0.000103217,649.3221,2018-06-22,2026-04-22
3,TOTS3,r11_day_r11mini_TOTS3_open_tp3_0_sl2_5_cap3__3f__close_vs_sma5=up_1_5__prev_ret_1d=up_3_5__prev_ret_2d=up_5_8,open_tp3_0_sl2_5_cap3,open -> alvo 3% / stop 2.5% em ate 3 pregoes,open,target_stop_swing,3.0000,2.5000,3,3,Fechamento vs MM5: acima leve; Retorno acumulado 1D: alta de 3% a 5%; Retorno acumulado 2D: alta de 5% a 8%,"close_vs_sma5,prev_ret_1d,prev_ret_2d",36,77.7778,1.7778,4.2000,28,8,16,75.0000,1.6250,12,83.3333,2.0833,8,75.0000,1.6250,10,100.0000,3.0000,INF,0,0.0000,0.0000,0.0000,61.9150,0.000429117,0.000782767,1.0139,2.3889,PASSOU 3/3 (75%/83%/75%),0.00458611,635.8457,2018-04-19,2025-11-07
1,UGPA3,r11_day_r11day_UGPA3_open_tp1_0_sl2_0_same_day__3f__engulfing_prev=bearish__intraday_return_prev=dn_1_3__vol_ratio_5v20=very_low,open_tp1_0_sl2_0_same_day,open -> alvo 1% / stop 2% no mesmo dia,open,target_stop_same_day,1.0000,2.0000,0,3,Engolfo do candle de referencia: engolfo de baixa; Retorno intraday do candle de referencia: queda de 1% a 3%; Volatilidade 5D vs 20D: muito baixo,"engulfing_prev,intraday_return_prev,vol_ratio_5v20",36,83.3333,0.5990,3.5561,30,4,26,92.3077,0.7692,8,75.0000,0.2500,2,0.0000,-0.2181,10,100.0000,1.0000,INF,4,50.0000,-0.5000,0.5000,68.1089,3.1686e-05,0.000782767,0.2657,0.8828,PASSOU 2/2 (92%/75%/—),0.000891939,628.4418,2018-03-06,2026-04-30
2,UGPA3,r11_day_r11mini_UGPA3_close_tp2_0_sl2_0_cap3__3f__close_vs_ema200=far_dn__close_vs_ema9=dn_1_5__prev_ret_5d_z20=rel_shock_dn,close_tp2_0_sl2_0_cap3,close -> alvo 2% / stop 2% em ate 3 pregoes,close,target_stop_swing,2.0000,2.0000,3,3,Fechamento vs EMA200: muito abaixo; Fechamento vs EMA9: abaixo leve; Retorno 5D em z-score 20D: muito abaixo do normal,"close_vs_ema200,close_vs_ema9,prev_ret_5d_z20",82,73.1707,1.0529,3.3738,60,18,62,74.1935,0.9677,2,100.0000,2.0000,18,66.6667,1.2409,14,100.0000,2.0000,INF,0,0.0000,0.0000,0.0000,62.7036,1.35681e-05,9.14331e-05,0.6926,1.4022,PASSOU 2/2 (74%/—/66%),0.000575363,627.1919,2018-05-21,2025-07-22
3,UGPA3,r11_day_r11mini_UGPA3_close_tp2_0_sl2_0_cap3__3f__atr_return_5d=rel_dn__positive_days_10d=neutral__volume_ratio_20d=very_low,close_tp2_0_sl2_0_cap3,close -> alvo 2% / stop 2% em ate 3 pregoes,close,target_stop_swing,2.0000,2.0000,3,3,Retorno 5D normalizado por ATR: abaixo do normal; Dias positivos nos ultimos 10 pregoes: 4 a 5 dias positivos em 10D; Volume vs media 20D: muito baixo,"atr_return_5d,positive_days_10d,volume_ratio_20d",72,69.4444,0.8281,2.4766,50,20,22,63.6364,0.5455,26,61.5385,0.4615,24,83.3333,1.4843,14,100.0000,2.0000,INF,2,0.0000,0.1376,INF,58.0455,0.000483773,9.14331e-05,0.4140,1.2170,PASSOU 3/3 (63%/61%/83%),0.00473361,610.9888,2018-06-26,2026-04-24
1,USIM5,r11_day_r11mini_USIM5_close_tp2_0_sl2_0_cap3__3f__intraday_return_prev=dn_3_5__rsi_14=neutral_low__sma50_slope_10d=near,close_tp2_0_sl2_0_cap3,close -> alvo 2% / stop 2% em ate 3 pregoes,close,target_stop_swing,2.0000,2.0000,3,3,Retorno intraday do candle de referencia: queda de 3% a 5%; RSI 14 periodos: RSI neutro baixo; Inclinacao da MM50 em 10D: perto do equilibrio,"intraday_return_prev,rsi_14,sma50_slope_10d",34,88.2353,1.5294,7.5000,30,4,12,83.3333,1.3333,16,100.0000,2.0000,6,66.6667,0.6667,10,100.0000,2.0000,INF,0,0.0000,0.0000,0.0000,73.3788,4.12146e-06,0.000782767,1.0588,1.8824,PASSOU 3/3 (83%/100%/66%),0.000297677,660.5963,2018-04-27,2025-10-10
2,USIM5,r11_day_r11mini_USIM5_close_tp2_0_sl2_0_cap2__3f__intraday_return_prev=dn_3_5__prev_ret_1d=dn_3_5__sma50_slope_10d=near,close_tp2_0_sl2_0_cap2,close -> alvo 2% / stop 2% em ate 2 pregoes,close,target_stop_swing,2.0000,2.0000,2,3,Retorno intraday do candle de referencia: queda de 3% a 5%; Retorno acumulado 1D: queda de 3% a 5%; Inclinacao da MM50 em 10D: perto do equilibrio,"intraday_return_prev,prev_ret_1d,sma50_slope_10d",44,81.8182,1.2727,4.5000,36,8,18,88.8889,1.5556,16,87.5000,1.5000,10,60.0000,0.4000,10,100.0000,2.0000,INF,0,0.0000,0.0000,0.0000,68.0392,1.21603e-05,0.000782767,0.8182,1.6364,PASSOU 3/3 (88%/87%/60%),0.000529781,642.6527,2018-01-05,2025-10-10
3,USIM5,r11_day_r11mini_USIM5_close_tp2_0_sl2_0_cap3__3f__intraday_return_prev=dn_3_5__prev_ret_1d=dn_3_5__sma50_slope_10d=near,close_tp2_0_sl2_0_cap3,close -> alvo 2% / stop 2% em ate 3 pregoes,close,target_stop_swing,2.0000,2.0000,3,3,Retorno intraday do candle de referencia: queda de 3% a 5%; Retorno acumulado 1D: queda de 3% a 5%; Inclinacao da MM50 em 10D: perto do equilibrio,"intraday_return_prev,prev_ret_1d,sma50_slope_10d",44,81.8182,1.2727,4.5000,36,8,18,88.8889,1.5556,16,87.5000,1.5000,10,60.0000,0.4000,10,100.0000,2.0000,INF,0,0.0000,0.0000,0.0000,68.0392,1.21603e-05,0.000782767,0.8182,1.6364,PASSOU 3/3 (88%/87%/60%),0.000529781,642.6527,2018-01-05,2025-10-10
1,VALE3,r11_day_r11day_VALE3_close_tp1_0_sl2_0_cap1__3f__atr_return_5d=rel_near__close_vs_ema21=up_1_5__prev_ret_10d=up_5_8,close_tp1_0_sl2_0_cap1,close -> alvo 1% / stop 2% em ate 1 pregao,close,target_stop_swing,1.0000,2.0000,1,3,Retorno 5D normalizado por ATR: perto do normal; Fechamento vs EMA21: acima leve; Retorno acumulado 10D: alta de 5% a 8%,"atr_return_5d,close_vs_ema21,prev_ret_10d",32,81.2500,0.5514,3.1119,26,4,18,88.8889,0.8692,12,66.6667,0.0000,2,100.0000,1.0000,14,85.7143,0.8199,23.0156,2,100.0000,1.0000,INF,64.6905,0.000203518,0.0037632,0.1598,0.8695,PASSOU 2/2 (88%/66%/—),0.00280542,559.9464,2018-02-22,2026-01-05
2,VALE3,r11_day_r11day_VALE3_open_tp1_0_sl1_5_cap1__3f__atr14_pct=normal__bb_position_20=near_high__sma50_slope_10d=up_1_5,open_tp1_0_sl1_5_cap1,open -> alvo 1% / stop 1.5% em ate 1 pregao,open,target_stop_swing,1.0000,1.5000,1,3,ATR14 em % do preco: normal; Posicao nas Bandas de Bollinger 20D: fechou perto da maxima; Inclinacao da MM50 em 10D: acima leve,"atr14_pct,bb_position_20,sma50_slope_10d",34,73.5294,0.4070,2.2400,25,7,21,71.4286,0.3971,7,85.7143,0.6429,6,66.6667,0.1667,12,91.6667,0.8510,13.9678,0,0.0000,0.0000,0.0000,56.8825,0.00303504,0.00194627,0.0733,0.7408,PASSOU 3/3 (71%/85%/66%),0.0143438,559.2354,2018-01-05,2025-12-03
3,VALE3,r11_day_r11day_VALE3_open_tp1_0_sl1_5_cap1__3f__atr14_pct=normal__bb_position_20=near_high__days_since_options_expiry=far,open_tp1_0_sl1_5_cap1,open -> alvo 1% / stop 1.5% em ate 1 pregao,open,target_stop_swing,1.0000,1.5000,1,3,ATR14 em % do preco: normal; Posicao nas Bandas de Bollinger 20D: fechou perto da maxima; Dias desde vencimento de opcoes B3: muito apos vencimento,"atr14_pct,bb_position_20,days_since_options_expiry",58,68.9655,0.3260,1.8964,40,13,37,70.2703,0.3472,12,66.6667,0.1667,9,66.6667,0.4512,12,91.6667,0.7917,7.3333,6,50.0000,-0.2500,0.6667,56.1967,0.001934,0.00194627,0.0521,0.5874,PASSOU 3/3 (70%/66%/66%),0.0109773,556.4154,2018-01-05,2026-04-06
1,VAMO3,r11_day_r11mini_VAMO3_close_tp3_0_sl2_5_cap3__3f__atr14_pct=very_high__day_of_month_bucket=end__gap_pct=flat,close_tp3_0_sl2_5_cap3,close -> alvo 3% / stop 2.5% em ate 3 pregoes,close,target_stop_swing,3.0000,2.5000,3,3,ATR14 em % do preco: muito alto; Dia do mes (bucket): fim do mes; Gap da abertura: neutro,"atr14_pct,day_of_month_bucket,gap_pct",50,76.0000,1.8371,4.6742,38,10,0,0.0000,0.0000,24,75.0000,1.6250,26,76.9231,2.0329,14,100.0000,3.0000,INF,4,0.0000,-2.5000,0.0000,62.5871,0.000118049,9.14331e-05,1.1771,2.4185,PASSOU 2/2 (—/75%/76%),0.00216685,640.7184,2021-03-26,2026-04-27
2,VAMO3,r11_day_r11mini_VAMO3_open_tp3_0_sl2_5_cap3__3f__close_vs_ema200=far_dn__sma20_vs_sma50=far_dn__vol_ratio_5v20=very_low,open_tp3_0_sl2_5_cap3,open -> alvo 3% / stop 2.5% em ate 3 pregoes,open,target_stop_swing,3.0000,2.5000,3,3,Fechamento vs EMA200: muito abaixo; MM20 vs MM50: muito abaixo; Volatilidade 5D vs 20D: muito baixo,"close_vs_ema200,sma20_vs_sma50,vol_ratio_5v20",42,76.1905,1.6905,3.8400,32,10,0,0.0000,0.0000,14,85.7143,2.2143,28,71.4286,1.4286,10,100.0000,3.0000,INF,0,0.0000,0.0000,0.0000,61.4722,0.000343604,0.000782767,1.0357,2.3452,PASSOU 2/2 (—/85%/71%),0.00396721,634.6917,2021-12-01,2025-11-04
3,VAMO3,r11_day_r11mini_VAMO3_open_tp3_0_sl2_5_cap3__3f__close_vs_sma200=far_dn__sma20_vs_sma50=far_dn__vol_ratio_5v20=very_low,open_tp3_0_sl2_5_cap3,open -> alvo 3% / stop 2.5% em ate 3 pregoes,open,target_stop_swing,3.0000,2.5000,3,3,Fechamento vs MM200: muito abaixo; MM20 vs MM50: muito abaixo; Volatilidade 5D vs 20D: muito baixo,"close_vs_sma200,sma20_vs_sma50,vol_ratio_5v20",42,76.1905,1.6905,3.8400,32,10,0,0.0000,0.0000,14,85.7143,2.2143,28,71.4286,1.4286,10,100.0000,3.0000,INF,0,0.0000,0.0000,0.0000,61.4722,0.000343604,0.000782767,1.0357,2.3452,PASSOU 2/2 (—/85%/71%),0.00396721,634.6917,2021-12-01,2025-11-04
1,VBBR3,r11_day_r11mini_VBBR3_close_tp2_0_sl2_0_cap2__3f__close_vs_ema200=up_5_10__lower_wick_ratio_prev=very_low__rebound_10d=reb_6_10,close_tp2_0_sl2_0_cap2,close -> alvo 2% / stop 2% em ate 2 pregoes,close,target_stop_swing,2.0000,2.0000,2,3,Fechamento vs EMA200: acima forte; Pavio inferior do candle: muito baixo; Distancia desde minima 10D: 6% a 10% acima da minima,"close_vs_ema200,lower_wick_ratio_prev,rebound_10d",32,81.2500,1.4346,6.7385,26,4,12,83.3333,1.3333,6,100.0000,2.0000,14,71.4286,1.2791,10,100.0000,2.0000,INF,0,0.0000,0.0000,0.0000,64.6905,0.000203518,0.000782767,0.9943,1.8423,PASSOU 3/3 (83%/100%/71%),0.00280542,634.0154,2019-04-04,2025-08-22
2,VBBR3,r11_day_r11mini_VBBR3_close_tp2_0_sl2_0_cap3__3f__close_vs_ema200=up_5_10__lower_wick_ratio_prev=very_low__rebound_10d=reb_6_10,close_tp2_0_sl2_0_cap3,close -> alvo 2% / stop 2% em ate 3 pregoes,close,target_stop_swing,2.0000,2.0000,3,3,Fechamento vs EMA200: acima forte; Pavio inferior do candle: muito baixo; Distancia desde minima 10D: 6% a 10% acima da minima,"close_vs_ema200,lower_wick_ratio_prev,rebound_10d",32,81.2500,1.3343,5.5908,26,4,12,83.3333,1.3333,6,100.0000,2.0000,14,71.4286,1.0499,10,100.0000,2.0000,INF,0,0.0000,0.0000,0.0000,64.6905,0.000203518,0.000782767,0.8765,1.7922,PASSOU 3/3 (83%/100%/71%),0.00280542,633.0730,2019-04-04,2025-08-22
3,VBBR3,r11_day_r11day_VBBR3_open_tp1_0_sl2_0_cap1__3f__close_vs_sma200=up_5_10__compression_3v20=high__volume_ratio_5v20=normal,open_tp1_0_sl2_0_cap1,open -> alvo 1% / stop 2% em ate 1 pregao,open,target_stop_swing,1.0000,2.0000,1,3,Fechamento vs MM200: acima forte; Compressao 3D vs 20D: alto; Volume 5D vs 20D: normal,"close_vs_sma200,compression_3v20,volume_ratio_5v20",38,84.2105,0.5263,2.6667,32,6,20,90.0000,0.7000,10,80.0000,0.4000,8,75.0000,0.2500,10,100.0000,1.0000,INF,0,0.0000,0.0000,0.0000,69.5829,1.23451e-05,0.000782767,0.1316,0.8421,PASSOU 3/3 (90%/80%/75%),0.000529781,631.7910,2019-03-25,2025-07-22
1,VIVA3,r11_day_r11mini_VIVA3_open_tp2_0_sl2_0_cap2__3f__close_vs_ema200=far_dn__day_of_month_bucket=second_half__prev_ret_1d_z20=rel_soft_dn,open_tp2_0_sl2_0_cap2,open -> alvo 2% / stop 2% em ate 2 pregoes,open,target_stop_swing,2.0000,2.0000,2,3,Fechamento vs EMA200: muito abaixo; Dia do mes (bucket): segunda metade; Retorno 1D em z-score 20D: levemente abaixo,"close_vs_ema200,day_of_month_bucket,prev_ret_1d_z20",42,80.9524,1.2381,4.2500,34,8,0,0.0000,0.0000,22,72.7273,0.9091,20,90.0000,1.6000,12,100.0000,2.0000,INF,8,25.0000,-0.5450,0.4785,66.6989,3.0132e-05,0.00026605,0.7619,1.7143,PASSOU 2/2 (—/72%/90%),0.000891939,639.0166,2021-12-17,2026-05-22
2,VIVA3,r11_day_r11mini_VIVA3_open_tp2_0_sl2_0_cap3__3f__close_vs_ema200=far_dn__day_of_month_bucket=second_half__prev_ret_1d_z20=rel_soft_dn,open_tp2_0_sl2_0_cap3,open -> alvo 2% / stop 2% em ate 3 pregoes,open,target_stop_swing,2.0000,2.0000,3,3,Fechamento vs EMA200: muito abaixo; Dia do mes (bucket): segunda metade; Retorno 1D em z-score 20D: levemente abaixo,"close_vs_ema200,day_of_month_bucket,prev_ret_1d_z20",42,80.9524,1.2381,4.2500,34,8,0,0.0000,0.0000,22,72.7273,0.9091,20,90.0000,1.6000,12,100.0000,2.0000,INF,8,25.0000,-0.5450,0.4785,66.6989,3.0132e-05,0.00026605,0.7619,1.7143,PASSOU 2/2 (—/72%/90%),0.000891939,639.0166,2021-12-17,2026-05-22
3,VIVA3,r11_day_r11mini_VIVA3_close_tp2_0_sl2_0_cap2__3f__atr_return_5d=rel_shock_dn__close_vs_sma5=dn_1_5__prev_ret_1d=dn_1_3,close_tp2_0_sl2_0_cap2,close -> alvo 2% / stop 2% em ate 2 pregoes,close,target_stop_swing,2.0000,2.0000,2,3,Retorno 5D normalizado por ATR: muito abaixo do normal; Fechamento vs MM5: abaixo leve; Retorno acumulado 1D: queda de 1% a 3%,"atr_return_5d,close_vs_sma5,prev_ret_1d",30,100.0000,2.0000,INF,30,0,4,100.0000,2.0000,10,100.0000,2.0000,16,100.0000,2.0000,10,80.0000,1.2000,4.0000,10,40.0000,-0.4000,0.6667,88.6483,2.16546e-08,0.0288897,2.0000,2.0000,PASSOU 3/3 (100%/100%/100%),1.19077e-05,625.9344,2020-03-02,2026-04-28
1,VIVT3,r11_day_r11day_VIVT3_open_tp1_0_sl1_5_cap1__3f__atr_return_5d=rel_soft_dn__gap_vs_atr14=rel_soft_dn__rebound_5d=reb_1_3,open_tp1_0_sl1_5_cap1,open -> alvo 1% / stop 1.5% em ate 1 pregao,open,target_stop_swing,1.0000,1.5000,1,3,Retorno 5D normalizado por ATR: levemente abaixo; Gap vs ATR14: levemente abaixo; Distancia desde minima 5D: 1% a 3% acima da minima,"atr_return_5d,gap_vs_atr14,rebound_5d",38,89.4737,0.8331,11.5527,34,2,18,100.0000,1.0000,14,85.7143,0.6429,6,66.6667,0.7764,10,100.0000,1.0000,INF,6,66.6667,0.1667,1.3333,75.8692,5.68336e-07,0.000782767,0.6181,0.9823,PASSOU 3/3 (100%/85%/66%),9.1269e-05,654.5419,2018-01-05,2026-04-22
2,VIVT3,r11_day_r11day_VIVT3_open_tp1_0_sl1_5_cap1__3f__atr_return_5d=rel_soft_dn__close_location_prev=upper_band__prev_ret_2d=flat,open_tp1_0_sl1_5_cap1,open -> alvo 1% / stop 1.5% em ate 1 pregao,open,target_stop_swing,1.0000,1.5000,1,3,Retorno 5D normalizado por ATR: levemente abaixo; Posicao do fechamento no candle: fechou na metade superior; Retorno acumulado 2D: neutro,"atr_return_5d,close_location_prev,prev_ret_2d",56,85.7143,0.7082,5.4065,48,6,18,88.8889,0.7222,24,91.6667,0.7917,14,71.4286,0.5470,10,100.0000,1.0000,INF,8,50.0000,-0.2500,0.6667,74.2638,4.52503e-08,0.000782767,0.4969,0.8955,PASSOU 3/3 (88%/91%/71%),1.90094e-05,648.7561,2018-01-10,2026-05-04
3,VIVT3,r11_day_r11day_VIVT3_open_tp1_0_sl2_0_cap1__3f__atr_return_5d=rel_soft_dn__close_location_prev=upper_band__prev_ret_2d=flat,open_tp1_0_sl2_0_cap1,open -> alvo 1% / stop 2% em ate 1 pregao,open,target_stop_swing,1.0000,2.0000,1,3,Retorno 5D normalizado por ATR: levemente abaixo; Posicao do fechamento no candle: fechou na metade superior; Retorno acumulado 2D: neutro,"atr_return_5d,close_location_prev,prev_ret_2d",56,85.7143,0.6546,4.0548,48,6,18,88.8889,0.6667,24,91.6667,0.7500,14,71.4286,0.4756,10,100.0000,1.0000,INF,8,50.0000,-0.5000,0.5000,74.2638,4.52503e-08,0.000782767,0.3987,0.8809,PASSOU 3/3 (88%/91%/71%),1.90094e-05,647.9705,2018-01-10,2026-05-04
1,WEGE3,r11_day_r11day_WEGE3_open_tp1_0_sl2_0_cap1__3f__positive_days_5d=strong__prev_ret_2d=flat__prev_ret_5d=up_1_3,open_tp1_0_sl2_0_cap1,open -> alvo 1% / stop 2% em ate 1 pregao,open,target_stop_swing,1.0000,2.0000,1,3,Dias positivos nos ultimos 5 pregoes: 4 a 5 dias positivos em 5D; Retorno acumulado 2D: neutro; Retorno acumulado 5D: alta de 1% a 3%,"positive_days_5d,prev_ret_2d,prev_ret_5d",66,87.8788,0.6942,4.7607,58,4,26,92.3077,0.8474,8,75.0000,0.2500,32,87.5000,0.6808,10,100.0000,1.0000,INF,0,0.0000,0.0000,0.0000,77.8623,3.77892e-10,0.000782767,0.4786,0.8907,PASSOU 3/3 (92%/75%/87%),1.00502e-06,659.4052,2018-03-20,2025-12-19
2,WEGE3,r11_day_r11day_WEGE3_open_tp1_0_sl2_0_cap1__3f__close_vs_ema9=up_1_5__prev_ret_1d_z20=rel_up__range_ratio_20d=very_high,open_tp1_0_sl2_0_cap1,open -> alvo 1% / stop 2% em ate 1 pregao,open,target_stop_swing,1.0000,2.0000,1,3,Fechamento vs EMA9: acima leve; Retorno 1D em z-score 20D: acima do normal; Range vs media 20D: muito alto,"close_vs_ema9,prev_ret_1d_z20,range_ratio_20d",40,90.0000,0.7000,4.5000,36,4,20,80.0000,0.4000,8,100.0000,1.0000,12,100.0000,1.0000,12,100.0000,1.0000,INF,0,0.0000,0.0000,0.0000,76.9479,2.10372e-07,0.00026605,0.4000,0.9250,PASSOU 3/3 (80%/100%/100%),5.10116e-05,656.8684,2018-05-16,2025-12-15
3,WEGE3,r11_day_r11day_WEGE3_open_tp1_0_sl2_0_cap1__3f__day_of_week=tue__drawdown_5d=near_high__rebound_5d=reb_3_6,open_tp1_0_sl2_0_cap1,open -> alvo 1% / stop 2% em ate 1 pregao,open,target_stop_swing,1.0000,2.0000,1,3,Dia da semana: terca-feira; Queda desde maxima 5D: perto da maxima; Distancia desde minima 5D: 3% a 6% acima da minima,"day_of_week,drawdown_5d,rebound_5d",52,88.4615,0.7104,5.0767,46,4,18,88.8889,0.6667,6,66.6667,0.0000,28,92.8571,0.8907,10,100.0000,1.0000,INF,2,0.0000,-2.0000,0.0000,77.0281,1.45677e-08,0.000782767,0.4513,0.9129,PASSOU 3/3 (88%/66%/92%),1.0324e-05,656.6842,2018-01-16,2026-02-10
1,YDUQ3,r11_day_r11day_YDUQ3_open_tp2_0_sl2_0_cap1__3f__gap_filled_prev=gap_up_filled__range_position_20d=upper_band__rebound_5d=reb_6_10,open_tp2_0_sl2_0_cap1,open -> alvo 2% / stop 2% em ate 1 pregao,open,target_stop_swing,2.0000,2.0000,1,3,Gap do candle de referencia preenchido: gap de alta preenchido; Posicao no range 20D: fechou na metade superior; Distancia desde minima 5D: 6% a 10% acima da minima,"gap_filled_prev,range_position_20d,rebound_5d",32,81.2500,1.2500,4.3333,26,6,16,87.5000,1.5000,8,75.0000,1.0000,8,75.0000,1.0000,12,83.3333,1.3333,5.0000,2,100.0000,2.0000,INF,64.6905,0.000203518,0.0104606,0.6250,1.7500,PASSOU 3/3 (87%/75%/75%),0.00280542,558.5624,2018-07-06,2026-01-30
2,YDUQ3,r11_day_r11mini_YDUQ3_open_tp2_0_sl2_0_cap2__3f__gap_filled_prev=gap_up_filled__range_position_20d=upper_band__rebound_5d=reb_6_10,open_tp2_0_sl2_0_cap2,open -> alvo 2% / stop 2% em ate 2 pregoes,open,target_stop_swing,2.0000,2.0000,2,3,Gap do candle de referencia preenchido: gap de alta preenchido; Posicao no range 20D: fechou na metade superior; Distancia desde minima 5D: 6% a 10% acima da minima,"gap_filled_prev,range_position_20d,rebound_5d",32,81.2500,1.2500,4.3333,26,6,16,87.5000,1.5000,8,75.0000,1.0000,8,75.0000,1.0000,12,83.3333,1.3333,5.0000,2,100.0000,2.0000,INF,64.6905,0.000203518,0.0104606,0.6250,1.7500,PASSOU 3/3 (87%/75%/75%),0.00280542,558.5624,2018-07-06,2026-01-30
3,YDUQ3,r11_day_r11mini_YDUQ3_open_tp2_0_sl2_0_cap3__3f__gap_filled_prev=gap_up_filled__range_position_20d=upper_band__rebound_5d=reb_6_10,open_tp2_0_sl2_0_cap3,open -> alvo 2% / stop 2% em ate 3 pregoes,open,target_stop_swing,2.0000,2.0000,3,3,Gap do candle de referencia preenchido: gap de alta preenchido; Posicao no range 20D: fechou na metade superior; Distancia desde minima 5D: 6% a 10% acima da minima,"gap_filled_prev,range_position_20d,rebound_5d",32,81.2500,1.2500,4.3333,26,6,16,87.5000,1.5000,8,75.0000,1.0000,8,75.0000,1.0000,12,83.3333,1.3333,5.0000,2,100.0000,2.0000,INF,64.6905,0.000203518,0.0104606,0.6250,1.7500,PASSOU 3/3 (87%/75%/75%),0.00280542,558.5624,2018-07-06,2026-01-30
